{
  "total_pages": 14,
  "title": "AXL",
  "author": "",
  "creation_date": "",
  "page_texts": [
    {
      "page": 1,
      "char_count": 184,
      "has_content": true
    },
    {
      "page": 2,
      "char_count": 1139,
      "has_content": true
    },
    {
      "page": 3,
      "char_count": 954,
      "has_content": true
    },
    {
      "page": 4,
      "char_count": 10,
      "has_content": true
    },
    {
      "page": 5,
      "char_count": 204,
      "has_content": true
    },
    {
      "page": 6,
      "char_count": 179,
      "has_content": true
    },
    {
      "page": 7,
      "char_count": 454,
      "has_content": true
    },
    {
      "page": 8,
      "char_count": 392,
      "has_content": true
    },
    {
      "page": 9,
      "char_count": 159,
      "has_content": true
    },
    {
      "page": 10,
      "char_count": 263,
      "has_content": true
    },
    {
      "page": 11,
      "char_count": 23,
      "has_content": true
    },
    {
      "page": 12,
      "char_count": 147,
      "has_content": true
    },
    {
      "page": 13,
      "char_count": 500,
      "has_content": true
    },
    {
      "page": 14,
      "char_count": 870,
      "has_content": true
    }
  ]
}