{
  "total_pages": 30,
  "title": "Celer CF",
  "author": "",
  "creation_date": "D:20230819113841Z00'00'",
  "page_texts": [
    {
      "page": 1,
      "char_count": 365,
      "has_content": true
    },
    {
      "page": 2,
      "char_count": 1398,
      "has_content": true
    },
    {
      "page": 3,
      "char_count": 1313,
      "has_content": true
    },
    {
      "page": 4,
      "char_count": 1145,
      "has_content": true
    },
    {
      "page": 5,
      "char_count": 1034,
      "has_content": true
    },
    {
      "page": 6,
      "char_count": 985,
      "has_content": true
    },
    {
      "page": 7,
      "char_count": 1031,
      "has_content": true
    },
    {
      "page": 8,
      "char_count": 1,
      "has_content": false
    },
    {
      "page": 9,
      "char_count": 9,
      "has_content": true
    },
    {
      "page": 10,
      "char_count": 293,
      "has_content": true
    },
    {
      "page": 11,
      "char_count": 21,
      "has_content": true
    },
    {
      "page": 12,
      "char_count": 55,
      "has_content": true
    },
    {
      "page": 13,
      "char_count": 84,
      "has_content": true
    },
    {
      "page": 14,
      "char_count": 66,
      "has_content": true
    },
    {
      "page": 15,
      "char_count": 175,
      "has_content": true
    },
    {
      "page": 16,
      "char_count": 307,
      "has_content": true
    },
    {
      "page": 17,
      "char_count": 1,
      "has_content": false
    },
    {
      "page": 18,
      "char_count": 87,
      "has_content": true
    },
    {
      "page": 19,
      "char_count": 531,
      "has_content": true
    },
    {
      "page": 20,
      "char_count": 1,
      "has_content": false
    },
    {
      "page": 21,
      "char_count": 118,
      "has_content": true
    },
    {
      "page": 22,
      "char_count": 23,
      "has_content": true
    },
    {
      "page": 23,
      "char_count": 56,
      "has_content": true
    },
    {
      "page": 24,
      "char_count": 74,
      "has_content": true
    },
    {
      "page": 25,
      "char_count": 525,
      "has_content": true
    },
    {
      "page": 26,
      "char_count": 276,
      "has_content": true
    },
    {
      "page": 27,
      "char_count": 151,
      "has_content": true
    },
    {
      "page": 28,
      "char_count": 575,
      "has_content": true
    },
    {
      "page": 29,
      "char_count": 925,
      "has_content": true
    },
    {
      "page": 30,
      "char_count": 158,
      "has_content": true
    }
  ]
}