{
  "total_pages": 38,
  "title": "CF  AVAX ",
  "author": "",
  "creation_date": "D:20250602151507Z00'00'",
  "page_texts": [
    {
      "page": 1,
      "char_count": 2446,
      "has_content": true
    },
    {
      "page": 2,
      "char_count": 3710,
      "has_content": true
    },
    {
      "page": 3,
      "char_count": 3730,
      "has_content": true
    },
    {
      "page": 4,
      "char_count": 3071,
      "has_content": true
    },
    {
      "page": 5,
      "char_count": 3319,
      "has_content": true
    },
    {
      "page": 6,
      "char_count": 3722,
      "has_content": true
    },
    {
      "page": 7,
      "char_count": 3068,
      "has_content": true
    },
    {
      "page": 8,
      "char_count": 3292,
      "has_content": true
    },
    {
      "page": 9,
      "char_count": 3653,
      "has_content": true
    },
    {
      "page": 10,
      "char_count": 3276,
      "has_content": true
    },
    {
      "page": 11,
      "char_count": 3535,
      "has_content": true
    },
    {
      "page": 12,
      "char_count": 3592,
      "has_content": true
    },
    {
      "page": 13,
      "char_count": 3275,
      "has_content": true
    },
    {
      "page": 14,
      "char_count": 3187,
      "has_content": true
    },
    {
      "page": 15,
      "char_count": 3538,
      "has_content": true
    },
    {
      "page": 16,
      "char_count": 3006,
      "has_content": true
    },
    {
      "page": 17,
      "char_count": 3110,
      "has_content": true
    },
    {
      "page": 18,
      "char_count": 3501,
      "has_content": true
    },
    {
      "page": 19,
      "char_count": 2872,
      "has_content": true
    },
    {
      "page": 20,
      "char_count": 3025,
      "has_content": true
    },
    {
      "page": 21,
      "char_count": 3289,
      "has_content": true
    },
    {
      "page": 22,
      "char_count": 2804,
      "has_content": true
    },
    {
      "page": 23,
      "char_count": 3041,
      "has_content": true
    },
    {
      "page": 24,
      "char_count": 3363,
      "has_content": true
    },
    {
      "page": 25,
      "char_count": 3164,
      "has_content": true
    },
    {
      "page": 26,
      "char_count": 3352,
      "has_content": true
    },
    {
      "page": 27,
      "char_count": 2682,
      "has_content": true
    },
    {
      "page": 28,
      "char_count": 3479,
      "has_content": true
    },
    {
      "page": 29,
      "char_count": 2901,
      "has_content": true
    },
    {
      "page": 30,
      "char_count": 2671,
      "has_content": true
    },
    {
      "page": 31,
      "char_count": 3154,
      "has_content": true
    },
    {
      "page": 32,
      "char_count": 3532,
      "has_content": true
    },
    {
      "page": 33,
      "char_count": 3162,
      "has_content": true
    },
    {
      "page": 34,
      "char_count": 3310,
      "has_content": true
    },
    {
      "page": 35,
      "char_count": 3299,
      "has_content": true
    },
    {
      "page": 36,
      "char_count": 3789,
      "has_content": true
    },
    {
      "page": 37,
      "char_count": 3453,
      "has_content": true
    },
    {
      "page": 38,
      "char_count": 2959,
      "has_content": true
    }
  ]
}