{
  "total_pages": 5,
  "title": "CF ATH AETHIR ",
  "author": "",
  "creation_date": "D:20250507114006Z00'00'",
  "page_texts": [
    {
      "page": 1,
      "char_count": 3610,
      "has_content": true
    },
    {
      "page": 2,
      "char_count": 3437,
      "has_content": true
    },
    {
      "page": 3,
      "char_count": 3956,
      "has_content": true
    },
    {
      "page": 4,
      "char_count": 3914,
      "has_content": true
    },
    {
      "page": 5,
      "char_count": 2276,
      "has_content": true
    }
  ]
}