{
  "total_pages": 41,
  "title": "CF ARKHAM 03-25",
  "author": "",
  "creation_date": "D:20250320113801Z00'00'",
  "page_texts": [
    {
      "page": 1,
      "char_count": 2179,
      "has_content": true
    },
    {
      "page": 2,
      "char_count": 2611,
      "has_content": true
    },
    {
      "page": 3,
      "char_count": 2539,
      "has_content": true
    },
    {
      "page": 4,
      "char_count": 2367,
      "has_content": true
    },
    {
      "page": 5,
      "char_count": 2641,
      "has_content": true
    },
    {
      "page": 6,
      "char_count": 2838,
      "has_content": true
    },
    {
      "page": 7,
      "char_count": 2815,
      "has_content": true
    },
    {
      "page": 8,
      "char_count": 3037,
      "has_content": true
    },
    {
      "page": 9,
      "char_count": 2431,
      "has_content": true
    },
    {
      "page": 10,
      "char_count": 2753,
      "has_content": true
    },
    {
      "page": 11,
      "char_count": 2726,
      "has_content": true
    },
    {
      "page": 12,
      "char_count": 2732,
      "has_content": true
    },
    {
      "page": 13,
      "char_count": 2672,
      "has_content": true
    },
    {
      "page": 14,
      "char_count": 2641,
      "has_content": true
    },
    {
      "page": 15,
      "char_count": 2521,
      "has_content": true
    },
    {
      "page": 16,
      "char_count": 2327,
      "has_content": true
    },
    {
      "page": 17,
      "char_count": 2590,
      "has_content": true
    },
    {
      "page": 18,
      "char_count": 2721,
      "has_content": true
    },
    {
      "page": 19,
      "char_count": 3162,
      "has_content": true
    },
    {
      "page": 20,
      "char_count": 2208,
      "has_content": true
    },
    {
      "page": 21,
      "char_count": 2098,
      "has_content": true
    },
    {
      "page": 22,
      "char_count": 2969,
      "has_content": true
    },
    {
      "page": 23,
      "char_count": 2867,
      "has_content": true
    },
    {
      "page": 24,
      "char_count": 3156,
      "has_content": true
    },
    {
      "page": 25,
      "char_count": 3558,
      "has_content": true
    },
    {
      "page": 26,
      "char_count": 2903,
      "has_content": true
    },
    {
      "page": 27,
      "char_count": 3236,
      "has_content": true
    },
    {
      "page": 28,
      "char_count": 3126,
      "has_content": true
    },
    {
      "page": 29,
      "char_count": 3146,
      "has_content": true
    },
    {
      "page": 30,
      "char_count": 2763,
      "has_content": true
    },
    {
      "page": 31,
      "char_count": 3085,
      "has_content": true
    },
    {
      "page": 32,
      "char_count": 3116,
      "has_content": true
    },
    {
      "page": 33,
      "char_count": 3087,
      "has_content": true
    },
    {
      "page": 34,
      "char_count": 3457,
      "has_content": true
    },
    {
      "page": 35,
      "char_count": 3441,
      "has_content": true
    },
    {
      "page": 36,
      "char_count": 3397,
      "has_content": true
    },
    {
      "page": 37,
      "char_count": 3109,
      "has_content": true
    },
    {
      "page": 38,
      "char_count": 3372,
      "has_content": true
    },
    {
      "page": 39,
      "char_count": 3192,
      "has_content": true
    },
    {
      "page": 40,
      "char_count": 3588,
      "has_content": true
    },
    {
      "page": 41,
      "char_count": 2379,
      "has_content": true
    }
  ]
}