{
  "total_pages": 52,
  "title": "CF AAVE",
  "author": "",
  "creation_date": "D:20250627151048Z00'00'",
  "page_texts": [
    {
      "page": 1,
      "char_count": 2829,
      "has_content": true
    },
    {
      "page": 2,
      "char_count": 3321,
      "has_content": true
    },
    {
      "page": 3,
      "char_count": 3146,
      "has_content": true
    },
    {
      "page": 4,
      "char_count": 3353,
      "has_content": true
    },
    {
      "page": 5,
      "char_count": 3247,
      "has_content": true
    },
    {
      "page": 6,
      "char_count": 3385,
      "has_content": true
    },
    {
      "page": 7,
      "char_count": 3360,
      "has_content": true
    },
    {
      "page": 8,
      "char_count": 3567,
      "has_content": true
    },
    {
      "page": 9,
      "char_count": 3274,
      "has_content": true
    },
    {
      "page": 10,
      "char_count": 3472,
      "has_content": true
    },
    {
      "page": 11,
      "char_count": 3458,
      "has_content": true
    },
    {
      "page": 12,
      "char_count": 3475,
      "has_content": true
    },
    {
      "page": 13,
      "char_count": 2890,
      "has_content": true
    },
    {
      "page": 14,
      "char_count": 2733,
      "has_content": true
    },
    {
      "page": 15,
      "char_count": 3252,
      "has_content": true
    },
    {
      "page": 16,
      "char_count": 2584,
      "has_content": true
    },
    {
      "page": 17,
      "char_count": 3110,
      "has_content": true
    },
    {
      "page": 18,
      "char_count": 2742,
      "has_content": true
    },
    {
      "page": 19,
      "char_count": 3351,
      "has_content": true
    },
    {
      "page": 20,
      "char_count": 3220,
      "has_content": true
    },
    {
      "page": 21,
      "char_count": 2930,
      "has_content": true
    },
    {
      "page": 22,
      "char_count": 3037,
      "has_content": true
    },
    {
      "page": 23,
      "char_count": 3028,
      "has_content": true
    },
    {
      "page": 24,
      "char_count": 3458,
      "has_content": true
    },
    {
      "page": 25,
      "char_count": 3422,
      "has_content": true
    },
    {
      "page": 26,
      "char_count": 2474,
      "has_content": true
    },
    {
      "page": 27,
      "char_count": 2953,
      "has_content": true
    },
    {
      "page": 28,
      "char_count": 3217,
      "has_content": true
    },
    {
      "page": 29,
      "char_count": 3354,
      "has_content": true
    },
    {
      "page": 30,
      "char_count": 2927,
      "has_content": true
    },
    {
      "page": 31,
      "char_count": 2916,
      "has_content": true
    },
    {
      "page": 32,
      "char_count": 3302,
      "has_content": true
    },
    {
      "page": 33,
      "char_count": 3018,
      "has_content": true
    },
    {
      "page": 34,
      "char_count": 2699,
      "has_content": true
    },
    {
      "page": 35,
      "char_count": 2747,
      "has_content": true
    },
    {
      "page": 36,
      "char_count": 2534,
      "has_content": true
    },
    {
      "page": 37,
      "char_count": 2630,
      "has_content": true
    },
    {
      "page": 38,
      "char_count": 2666,
      "has_content": true
    },
    {
      "page": 39,
      "char_count": 2031,
      "has_content": true
    },
    {
      "page": 40,
      "char_count": 1969,
      "has_content": true
    },
    {
      "page": 41,
      "char_count": 2777,
      "has_content": true
    },
    {
      "page": 42,
      "char_count": 2227,
      "has_content": true
    },
    {
      "page": 43,
      "char_count": 2304,
      "has_content": true
    },
    {
      "page": 44,
      "char_count": 2601,
      "has_content": true
    },
    {
      "page": 45,
      "char_count": 2479,
      "has_content": true
    },
    {
      "page": 46,
      "char_count": 2155,
      "has_content": true
    },
    {
      "page": 47,
      "char_count": 2206,
      "has_content": true
    },
    {
      "page": 48,
      "char_count": 2508,
      "has_content": true
    },
    {
      "page": 49,
      "char_count": 3216,
      "has_content": true
    },
    {
      "page": 50,
      "char_count": 3479,
      "has_content": true
    },
    {
      "page": 51,
      "char_count": 3668,
      "has_content": true
    },
    {
      "page": 52,
      "char_count": 3191,
      "has_content": true
    }
  ]
}