{
  "total_pages": 38,
  "title": "CF AKASH ",
  "author": "",
  "creation_date": "D:20250626110655Z00'00'",
  "page_texts": [
    {
      "page": 1,
      "char_count": 2886,
      "has_content": true
    },
    {
      "page": 2,
      "char_count": 3537,
      "has_content": true
    },
    {
      "page": 3,
      "char_count": 3390,
      "has_content": true
    },
    {
      "page": 4,
      "char_count": 3092,
      "has_content": true
    },
    {
      "page": 5,
      "char_count": 3171,
      "has_content": true
    },
    {
      "page": 6,
      "char_count": 3296,
      "has_content": true
    },
    {
      "page": 7,
      "char_count": 3512,
      "has_content": true
    },
    {
      "page": 8,
      "char_count": 3915,
      "has_content": true
    },
    {
      "page": 9,
      "char_count": 3417,
      "has_content": true
    },
    {
      "page": 10,
      "char_count": 2980,
      "has_content": true
    },
    {
      "page": 11,
      "char_count": 3280,
      "has_content": true
    },
    {
      "page": 12,
      "char_count": 3232,
      "has_content": true
    },
    {
      "page": 13,
      "char_count": 3113,
      "has_content": true
    },
    {
      "page": 14,
      "char_count": 3411,
      "has_content": true
    },
    {
      "page": 15,
      "char_count": 3440,
      "has_content": true
    },
    {
      "page": 16,
      "char_count": 2914,
      "has_content": true
    },
    {
      "page": 17,
      "char_count": 2600,
      "has_content": true
    },
    {
      "page": 18,
      "char_count": 3329,
      "has_content": true
    },
    {
      "page": 19,
      "char_count": 3451,
      "has_content": true
    },
    {
      "page": 20,
      "char_count": 3468,
      "has_content": true
    },
    {
      "page": 21,
      "char_count": 3692,
      "has_content": true
    },
    {
      "page": 22,
      "char_count": 3122,
      "has_content": true
    },
    {
      "page": 23,
      "char_count": 3269,
      "has_content": true
    },
    {
      "page": 24,
      "char_count": 3449,
      "has_content": true
    },
    {
      "page": 25,
      "char_count": 3346,
      "has_content": true
    },
    {
      "page": 26,
      "char_count": 3380,
      "has_content": true
    },
    {
      "page": 27,
      "char_count": 2903,
      "has_content": true
    },
    {
      "page": 28,
      "char_count": 2396,
      "has_content": true
    },
    {
      "page": 29,
      "char_count": 2861,
      "has_content": true
    },
    {
      "page": 30,
      "char_count": 2265,
      "has_content": true
    },
    {
      "page": 31,
      "char_count": 2849,
      "has_content": true
    },
    {
      "page": 32,
      "char_count": 3171,
      "has_content": true
    },
    {
      "page": 33,
      "char_count": 3097,
      "has_content": true
    },
    {
      "page": 34,
      "char_count": 2423,
      "has_content": true
    },
    {
      "page": 35,
      "char_count": 2370,
      "has_content": true
    },
    {
      "page": 36,
      "char_count": 3033,
      "has_content": true
    },
    {
      "page": 37,
      "char_count": 3456,
      "has_content": true
    },
    {
      "page": 38,
      "char_count": 969,
      "has_content": true
    }
  ]
}