{
  "total_pages": 34,
  "title": "CF ALEO 01-25",
  "author": "",
  "creation_date": "D:20250301110936Z00'00'",
  "page_texts": [
    {
      "page": 1,
      "char_count": 2504,
      "has_content": true
    },
    {
      "page": 2,
      "char_count": 2223,
      "has_content": true
    },
    {
      "page": 3,
      "char_count": 2668,
      "has_content": true
    },
    {
      "page": 4,
      "char_count": 2183,
      "has_content": true
    },
    {
      "page": 5,
      "char_count": 2360,
      "has_content": true
    },
    {
      "page": 6,
      "char_count": 2264,
      "has_content": true
    },
    {
      "page": 7,
      "char_count": 2366,
      "has_content": true
    },
    {
      "page": 8,
      "char_count": 2415,
      "has_content": true
    },
    {
      "page": 9,
      "char_count": 3043,
      "has_content": true
    },
    {
      "page": 10,
      "char_count": 2703,
      "has_content": true
    },
    {
      "page": 11,
      "char_count": 2618,
      "has_content": true
    },
    {
      "page": 12,
      "char_count": 2250,
      "has_content": true
    },
    {
      "page": 13,
      "char_count": 2495,
      "has_content": true
    },
    {
      "page": 14,
      "char_count": 2404,
      "has_content": true
    },
    {
      "page": 15,
      "char_count": 3033,
      "has_content": true
    },
    {
      "page": 16,
      "char_count": 2902,
      "has_content": true
    },
    {
      "page": 17,
      "char_count": 2949,
      "has_content": true
    },
    {
      "page": 18,
      "char_count": 3206,
      "has_content": true
    },
    {
      "page": 19,
      "char_count": 2172,
      "has_content": true
    },
    {
      "page": 20,
      "char_count": 2754,
      "has_content": true
    },
    {
      "page": 21,
      "char_count": 2475,
      "has_content": true
    },
    {
      "page": 22,
      "char_count": 3039,
      "has_content": true
    },
    {
      "page": 23,
      "char_count": 3390,
      "has_content": true
    },
    {
      "page": 24,
      "char_count": 3014,
      "has_content": true
    },
    {
      "page": 25,
      "char_count": 3254,
      "has_content": true
    },
    {
      "page": 26,
      "char_count": 2870,
      "has_content": true
    },
    {
      "page": 27,
      "char_count": 3097,
      "has_content": true
    },
    {
      "page": 28,
      "char_count": 2952,
      "has_content": true
    },
    {
      "page": 29,
      "char_count": 2573,
      "has_content": true
    },
    {
      "page": 30,
      "char_count": 2817,
      "has_content": true
    },
    {
      "page": 31,
      "char_count": 3286,
      "has_content": true
    },
    {
      "page": 32,
      "char_count": 3592,
      "has_content": true
    },
    {
      "page": 33,
      "char_count": 3300,
      "has_content": true
    },
    {
      "page": 34,
      "char_count": 2207,
      "has_content": true
    }
  ]
}