{
  "total_pages": 28,
  "title": "CF Autowhale",
  "author": "",
  "creation_date": "D:20250523143758Z00'00'",
  "page_texts": [
    {
      "page": 1,
      "char_count": 3148,
      "has_content": true
    },
    {
      "page": 2,
      "char_count": 3402,
      "has_content": true
    },
    {
      "page": 3,
      "char_count": 3379,
      "has_content": true
    },
    {
      "page": 4,
      "char_count": 3384,
      "has_content": true
    },
    {
      "page": 5,
      "char_count": 3529,
      "has_content": true
    },
    {
      "page": 6,
      "char_count": 3491,
      "has_content": true
    },
    {
      "page": 7,
      "char_count": 3311,
      "has_content": true
    },
    {
      "page": 8,
      "char_count": 3040,
      "has_content": true
    },
    {
      "page": 9,
      "char_count": 3539,
      "has_content": true
    },
    {
      "page": 10,
      "char_count": 3308,
      "has_content": true
    },
    {
      "page": 11,
      "char_count": 3570,
      "has_content": true
    },
    {
      "page": 12,
      "char_count": 3427,
      "has_content": true
    },
    {
      "page": 13,
      "char_count": 3365,
      "has_content": true
    },
    {
      "page": 14,
      "char_count": 3355,
      "has_content": true
    },
    {
      "page": 15,
      "char_count": 3367,
      "has_content": true
    },
    {
      "page": 16,
      "char_count": 3391,
      "has_content": true
    },
    {
      "page": 17,
      "char_count": 3157,
      "has_content": true
    },
    {
      "page": 18,
      "char_count": 3222,
      "has_content": true
    },
    {
      "page": 19,
      "char_count": 3131,
      "has_content": true
    },
    {
      "page": 20,
      "char_count": 2897,
      "has_content": true
    },
    {
      "page": 21,
      "char_count": 3531,
      "has_content": true
    },
    {
      "page": 22,
      "char_count": 2856,
      "has_content": true
    },
    {
      "page": 23,
      "char_count": 2785,
      "has_content": true
    },
    {
      "page": 24,
      "char_count": 2617,
      "has_content": true
    },
    {
      "page": 25,
      "char_count": 3289,
      "has_content": true
    },
    {
      "page": 26,
      "char_count": 3471,
      "has_content": true
    },
    {
      "page": 27,
      "char_count": 3046,
      "has_content": true
    },
    {
      "page": 28,
      "char_count": 337,
      "has_content": true
    }
  ]
}