{
  "total_pages": 22,
  "title": "CF APTOS ",
  "author": "",
  "creation_date": "D:20231028134855Z00'00'",
  "page_texts": [
    {
      "page": 1,
      "char_count": 671,
      "has_content": true
    },
    {
      "page": 2,
      "char_count": 995,
      "has_content": true
    },
    {
      "page": 3,
      "char_count": 918,
      "has_content": true
    },
    {
      "page": 4,
      "char_count": 1210,
      "has_content": true
    },
    {
      "page": 5,
      "char_count": 913,
      "has_content": true
    },
    {
      "page": 6,
      "char_count": 8,
      "has_content": true
    },
    {
      "page": 7,
      "char_count": 627,
      "has_content": true
    },
    {
      "page": 8,
      "char_count": 77,
      "has_content": true
    },
    {
      "page": 9,
      "char_count": 105,
      "has_content": true
    },
    {
      "page": 10,
      "char_count": 135,
      "has_content": true
    },
    {
      "page": 11,
      "char_count": 626,
      "has_content": true
    },
    {
      "page": 12,
      "char_count": 315,
      "has_content": true
    },
    {
      "page": 13,
      "char_count": 362,
      "has_content": true
    },
    {
      "page": 14,
      "char_count": 354,
      "has_content": true
    },
    {
      "page": 15,
      "char_count": 178,
      "has_content": true
    },
    {
      "page": 16,
      "char_count": 698,
      "has_content": true
    },
    {
      "page": 17,
      "char_count": 528,
      "has_content": true
    },
    {
      "page": 18,
      "char_count": 291,
      "has_content": true
    },
    {
      "page": 19,
      "char_count": 1,
      "has_content": false
    },
    {
      "page": 20,
      "char_count": 530,
      "has_content": true
    },
    {
      "page": 21,
      "char_count": 948,
      "has_content": true
    },
    {
      "page": 22,
      "char_count": 176,
      "has_content": true
    }
  ]
}