{
  "total_pages": 47,
  "title": "CF ABSTRACT ",
  "author": "",
  "creation_date": "D:20250619095026Z00'00'",
  "page_texts": [
    {
      "page": 1,
      "char_count": 2903,
      "has_content": true
    },
    {
      "page": 2,
      "char_count": 3257,
      "has_content": true
    },
    {
      "page": 3,
      "char_count": 3416,
      "has_content": true
    },
    {
      "page": 4,
      "char_count": 3346,
      "has_content": true
    },
    {
      "page": 5,
      "char_count": 3580,
      "has_content": true
    },
    {
      "page": 6,
      "char_count": 3712,
      "has_content": true
    },
    {
      "page": 7,
      "char_count": 3342,
      "has_content": true
    },
    {
      "page": 8,
      "char_count": 3756,
      "has_content": true
    },
    {
      "page": 9,
      "char_count": 3643,
      "has_content": true
    },
    {
      "page": 10,
      "char_count": 3456,
      "has_content": true
    },
    {
      "page": 11,
      "char_count": 3282,
      "has_content": true
    },
    {
      "page": 12,
      "char_count": 3209,
      "has_content": true
    },
    {
      "page": 13,
      "char_count": 3498,
      "has_content": true
    },
    {
      "page": 14,
      "char_count": 2963,
      "has_content": true
    },
    {
      "page": 15,
      "char_count": 3554,
      "has_content": true
    },
    {
      "page": 16,
      "char_count": 3040,
      "has_content": true
    },
    {
      "page": 17,
      "char_count": 3244,
      "has_content": true
    },
    {
      "page": 18,
      "char_count": 3270,
      "has_content": true
    },
    {
      "page": 19,
      "char_count": 3697,
      "has_content": true
    },
    {
      "page": 20,
      "char_count": 3677,
      "has_content": true
    },
    {
      "page": 21,
      "char_count": 3011,
      "has_content": true
    },
    {
      "page": 22,
      "char_count": 2769,
      "has_content": true
    },
    {
      "page": 23,
      "char_count": 3286,
      "has_content": true
    },
    {
      "page": 24,
      "char_count": 3230,
      "has_content": true
    },
    {
      "page": 25,
      "char_count": 3164,
      "has_content": true
    },
    {
      "page": 26,
      "char_count": 3416,
      "has_content": true
    },
    {
      "page": 27,
      "char_count": 3241,
      "has_content": true
    },
    {
      "page": 28,
      "char_count": 2749,
      "has_content": true
    },
    {
      "page": 29,
      "char_count": 3134,
      "has_content": true
    },
    {
      "page": 30,
      "char_count": 3135,
      "has_content": true
    },
    {
      "page": 31,
      "char_count": 3032,
      "has_content": true
    },
    {
      "page": 32,
      "char_count": 2797,
      "has_content": true
    },
    {
      "page": 33,
      "char_count": 3012,
      "has_content": true
    },
    {
      "page": 34,
      "char_count": 2560,
      "has_content": true
    },
    {
      "page": 35,
      "char_count": 2486,
      "has_content": true
    },
    {
      "page": 36,
      "char_count": 3486,
      "has_content": true
    },
    {
      "page": 37,
      "char_count": 2830,
      "has_content": true
    },
    {
      "page": 38,
      "char_count": 2587,
      "has_content": true
    },
    {
      "page": 39,
      "char_count": 3519,
      "has_content": true
    },
    {
      "page": 40,
      "char_count": 3646,
      "has_content": true
    },
    {
      "page": 41,
      "char_count": 3286,
      "has_content": true
    },
    {
      "page": 42,
      "char_count": 3120,
      "has_content": true
    },
    {
      "page": 43,
      "char_count": 2944,
      "has_content": true
    },
    {
      "page": 44,
      "char_count": 3442,
      "has_content": true
    },
    {
      "page": 45,
      "char_count": 3701,
      "has_content": true
    },
    {
      "page": 46,
      "char_count": 3725,
      "has_content": true
    },
    {
      "page": 47,
      "char_count": 3457,
      "has_content": true
    }
  ]
}