{
  "total_pages": 40,
  "title": "CF APTOS  001",
  "author": "",
  "creation_date": "D:20250508165522Z00'00'",
  "page_texts": [
    {
      "page": 1,
      "char_count": 2918,
      "has_content": true
    },
    {
      "page": 2,
      "char_count": 3843,
      "has_content": true
    },
    {
      "page": 3,
      "char_count": 3388,
      "has_content": true
    },
    {
      "page": 4,
      "char_count": 3743,
      "has_content": true
    },
    {
      "page": 5,
      "char_count": 3297,
      "has_content": true
    },
    {
      "page": 6,
      "char_count": 3421,
      "has_content": true
    },
    {
      "page": 7,
      "char_count": 3540,
      "has_content": true
    },
    {
      "page": 8,
      "char_count": 3670,
      "has_content": true
    },
    {
      "page": 9,
      "char_count": 3524,
      "has_content": true
    },
    {
      "page": 10,
      "char_count": 3253,
      "has_content": true
    },
    {
      "page": 11,
      "char_count": 3121,
      "has_content": true
    },
    {
      "page": 12,
      "char_count": 2990,
      "has_content": true
    },
    {
      "page": 13,
      "char_count": 3448,
      "has_content": true
    },
    {
      "page": 14,
      "char_count": 3434,
      "has_content": true
    },
    {
      "page": 15,
      "char_count": 2913,
      "has_content": true
    },
    {
      "page": 16,
      "char_count": 3221,
      "has_content": true
    },
    {
      "page": 17,
      "char_count": 3462,
      "has_content": true
    },
    {
      "page": 18,
      "char_count": 3232,
      "has_content": true
    },
    {
      "page": 19,
      "char_count": 3093,
      "has_content": true
    },
    {
      "page": 20,
      "char_count": 3236,
      "has_content": true
    },
    {
      "page": 21,
      "char_count": 3621,
      "has_content": true
    },
    {
      "page": 22,
      "char_count": 3702,
      "has_content": true
    },
    {
      "page": 23,
      "char_count": 3342,
      "has_content": true
    },
    {
      "page": 24,
      "char_count": 3577,
      "has_content": true
    },
    {
      "page": 25,
      "char_count": 3332,
      "has_content": true
    },
    {
      "page": 26,
      "char_count": 3044,
      "has_content": true
    },
    {
      "page": 27,
      "char_count": 3299,
      "has_content": true
    },
    {
      "page": 28,
      "char_count": 3366,
      "has_content": true
    },
    {
      "page": 29,
      "char_count": 3298,
      "has_content": true
    },
    {
      "page": 30,
      "char_count": 2726,
      "has_content": true
    },
    {
      "page": 31,
      "char_count": 2916,
      "has_content": true
    },
    {
      "page": 32,
      "char_count": 2687,
      "has_content": true
    },
    {
      "page": 33,
      "char_count": 2832,
      "has_content": true
    },
    {
      "page": 34,
      "char_count": 3413,
      "has_content": true
    },
    {
      "page": 35,
      "char_count": 3351,
      "has_content": true
    },
    {
      "page": 36,
      "char_count": 3488,
      "has_content": true
    },
    {
      "page": 37,
      "char_count": 3512,
      "has_content": true
    },
    {
      "page": 38,
      "char_count": 1716,
      "has_content": true
    },
    {
      "page": 39,
      "char_count": 2674,
      "has_content": true
    },
    {
      "page": 40,
      "char_count": 2857,
      "has_content": true
    }
  ]
}