{
  "total_pages": 17,
  "title": "CF ARK ",
  "author": "",
  "creation_date": "D:20250602153249Z00'00'",
  "page_texts": [
    {
      "page": 1,
      "char_count": 2797,
      "has_content": true
    },
    {
      "page": 2,
      "char_count": 3967,
      "has_content": true
    },
    {
      "page": 3,
      "char_count": 3384,
      "has_content": true
    },
    {
      "page": 4,
      "char_count": 3296,
      "has_content": true
    },
    {
      "page": 5,
      "char_count": 3260,
      "has_content": true
    },
    {
      "page": 6,
      "char_count": 3578,
      "has_content": true
    },
    {
      "page": 7,
      "char_count": 3456,
      "has_content": true
    },
    {
      "page": 8,
      "char_count": 3655,
      "has_content": true
    },
    {
      "page": 9,
      "char_count": 3755,
      "has_content": true
    },
    {
      "page": 10,
      "char_count": 3810,
      "has_content": true
    },
    {
      "page": 11,
      "char_count": 3693,
      "has_content": true
    },
    {
      "page": 12,
      "char_count": 3567,
      "has_content": true
    },
    {
      "page": 13,
      "char_count": 3745,
      "has_content": true
    },
    {
      "page": 14,
      "char_count": 3348,
      "has_content": true
    },
    {
      "page": 15,
      "char_count": 3202,
      "has_content": true
    },
    {
      "page": 16,
      "char_count": 3607,
      "has_content": true
    },
    {
      "page": 17,
      "char_count": 966,
      "has_content": true
    }
  ]
}