{
  "total_pages": 30,
  "title": "CF AEVO ",
  "author": "",
  "creation_date": "D:20250319093510Z00'00'",
  "page_texts": [
    {
      "page": 1,
      "char_count": 2168,
      "has_content": true
    },
    {
      "page": 2,
      "char_count": 2229,
      "has_content": true
    },
    {
      "page": 3,
      "char_count": 2674,
      "has_content": true
    },
    {
      "page": 4,
      "char_count": 2369,
      "has_content": true
    },
    {
      "page": 5,
      "char_count": 2468,
      "has_content": true
    },
    {
      "page": 6,
      "char_count": 2855,
      "has_content": true
    },
    {
      "page": 7,
      "char_count": 2287,
      "has_content": true
    },
    {
      "page": 8,
      "char_count": 3515,
      "has_content": true
    },
    {
      "page": 9,
      "char_count": 2972,
      "has_content": true
    },
    {
      "page": 10,
      "char_count": 2680,
      "has_content": true
    },
    {
      "page": 11,
      "char_count": 2940,
      "has_content": true
    },
    {
      "page": 12,
      "char_count": 2376,
      "has_content": true
    },
    {
      "page": 13,
      "char_count": 3061,
      "has_content": true
    },
    {
      "page": 14,
      "char_count": 2825,
      "has_content": true
    },
    {
      "page": 15,
      "char_count": 3146,
      "has_content": true
    },
    {
      "page": 16,
      "char_count": 2761,
      "has_content": true
    },
    {
      "page": 17,
      "char_count": 2597,
      "has_content": true
    },
    {
      "page": 18,
      "char_count": 2170,
      "has_content": true
    },
    {
      "page": 19,
      "char_count": 3065,
      "has_content": true
    },
    {
      "page": 20,
      "char_count": 2937,
      "has_content": true
    },
    {
      "page": 21,
      "char_count": 3331,
      "has_content": true
    },
    {
      "page": 22,
      "char_count": 3456,
      "has_content": true
    },
    {
      "page": 23,
      "char_count": 2757,
      "has_content": true
    },
    {
      "page": 24,
      "char_count": 3077,
      "has_content": true
    },
    {
      "page": 25,
      "char_count": 2604,
      "has_content": true
    },
    {
      "page": 26,
      "char_count": 3296,
      "has_content": true
    },
    {
      "page": 27,
      "char_count": 2695,
      "has_content": true
    },
    {
      "page": 28,
      "char_count": 3424,
      "has_content": true
    },
    {
      "page": 29,
      "char_count": 3631,
      "has_content": true
    },
    {
      "page": 30,
      "char_count": 136,
      "has_content": true
    }
  ]
}