{
  "total_pages": 24,
  "title": "CF Avax 03-25",
  "author": "",
  "creation_date": "D:20250319070558Z00'00'",
  "page_texts": [
    {
      "page": 1,
      "char_count": 2415,
      "has_content": true
    },
    {
      "page": 2,
      "char_count": 1124,
      "has_content": true
    },
    {
      "page": 3,
      "char_count": 2471,
      "has_content": true
    },
    {
      "page": 4,
      "char_count": 2535,
      "has_content": true
    },
    {
      "page": 5,
      "char_count": 2878,
      "has_content": true
    },
    {
      "page": 6,
      "char_count": 2522,
      "has_content": true
    },
    {
      "page": 7,
      "char_count": 3049,
      "has_content": true
    },
    {
      "page": 8,
      "char_count": 3217,
      "has_content": true
    },
    {
      "page": 9,
      "char_count": 3028,
      "has_content": true
    },
    {
      "page": 10,
      "char_count": 2612,
      "has_content": true
    },
    {
      "page": 11,
      "char_count": 3076,
      "has_content": true
    },
    {
      "page": 12,
      "char_count": 2858,
      "has_content": true
    },
    {
      "page": 13,
      "char_count": 2705,
      "has_content": true
    },
    {
      "page": 14,
      "char_count": 2804,
      "has_content": true
    },
    {
      "page": 15,
      "char_count": 2516,
      "has_content": true
    },
    {
      "page": 16,
      "char_count": 2942,
      "has_content": true
    },
    {
      "page": 17,
      "char_count": 3038,
      "has_content": true
    },
    {
      "page": 18,
      "char_count": 3659,
      "has_content": true
    },
    {
      "page": 19,
      "char_count": 3103,
      "has_content": true
    },
    {
      "page": 20,
      "char_count": 2847,
      "has_content": true
    },
    {
      "page": 21,
      "char_count": 3495,
      "has_content": true
    },
    {
      "page": 22,
      "char_count": 3139,
      "has_content": true
    },
    {
      "page": 23,
      "char_count": 3466,
      "has_content": true
    },
    {
      "page": 24,
      "char_count": 2788,
      "has_content": true
    }
  ]
}