{
  "total_pages": 25,
  "title": "CF APE CHAIN ",
  "author": "",
  "creation_date": "D:20250305125745Z00'00'",
  "page_texts": [
    {
      "page": 1,
      "char_count": 2855,
      "has_content": true
    },
    {
      "page": 2,
      "char_count": 3735,
      "has_content": true
    },
    {
      "page": 3,
      "char_count": 3776,
      "has_content": true
    },
    {
      "page": 4,
      "char_count": 2991,
      "has_content": true
    },
    {
      "page": 5,
      "char_count": 3492,
      "has_content": true
    },
    {
      "page": 6,
      "char_count": 3696,
      "has_content": true
    },
    {
      "page": 7,
      "char_count": 3637,
      "has_content": true
    },
    {
      "page": 8,
      "char_count": 3184,
      "has_content": true
    },
    {
      "page": 9,
      "char_count": 4000,
      "has_content": true
    },
    {
      "page": 10,
      "char_count": 3973,
      "has_content": true
    },
    {
      "page": 11,
      "char_count": 3910,
      "has_content": true
    },
    {
      "page": 12,
      "char_count": 3807,
      "has_content": true
    },
    {
      "page": 13,
      "char_count": 3265,
      "has_content": true
    },
    {
      "page": 14,
      "char_count": 3577,
      "has_content": true
    },
    {
      "page": 15,
      "char_count": 3539,
      "has_content": true
    },
    {
      "page": 16,
      "char_count": 3211,
      "has_content": true
    },
    {
      "page": 17,
      "char_count": 3473,
      "has_content": true
    },
    {
      "page": 18,
      "char_count": 3337,
      "has_content": true
    },
    {
      "page": 19,
      "char_count": 3426,
      "has_content": true
    },
    {
      "page": 20,
      "char_count": 3404,
      "has_content": true
    },
    {
      "page": 21,
      "char_count": 3564,
      "has_content": true
    },
    {
      "page": 22,
      "char_count": 3789,
      "has_content": true
    },
    {
      "page": 23,
      "char_count": 3526,
      "has_content": true
    },
    {
      "page": 24,
      "char_count": 3500,
      "has_content": true
    },
    {
      "page": 25,
      "char_count": 3671,
      "has_content": true
    }
  ]
}