{
  "total_pages": 30,
  "title": "CF ATH AETHIR",
  "author": "",
  "creation_date": "D:20250507185202Z00'00'",
  "page_texts": [
    {
      "page": 1,
      "char_count": 3136,
      "has_content": true
    },
    {
      "page": 2,
      "char_count": 3723,
      "has_content": true
    },
    {
      "page": 3,
      "char_count": 3968,
      "has_content": true
    },
    {
      "page": 4,
      "char_count": 3674,
      "has_content": true
    },
    {
      "page": 5,
      "char_count": 3749,
      "has_content": true
    },
    {
      "page": 6,
      "char_count": 3361,
      "has_content": true
    },
    {
      "page": 7,
      "char_count": 3737,
      "has_content": true
    },
    {
      "page": 8,
      "char_count": 3657,
      "has_content": true
    },
    {
      "page": 9,
      "char_count": 3715,
      "has_content": true
    },
    {
      "page": 10,
      "char_count": 3940,
      "has_content": true
    },
    {
      "page": 11,
      "char_count": 3364,
      "has_content": true
    },
    {
      "page": 12,
      "char_count": 3544,
      "has_content": true
    },
    {
      "page": 13,
      "char_count": 3501,
      "has_content": true
    },
    {
      "page": 14,
      "char_count": 3543,
      "has_content": true
    },
    {
      "page": 15,
      "char_count": 3818,
      "has_content": true
    },
    {
      "page": 16,
      "char_count": 3517,
      "has_content": true
    },
    {
      "page": 17,
      "char_count": 3682,
      "has_content": true
    },
    {
      "page": 18,
      "char_count": 3241,
      "has_content": true
    },
    {
      "page": 19,
      "char_count": 3419,
      "has_content": true
    },
    {
      "page": 20,
      "char_count": 3465,
      "has_content": true
    },
    {
      "page": 21,
      "char_count": 3428,
      "has_content": true
    },
    {
      "page": 22,
      "char_count": 3366,
      "has_content": true
    },
    {
      "page": 23,
      "char_count": 3616,
      "has_content": true
    },
    {
      "page": 24,
      "char_count": 3220,
      "has_content": true
    },
    {
      "page": 25,
      "char_count": 3446,
      "has_content": true
    },
    {
      "page": 26,
      "char_count": 3385,
      "has_content": true
    },
    {
      "page": 27,
      "char_count": 3005,
      "has_content": true
    },
    {
      "page": 28,
      "char_count": 3423,
      "has_content": true
    },
    {
      "page": 29,
      "char_count": 3378,
      "has_content": true
    },
    {
      "page": 30,
      "char_count": 1746,
      "has_content": true
    }
  ]
}