{
  "total_pages": 29,
  "title": "CF Aleo",
  "author": "",
  "creation_date": "D:20240929134256Z00'00'",
  "page_texts": [
    {
      "page": 1,
      "char_count": 713,
      "has_content": true
    },
    {
      "page": 2,
      "char_count": 1532,
      "has_content": true
    },
    {
      "page": 3,
      "char_count": 1082,
      "has_content": true
    },
    {
      "page": 4,
      "char_count": 1330,
      "has_content": true
    },
    {
      "page": 5,
      "char_count": 1131,
      "has_content": true
    },
    {
      "page": 6,
      "char_count": 1302,
      "has_content": true
    },
    {
      "page": 7,
      "char_count": 440,
      "has_content": true
    },
    {
      "page": 8,
      "char_count": 1204,
      "has_content": true
    },
    {
      "page": 9,
      "char_count": 1327,
      "has_content": true
    },
    {
      "page": 10,
      "char_count": 1154,
      "has_content": true
    },
    {
      "page": 11,
      "char_count": 36,
      "has_content": true
    },
    {
      "page": 12,
      "char_count": 109,
      "has_content": true
    },
    {
      "page": 13,
      "char_count": 536,
      "has_content": true
    },
    {
      "page": 14,
      "char_count": 198,
      "has_content": true
    },
    {
      "page": 15,
      "char_count": 142,
      "has_content": true
    },
    {
      "page": 16,
      "char_count": 333,
      "has_content": true
    },
    {
      "page": 17,
      "char_count": 307,
      "has_content": true
    },
    {
      "page": 18,
      "char_count": 321,
      "has_content": true
    },
    {
      "page": 19,
      "char_count": 86,
      "has_content": true
    },
    {
      "page": 20,
      "char_count": 458,
      "has_content": true
    },
    {
      "page": 21,
      "char_count": 26,
      "has_content": true
    },
    {
      "page": 22,
      "char_count": 592,
      "has_content": true
    },
    {
      "page": 23,
      "char_count": 317,
      "has_content": true
    },
    {
      "page": 24,
      "char_count": 524,
      "has_content": true
    },
    {
      "page": 25,
      "char_count": 557,
      "has_content": true
    },
    {
      "page": 26,
      "char_count": 771,
      "has_content": true
    },
    {
      "page": 27,
      "char_count": 624,
      "has_content": true
    },
    {
      "page": 28,
      "char_count": 935,
      "has_content": true
    },
    {
      "page": 29,
      "char_count": 123,
      "has_content": true
    }
  ]
}