{
  "total_pages": 28,
  "title": "CF BABYLON CHAIN ",
  "author": "",
  "creation_date": "D:20250602153948Z00'00'",
  "page_texts": [
    {
      "page": 1,
      "char_count": 2851,
      "has_content": true
    },
    {
      "page": 2,
      "char_count": 3822,
      "has_content": true
    },
    {
      "page": 3,
      "char_count": 2882,
      "has_content": true
    },
    {
      "page": 4,
      "char_count": 3488,
      "has_content": true
    },
    {
      "page": 5,
      "char_count": 3681,
      "has_content": true
    },
    {
      "page": 6,
      "char_count": 3525,
      "has_content": true
    },
    {
      "page": 7,
      "char_count": 3767,
      "has_content": true
    },
    {
      "page": 8,
      "char_count": 3272,
      "has_content": true
    },
    {
      "page": 9,
      "char_count": 3334,
      "has_content": true
    },
    {
      "page": 10,
      "char_count": 3671,
      "has_content": true
    },
    {
      "page": 11,
      "char_count": 3330,
      "has_content": true
    },
    {
      "page": 12,
      "char_count": 3332,
      "has_content": true
    },
    {
      "page": 13,
      "char_count": 3282,
      "has_content": true
    },
    {
      "page": 14,
      "char_count": 3461,
      "has_content": true
    },
    {
      "page": 15,
      "char_count": 3398,
      "has_content": true
    },
    {
      "page": 16,
      "char_count": 3769,
      "has_content": true
    },
    {
      "page": 17,
      "char_count": 3398,
      "has_content": true
    },
    {
      "page": 18,
      "char_count": 3749,
      "has_content": true
    },
    {
      "page": 19,
      "char_count": 3328,
      "has_content": true
    },
    {
      "page": 20,
      "char_count": 3235,
      "has_content": true
    },
    {
      "page": 21,
      "char_count": 3361,
      "has_content": true
    },
    {
      "page": 22,
      "char_count": 3476,
      "has_content": true
    },
    {
      "page": 23,
      "char_count": 3172,
      "has_content": true
    },
    {
      "page": 24,
      "char_count": 3008,
      "has_content": true
    },
    {
      "page": 25,
      "char_count": 2710,
      "has_content": true
    },
    {
      "page": 26,
      "char_count": 3464,
      "has_content": true
    },
    {
      "page": 27,
      "char_count": 3654,
      "has_content": true
    },
    {
      "page": 28,
      "char_count": 3477,
      "has_content": true
    }
  ]
}