{
  "total_pages": 43,
  "title": "CF Berachain 03-25",
  "author": "",
  "creation_date": "D:20250321181628Z00'00'",
  "page_texts": [
    {
      "page": 1,
      "char_count": 2209,
      "has_content": true
    },
    {
      "page": 2,
      "char_count": 2709,
      "has_content": true
    },
    {
      "page": 3,
      "char_count": 2575,
      "has_content": true
    },
    {
      "page": 4,
      "char_count": 3074,
      "has_content": true
    },
    {
      "page": 5,
      "char_count": 3320,
      "has_content": true
    },
    {
      "page": 6,
      "char_count": 2645,
      "has_content": true
    },
    {
      "page": 7,
      "char_count": 2600,
      "has_content": true
    },
    {
      "page": 8,
      "char_count": 2475,
      "has_content": true
    },
    {
      "page": 9,
      "char_count": 2864,
      "has_content": true
    },
    {
      "page": 10,
      "char_count": 3183,
      "has_content": true
    },
    {
      "page": 11,
      "char_count": 3022,
      "has_content": true
    },
    {
      "page": 12,
      "char_count": 3180,
      "has_content": true
    },
    {
      "page": 13,
      "char_count": 2995,
      "has_content": true
    },
    {
      "page": 14,
      "char_count": 3350,
      "has_content": true
    },
    {
      "page": 15,
      "char_count": 3366,
      "has_content": true
    },
    {
      "page": 16,
      "char_count": 3005,
      "has_content": true
    },
    {
      "page": 17,
      "char_count": 2950,
      "has_content": true
    },
    {
      "page": 18,
      "char_count": 2999,
      "has_content": true
    },
    {
      "page": 19,
      "char_count": 2622,
      "has_content": true
    },
    {
      "page": 20,
      "char_count": 2737,
      "has_content": true
    },
    {
      "page": 21,
      "char_count": 3402,
      "has_content": true
    },
    {
      "page": 22,
      "char_count": 3286,
      "has_content": true
    },
    {
      "page": 23,
      "char_count": 3311,
      "has_content": true
    },
    {
      "page": 24,
      "char_count": 3478,
      "has_content": true
    },
    {
      "page": 25,
      "char_count": 3617,
      "has_content": true
    },
    {
      "page": 26,
      "char_count": 3039,
      "has_content": true
    },
    {
      "page": 27,
      "char_count": 2668,
      "has_content": true
    },
    {
      "page": 28,
      "char_count": 3132,
      "has_content": true
    },
    {
      "page": 29,
      "char_count": 3380,
      "has_content": true
    },
    {
      "page": 30,
      "char_count": 3423,
      "has_content": true
    },
    {
      "page": 31,
      "char_count": 2785,
      "has_content": true
    },
    {
      "page": 32,
      "char_count": 3027,
      "has_content": true
    },
    {
      "page": 33,
      "char_count": 3542,
      "has_content": true
    },
    {
      "page": 34,
      "char_count": 3530,
      "has_content": true
    },
    {
      "page": 35,
      "char_count": 3119,
      "has_content": true
    },
    {
      "page": 36,
      "char_count": 3386,
      "has_content": true
    },
    {
      "page": 37,
      "char_count": 3542,
      "has_content": true
    },
    {
      "page": 38,
      "char_count": 3286,
      "has_content": true
    },
    {
      "page": 39,
      "char_count": 3534,
      "has_content": true
    },
    {
      "page": 40,
      "char_count": 3378,
      "has_content": true
    },
    {
      "page": 41,
      "char_count": 2978,
      "has_content": true
    },
    {
      "page": 42,
      "char_count": 3687,
      "has_content": true
    },
    {
      "page": 43,
      "char_count": 3256,
      "has_content": true
    }
  ]
}