{
  "total_pages": 22,
  "title": "CF BOBA NETWORK",
  "author": "",
  "creation_date": "D:20230704170922Z00'00'",
  "page_texts": [
    {
      "page": 1,
      "char_count": 425,
      "has_content": true
    },
    {
      "page": 2,
      "char_count": 794,
      "has_content": true
    },
    {
      "page": 3,
      "char_count": 899,
      "has_content": true
    },
    {
      "page": 4,
      "char_count": 1146,
      "has_content": true
    },
    {
      "page": 5,
      "char_count": 1143,
      "has_content": true
    },
    {
      "page": 6,
      "char_count": 777,
      "has_content": true
    },
    {
      "page": 7,
      "char_count": 1,
      "has_content": false
    },
    {
      "page": 8,
      "char_count": 2,
      "has_content": false
    },
    {
      "page": 9,
      "char_count": 54,
      "has_content": true
    },
    {
      "page": 10,
      "char_count": 146,
      "has_content": true
    },
    {
      "page": 11,
      "char_count": 119,
      "has_content": true
    },
    {
      "page": 12,
      "char_count": 231,
      "has_content": true
    },
    {
      "page": 13,
      "char_count": 38,
      "has_content": true
    },
    {
      "page": 14,
      "char_count": 615,
      "has_content": true
    },
    {
      "page": 15,
      "char_count": 359,
      "has_content": true
    },
    {
      "page": 16,
      "char_count": 127,
      "has_content": true
    },
    {
      "page": 17,
      "char_count": 236,
      "has_content": true
    },
    {
      "page": 18,
      "char_count": 301,
      "has_content": true
    },
    {
      "page": 19,
      "char_count": 115,
      "has_content": true
    },
    {
      "page": 20,
      "char_count": 688,
      "has_content": true
    },
    {
      "page": 21,
      "char_count": 865,
      "has_content": true
    },
    {
      "page": 22,
      "char_count": 0,
      "has_content": false
    }
  ]
}