{
  "total_pages": 30,
  "title": "CF CELO (первый взгляд)",
  "author": "",
  "creation_date": "D:20250601083446Z00'00'",
  "page_texts": [
    {
      "page": 1,
      "char_count": 3127,
      "has_content": true
    },
    {
      "page": 2,
      "char_count": 3763,
      "has_content": true
    },
    {
      "page": 3,
      "char_count": 3926,
      "has_content": true
    },
    {
      "page": 4,
      "char_count": 3678,
      "has_content": true
    },
    {
      "page": 5,
      "char_count": 3602,
      "has_content": true
    },
    {
      "page": 6,
      "char_count": 3788,
      "has_content": true
    },
    {
      "page": 7,
      "char_count": 3698,
      "has_content": true
    },
    {
      "page": 8,
      "char_count": 3643,
      "has_content": true
    },
    {
      "page": 9,
      "char_count": 3852,
      "has_content": true
    },
    {
      "page": 10,
      "char_count": 4013,
      "has_content": true
    },
    {
      "page": 11,
      "char_count": 3624,
      "has_content": true
    },
    {
      "page": 12,
      "char_count": 3547,
      "has_content": true
    },
    {
      "page": 13,
      "char_count": 3849,
      "has_content": true
    },
    {
      "page": 14,
      "char_count": 3484,
      "has_content": true
    },
    {
      "page": 15,
      "char_count": 4104,
      "has_content": true
    },
    {
      "page": 16,
      "char_count": 3963,
      "has_content": true
    },
    {
      "page": 17,
      "char_count": 3758,
      "has_content": true
    },
    {
      "page": 18,
      "char_count": 3334,
      "has_content": true
    },
    {
      "page": 19,
      "char_count": 3965,
      "has_content": true
    },
    {
      "page": 20,
      "char_count": 3647,
      "has_content": true
    },
    {
      "page": 21,
      "char_count": 4111,
      "has_content": true
    },
    {
      "page": 22,
      "char_count": 3566,
      "has_content": true
    },
    {
      "page": 23,
      "char_count": 3852,
      "has_content": true
    },
    {
      "page": 24,
      "char_count": 3677,
      "has_content": true
    },
    {
      "page": 25,
      "char_count": 3488,
      "has_content": true
    },
    {
      "page": 26,
      "char_count": 2946,
      "has_content": true
    },
    {
      "page": 27,
      "char_count": 3197,
      "has_content": true
    },
    {
      "page": 28,
      "char_count": 3309,
      "has_content": true
    },
    {
      "page": 29,
      "char_count": 3496,
      "has_content": true
    },
    {
      "page": 30,
      "char_count": 600,
      "has_content": true
    }
  ]
}