{
  "total_pages": 36,
  "title": "CF Chia 02-03-2025",
  "author": "",
  "creation_date": "D:20250301192028Z00'00'",
  "page_texts": [
    {
      "page": 1,
      "char_count": 2917,
      "has_content": true
    },
    {
      "page": 2,
      "char_count": 3814,
      "has_content": true
    },
    {
      "page": 3,
      "char_count": 3238,
      "has_content": true
    },
    {
      "page": 4,
      "char_count": 3569,
      "has_content": true
    },
    {
      "page": 5,
      "char_count": 3390,
      "has_content": true
    },
    {
      "page": 6,
      "char_count": 3588,
      "has_content": true
    },
    {
      "page": 7,
      "char_count": 4049,
      "has_content": true
    },
    {
      "page": 8,
      "char_count": 3442,
      "has_content": true
    },
    {
      "page": 9,
      "char_count": 3747,
      "has_content": true
    },
    {
      "page": 10,
      "char_count": 3263,
      "has_content": true
    },
    {
      "page": 11,
      "char_count": 3471,
      "has_content": true
    },
    {
      "page": 12,
      "char_count": 3214,
      "has_content": true
    },
    {
      "page": 13,
      "char_count": 3466,
      "has_content": true
    },
    {
      "page": 14,
      "char_count": 3330,
      "has_content": true
    },
    {
      "page": 15,
      "char_count": 3434,
      "has_content": true
    },
    {
      "page": 16,
      "char_count": 3670,
      "has_content": true
    },
    {
      "page": 17,
      "char_count": 3401,
      "has_content": true
    },
    {
      "page": 18,
      "char_count": 3556,
      "has_content": true
    },
    {
      "page": 19,
      "char_count": 3049,
      "has_content": true
    },
    {
      "page": 20,
      "char_count": 3727,
      "has_content": true
    },
    {
      "page": 21,
      "char_count": 3601,
      "has_content": true
    },
    {
      "page": 22,
      "char_count": 3359,
      "has_content": true
    },
    {
      "page": 23,
      "char_count": 3166,
      "has_content": true
    },
    {
      "page": 24,
      "char_count": 3522,
      "has_content": true
    },
    {
      "page": 25,
      "char_count": 3177,
      "has_content": true
    },
    {
      "page": 26,
      "char_count": 3399,
      "has_content": true
    },
    {
      "page": 27,
      "char_count": 3411,
      "has_content": true
    },
    {
      "page": 28,
      "char_count": 3680,
      "has_content": true
    },
    {
      "page": 29,
      "char_count": 3352,
      "has_content": true
    },
    {
      "page": 30,
      "char_count": 3600,
      "has_content": true
    },
    {
      "page": 31,
      "char_count": 3604,
      "has_content": true
    },
    {
      "page": 32,
      "char_count": 3383,
      "has_content": true
    },
    {
      "page": 33,
      "char_count": 3315,
      "has_content": true
    },
    {
      "page": 34,
      "char_count": 3560,
      "has_content": true
    },
    {
      "page": 35,
      "char_count": 3592,
      "has_content": true
    },
    {
      "page": 36,
      "char_count": 3468,
      "has_content": true
    }
  ]
}