{
  "total_pages": 29,
  "title": "CF Conflux",
  "author": "",
  "creation_date": "D:20241101111003Z00'00'",
  "page_texts": [
    {
      "page": 1,
      "char_count": 391,
      "has_content": true
    },
    {
      "page": 2,
      "char_count": 1310,
      "has_content": true
    },
    {
      "page": 3,
      "char_count": 838,
      "has_content": true
    },
    {
      "page": 4,
      "char_count": 1540,
      "has_content": true
    },
    {
      "page": 5,
      "char_count": 1245,
      "has_content": true
    },
    {
      "page": 6,
      "char_count": 763,
      "has_content": true
    },
    {
      "page": 7,
      "char_count": 199,
      "has_content": true
    },
    {
      "page": 8,
      "char_count": 1134,
      "has_content": true
    },
    {
      "page": 9,
      "char_count": 1478,
      "has_content": true
    },
    {
      "page": 10,
      "char_count": 1379,
      "has_content": true
    },
    {
      "page": 11,
      "char_count": 1272,
      "has_content": true
    },
    {
      "page": 12,
      "char_count": 1235,
      "has_content": true
    },
    {
      "page": 13,
      "char_count": 1075,
      "has_content": true
    },
    {
      "page": 14,
      "char_count": 200,
      "has_content": true
    },
    {
      "page": 15,
      "char_count": 193,
      "has_content": true
    },
    {
      "page": 16,
      "char_count": 327,
      "has_content": true
    },
    {
      "page": 17,
      "char_count": 2,
      "has_content": false
    },
    {
      "page": 18,
      "char_count": 36,
      "has_content": true
    },
    {
      "page": 19,
      "char_count": 243,
      "has_content": true
    },
    {
      "page": 20,
      "char_count": 46,
      "has_content": true
    },
    {
      "page": 21,
      "char_count": 610,
      "has_content": true
    },
    {
      "page": 22,
      "char_count": 453,
      "has_content": true
    },
    {
      "page": 23,
      "char_count": 430,
      "has_content": true
    },
    {
      "page": 24,
      "char_count": 77,
      "has_content": true
    },
    {
      "page": 25,
      "char_count": 697,
      "has_content": true
    },
    {
      "page": 26,
      "char_count": 515,
      "has_content": true
    },
    {
      "page": 27,
      "char_count": 746,
      "has_content": true
    },
    {
      "page": 28,
      "char_count": 676,
      "has_content": true
    },
    {
      "page": 29,
      "char_count": 658,
      "has_content": true
    }
  ]
}