{
  "total_pages": 34,
  "title": "CF COSMOS ",
  "author": "",
  "creation_date": "D:20230812191447Z00'00'",
  "page_texts": [
    {
      "page": 1,
      "char_count": 743,
      "has_content": true
    },
    {
      "page": 2,
      "char_count": 735,
      "has_content": true
    },
    {
      "page": 3,
      "char_count": 455,
      "has_content": true
    },
    {
      "page": 4,
      "char_count": 1345,
      "has_content": true
    },
    {
      "page": 5,
      "char_count": 893,
      "has_content": true
    },
    {
      "page": 6,
      "char_count": 1196,
      "has_content": true
    },
    {
      "page": 7,
      "char_count": 814,
      "has_content": true
    },
    {
      "page": 8,
      "char_count": 570,
      "has_content": true
    },
    {
      "page": 9,
      "char_count": 1067,
      "has_content": true
    },
    {
      "page": 10,
      "char_count": 1374,
      "has_content": true
    },
    {
      "page": 11,
      "char_count": 1052,
      "has_content": true
    },
    {
      "page": 12,
      "char_count": 243,
      "has_content": true
    },
    {
      "page": 13,
      "char_count": 434,
      "has_content": true
    },
    {
      "page": 14,
      "char_count": 48,
      "has_content": true
    },
    {
      "page": 15,
      "char_count": 226,
      "has_content": true
    },
    {
      "page": 16,
      "char_count": 570,
      "has_content": true
    },
    {
      "page": 17,
      "char_count": 119,
      "has_content": true
    },
    {
      "page": 18,
      "char_count": 266,
      "has_content": true
    },
    {
      "page": 19,
      "char_count": 228,
      "has_content": true
    },
    {
      "page": 20,
      "char_count": 90,
      "has_content": true
    },
    {
      "page": 21,
      "char_count": 63,
      "has_content": true
    },
    {
      "page": 22,
      "char_count": 519,
      "has_content": true
    },
    {
      "page": 23,
      "char_count": 786,
      "has_content": true
    },
    {
      "page": 24,
      "char_count": 66,
      "has_content": true
    },
    {
      "page": 25,
      "char_count": 169,
      "has_content": true
    },
    {
      "page": 26,
      "char_count": 0,
      "has_content": false
    },
    {
      "page": 27,
      "char_count": 490,
      "has_content": true
    },
    {
      "page": 28,
      "char_count": 45,
      "has_content": true
    },
    {
      "page": 29,
      "char_count": 349,
      "has_content": true
    },
    {
      "page": 30,
      "char_count": 2,
      "has_content": false
    },
    {
      "page": 31,
      "char_count": 66,
      "has_content": true
    },
    {
      "page": 32,
      "char_count": 1147,
      "has_content": true
    },
    {
      "page": 33,
      "char_count": 1133,
      "has_content": true
    },
    {
      "page": 34,
      "char_count": 0,
      "has_content": false
    }
  ]
}