{
  "total_pages": 35,
  "title": "CF CORTEX ",
  "author": "",
  "creation_date": "D:20250530171618Z00'00'",
  "page_texts": [
    {
      "page": 1,
      "char_count": 3115,
      "has_content": true
    },
    {
      "page": 2,
      "char_count": 3683,
      "has_content": true
    },
    {
      "page": 3,
      "char_count": 4015,
      "has_content": true
    },
    {
      "page": 4,
      "char_count": 3487,
      "has_content": true
    },
    {
      "page": 5,
      "char_count": 3245,
      "has_content": true
    },
    {
      "page": 6,
      "char_count": 3018,
      "has_content": true
    },
    {
      "page": 7,
      "char_count": 3480,
      "has_content": true
    },
    {
      "page": 8,
      "char_count": 3610,
      "has_content": true
    },
    {
      "page": 9,
      "char_count": 3607,
      "has_content": true
    },
    {
      "page": 10,
      "char_count": 3584,
      "has_content": true
    },
    {
      "page": 11,
      "char_count": 3437,
      "has_content": true
    },
    {
      "page": 12,
      "char_count": 3820,
      "has_content": true
    },
    {
      "page": 13,
      "char_count": 3500,
      "has_content": true
    },
    {
      "page": 14,
      "char_count": 3429,
      "has_content": true
    },
    {
      "page": 15,
      "char_count": 3474,
      "has_content": true
    },
    {
      "page": 16,
      "char_count": 3854,
      "has_content": true
    },
    {
      "page": 17,
      "char_count": 2919,
      "has_content": true
    },
    {
      "page": 18,
      "char_count": 3784,
      "has_content": true
    },
    {
      "page": 19,
      "char_count": 3371,
      "has_content": true
    },
    {
      "page": 20,
      "char_count": 3123,
      "has_content": true
    },
    {
      "page": 21,
      "char_count": 3588,
      "has_content": true
    },
    {
      "page": 22,
      "char_count": 3496,
      "has_content": true
    },
    {
      "page": 23,
      "char_count": 2997,
      "has_content": true
    },
    {
      "page": 24,
      "char_count": 2728,
      "has_content": true
    },
    {
      "page": 25,
      "char_count": 2410,
      "has_content": true
    },
    {
      "page": 26,
      "char_count": 3406,
      "has_content": true
    },
    {
      "page": 27,
      "char_count": 3554,
      "has_content": true
    },
    {
      "page": 28,
      "char_count": 3141,
      "has_content": true
    },
    {
      "page": 29,
      "char_count": 2662,
      "has_content": true
    },
    {
      "page": 30,
      "char_count": 2820,
      "has_content": true
    },
    {
      "page": 31,
      "char_count": 3316,
      "has_content": true
    },
    {
      "page": 32,
      "char_count": 3592,
      "has_content": true
    },
    {
      "page": 33,
      "char_count": 3396,
      "has_content": true
    },
    {
      "page": 34,
      "char_count": 3445,
      "has_content": true
    },
    {
      "page": 35,
      "char_count": 486,
      "has_content": true
    }
  ]
}