{
  "total_pages": 28,
  "title": "CF CLOUD 03-25",
  "author": "",
  "creation_date": "D:20250322084351Z00'00'",
  "page_texts": [
    {
      "page": 1,
      "char_count": 2421,
      "has_content": true
    },
    {
      "page": 2,
      "char_count": 2543,
      "has_content": true
    },
    {
      "page": 3,
      "char_count": 2947,
      "has_content": true
    },
    {
      "page": 4,
      "char_count": 2661,
      "has_content": true
    },
    {
      "page": 5,
      "char_count": 3084,
      "has_content": true
    },
    {
      "page": 6,
      "char_count": 3216,
      "has_content": true
    },
    {
      "page": 7,
      "char_count": 2941,
      "has_content": true
    },
    {
      "page": 8,
      "char_count": 3204,
      "has_content": true
    },
    {
      "page": 9,
      "char_count": 2985,
      "has_content": true
    },
    {
      "page": 10,
      "char_count": 3463,
      "has_content": true
    },
    {
      "page": 11,
      "char_count": 2674,
      "has_content": true
    },
    {
      "page": 12,
      "char_count": 2725,
      "has_content": true
    },
    {
      "page": 13,
      "char_count": 2633,
      "has_content": true
    },
    {
      "page": 14,
      "char_count": 3520,
      "has_content": true
    },
    {
      "page": 15,
      "char_count": 2814,
      "has_content": true
    },
    {
      "page": 16,
      "char_count": 2503,
      "has_content": true
    },
    {
      "page": 17,
      "char_count": 3034,
      "has_content": true
    },
    {
      "page": 18,
      "char_count": 3530,
      "has_content": true
    },
    {
      "page": 19,
      "char_count": 4045,
      "has_content": true
    },
    {
      "page": 20,
      "char_count": 2702,
      "has_content": true
    },
    {
      "page": 21,
      "char_count": 3235,
      "has_content": true
    },
    {
      "page": 22,
      "char_count": 3689,
      "has_content": true
    },
    {
      "page": 23,
      "char_count": 3216,
      "has_content": true
    },
    {
      "page": 24,
      "char_count": 3833,
      "has_content": true
    },
    {
      "page": 25,
      "char_count": 3035,
      "has_content": true
    },
    {
      "page": 26,
      "char_count": 3046,
      "has_content": true
    },
    {
      "page": 27,
      "char_count": 3543,
      "has_content": true
    },
    {
      "page": 28,
      "char_count": 2813,
      "has_content": true
    }
  ]
}