{
  "total_pages": 27,
  "title": "CF Chainlink",
  "author": "",
  "creation_date": "D:20241017063216Z00'00'",
  "page_texts": [
    {
      "page": 1,
      "char_count": 685,
      "has_content": true
    },
    {
      "page": 2,
      "char_count": 1192,
      "has_content": true
    },
    {
      "page": 3,
      "char_count": 400,
      "has_content": true
    },
    {
      "page": 4,
      "char_count": 538,
      "has_content": true
    },
    {
      "page": 5,
      "char_count": 976,
      "has_content": true
    },
    {
      "page": 6,
      "char_count": 258,
      "has_content": true
    },
    {
      "page": 7,
      "char_count": 1153,
      "has_content": true
    },
    {
      "page": 8,
      "char_count": 1142,
      "has_content": true
    },
    {
      "page": 9,
      "char_count": 11,
      "has_content": true
    },
    {
      "page": 10,
      "char_count": 401,
      "has_content": true
    },
    {
      "page": 11,
      "char_count": 126,
      "has_content": true
    },
    {
      "page": 12,
      "char_count": 163,
      "has_content": true
    },
    {
      "page": 13,
      "char_count": 170,
      "has_content": true
    },
    {
      "page": 14,
      "char_count": 385,
      "has_content": true
    },
    {
      "page": 15,
      "char_count": 270,
      "has_content": true
    },
    {
      "page": 16,
      "char_count": 218,
      "has_content": true
    },
    {
      "page": 17,
      "char_count": 169,
      "has_content": true
    },
    {
      "page": 18,
      "char_count": 965,
      "has_content": true
    },
    {
      "page": 19,
      "char_count": 927,
      "has_content": true
    },
    {
      "page": 20,
      "char_count": 937,
      "has_content": true
    },
    {
      "page": 21,
      "char_count": 978,
      "has_content": true
    },
    {
      "page": 22,
      "char_count": 219,
      "has_content": true
    },
    {
      "page": 23,
      "char_count": 635,
      "has_content": true
    },
    {
      "page": 24,
      "char_count": 123,
      "has_content": true
    },
    {
      "page": 25,
      "char_count": 378,
      "has_content": true
    },
    {
      "page": 26,
      "char_count": 965,
      "has_content": true
    },
    {
      "page": 27,
      "char_count": 597,
      "has_content": true
    }
  ]
}