{
  "total_pages": 32,
  "title": "CF Celestia",
  "author": "",
  "creation_date": "D:20250527101912Z00'00'",
  "page_texts": [
    {
      "page": 1,
      "char_count": 2995,
      "has_content": true
    },
    {
      "page": 2,
      "char_count": 3845,
      "has_content": true
    },
    {
      "page": 3,
      "char_count": 3494,
      "has_content": true
    },
    {
      "page": 4,
      "char_count": 3508,
      "has_content": true
    },
    {
      "page": 5,
      "char_count": 1745,
      "has_content": true
    },
    {
      "page": 6,
      "char_count": 3579,
      "has_content": true
    },
    {
      "page": 7,
      "char_count": 3773,
      "has_content": true
    },
    {
      "page": 8,
      "char_count": 3570,
      "has_content": true
    },
    {
      "page": 9,
      "char_count": 3505,
      "has_content": true
    },
    {
      "page": 10,
      "char_count": 3569,
      "has_content": true
    },
    {
      "page": 11,
      "char_count": 2786,
      "has_content": true
    },
    {
      "page": 12,
      "char_count": 3608,
      "has_content": true
    },
    {
      "page": 13,
      "char_count": 3635,
      "has_content": true
    },
    {
      "page": 14,
      "char_count": 3453,
      "has_content": true
    },
    {
      "page": 15,
      "char_count": 3584,
      "has_content": true
    },
    {
      "page": 16,
      "char_count": 3423,
      "has_content": true
    },
    {
      "page": 17,
      "char_count": 1972,
      "has_content": true
    },
    {
      "page": 18,
      "char_count": 3699,
      "has_content": true
    },
    {
      "page": 19,
      "char_count": 3489,
      "has_content": true
    },
    {
      "page": 20,
      "char_count": 3605,
      "has_content": true
    },
    {
      "page": 21,
      "char_count": 3176,
      "has_content": true
    },
    {
      "page": 22,
      "char_count": 3435,
      "has_content": true
    },
    {
      "page": 23,
      "char_count": 3821,
      "has_content": true
    },
    {
      "page": 24,
      "char_count": 3141,
      "has_content": true
    },
    {
      "page": 25,
      "char_count": 3518,
      "has_content": true
    },
    {
      "page": 26,
      "char_count": 3391,
      "has_content": true
    },
    {
      "page": 27,
      "char_count": 3284,
      "has_content": true
    },
    {
      "page": 28,
      "char_count": 2814,
      "has_content": true
    },
    {
      "page": 29,
      "char_count": 3375,
      "has_content": true
    },
    {
      "page": 30,
      "char_count": 3410,
      "has_content": true
    },
    {
      "page": 31,
      "char_count": 3650,
      "has_content": true
    },
    {
      "page": 32,
      "char_count": 620,
      "has_content": true
    }
  ]
}