{
  "total_pages": 30,
  "title": "CF CAPS",
  "author": "",
  "creation_date": "D:20250402074820Z00'00'",
  "page_texts": [
    {
      "page": 1,
      "char_count": 2325,
      "has_content": true
    },
    {
      "page": 2,
      "char_count": 3380,
      "has_content": true
    },
    {
      "page": 3,
      "char_count": 2903,
      "has_content": true
    },
    {
      "page": 4,
      "char_count": 2661,
      "has_content": true
    },
    {
      "page": 5,
      "char_count": 2681,
      "has_content": true
    },
    {
      "page": 6,
      "char_count": 2705,
      "has_content": true
    },
    {
      "page": 7,
      "char_count": 3076,
      "has_content": true
    },
    {
      "page": 8,
      "char_count": 3048,
      "has_content": true
    },
    {
      "page": 9,
      "char_count": 2778,
      "has_content": true
    },
    {
      "page": 10,
      "char_count": 2645,
      "has_content": true
    },
    {
      "page": 11,
      "char_count": 2727,
      "has_content": true
    },
    {
      "page": 12,
      "char_count": 3104,
      "has_content": true
    },
    {
      "page": 13,
      "char_count": 2650,
      "has_content": true
    },
    {
      "page": 14,
      "char_count": 2492,
      "has_content": true
    },
    {
      "page": 15,
      "char_count": 2359,
      "has_content": true
    },
    {
      "page": 16,
      "char_count": 2792,
      "has_content": true
    },
    {
      "page": 17,
      "char_count": 2225,
      "has_content": true
    },
    {
      "page": 18,
      "char_count": 2606,
      "has_content": true
    },
    {
      "page": 19,
      "char_count": 2407,
      "has_content": true
    },
    {
      "page": 20,
      "char_count": 2761,
      "has_content": true
    },
    {
      "page": 21,
      "char_count": 2610,
      "has_content": true
    },
    {
      "page": 22,
      "char_count": 2679,
      "has_content": true
    },
    {
      "page": 23,
      "char_count": 2364,
      "has_content": true
    },
    {
      "page": 24,
      "char_count": 2664,
      "has_content": true
    },
    {
      "page": 25,
      "char_count": 2187,
      "has_content": true
    },
    {
      "page": 26,
      "char_count": 2168,
      "has_content": true
    },
    {
      "page": 27,
      "char_count": 2575,
      "has_content": true
    },
    {
      "page": 28,
      "char_count": 2713,
      "has_content": true
    },
    {
      "page": 29,
      "char_count": 2969,
      "has_content": true
    },
    {
      "page": 30,
      "char_count": 34,
      "has_content": true
    }
  ]
}