{
  "total_pages": 24,
  "title": "CF Casper ",
  "author": "",
  "creation_date": "D:20241216070512Z00'00'",
  "page_texts": [
    {
      "page": 1,
      "char_count": 868,
      "has_content": true
    },
    {
      "page": 2,
      "char_count": 1435,
      "has_content": true
    },
    {
      "page": 3,
      "char_count": 913,
      "has_content": true
    },
    {
      "page": 4,
      "char_count": 1064,
      "has_content": true
    },
    {
      "page": 5,
      "char_count": 955,
      "has_content": true
    },
    {
      "page": 6,
      "char_count": 1405,
      "has_content": true
    },
    {
      "page": 7,
      "char_count": 1155,
      "has_content": true
    },
    {
      "page": 8,
      "char_count": 779,
      "has_content": true
    },
    {
      "page": 9,
      "char_count": 990,
      "has_content": true
    },
    {
      "page": 10,
      "char_count": 48,
      "has_content": true
    },
    {
      "page": 11,
      "char_count": 2,
      "has_content": false
    },
    {
      "page": 12,
      "char_count": 4,
      "has_content": false
    },
    {
      "page": 13,
      "char_count": 467,
      "has_content": true
    },
    {
      "page": 14,
      "char_count": 426,
      "has_content": true
    },
    {
      "page": 15,
      "char_count": 838,
      "has_content": true
    },
    {
      "page": 16,
      "char_count": 133,
      "has_content": true
    },
    {
      "page": 17,
      "char_count": 47,
      "has_content": true
    },
    {
      "page": 18,
      "char_count": 209,
      "has_content": true
    },
    {
      "page": 19,
      "char_count": 70,
      "has_content": true
    },
    {
      "page": 20,
      "char_count": 1219,
      "has_content": true
    },
    {
      "page": 21,
      "char_count": 731,
      "has_content": true
    },
    {
      "page": 22,
      "char_count": 486,
      "has_content": true
    },
    {
      "page": 23,
      "char_count": 711,
      "has_content": true
    },
    {
      "page": 24,
      "char_count": 0,
      "has_content": false
    }
  ]
}