{
  "total_pages": 58,
  "title": "CF Centrifuge",
  "author": "",
  "creation_date": "D:20250511151106Z00'00'",
  "page_texts": [
    {
      "page": 1,
      "char_count": 3225,
      "has_content": true
    },
    {
      "page": 2,
      "char_count": 3558,
      "has_content": true
    },
    {
      "page": 3,
      "char_count": 3123,
      "has_content": true
    },
    {
      "page": 4,
      "char_count": 3598,
      "has_content": true
    },
    {
      "page": 5,
      "char_count": 3343,
      "has_content": true
    },
    {
      "page": 6,
      "char_count": 3004,
      "has_content": true
    },
    {
      "page": 7,
      "char_count": 3485,
      "has_content": true
    },
    {
      "page": 8,
      "char_count": 3137,
      "has_content": true
    },
    {
      "page": 9,
      "char_count": 3207,
      "has_content": true
    },
    {
      "page": 10,
      "char_count": 3408,
      "has_content": true
    },
    {
      "page": 11,
      "char_count": 3361,
      "has_content": true
    },
    {
      "page": 12,
      "char_count": 3165,
      "has_content": true
    },
    {
      "page": 13,
      "char_count": 3531,
      "has_content": true
    },
    {
      "page": 14,
      "char_count": 3512,
      "has_content": true
    },
    {
      "page": 15,
      "char_count": 2957,
      "has_content": true
    },
    {
      "page": 16,
      "char_count": 3241,
      "has_content": true
    },
    {
      "page": 17,
      "char_count": 3108,
      "has_content": true
    },
    {
      "page": 18,
      "char_count": 3256,
      "has_content": true
    },
    {
      "page": 19,
      "char_count": 3518,
      "has_content": true
    },
    {
      "page": 20,
      "char_count": 3084,
      "has_content": true
    },
    {
      "page": 21,
      "char_count": 3133,
      "has_content": true
    },
    {
      "page": 22,
      "char_count": 2860,
      "has_content": true
    },
    {
      "page": 23,
      "char_count": 3560,
      "has_content": true
    },
    {
      "page": 24,
      "char_count": 2721,
      "has_content": true
    },
    {
      "page": 25,
      "char_count": 2765,
      "has_content": true
    },
    {
      "page": 26,
      "char_count": 2469,
      "has_content": true
    },
    {
      "page": 27,
      "char_count": 3074,
      "has_content": true
    },
    {
      "page": 28,
      "char_count": 3200,
      "has_content": true
    },
    {
      "page": 29,
      "char_count": 2839,
      "has_content": true
    },
    {
      "page": 30,
      "char_count": 3848,
      "has_content": true
    },
    {
      "page": 31,
      "char_count": 3493,
      "has_content": true
    },
    {
      "page": 32,
      "char_count": 3087,
      "has_content": true
    },
    {
      "page": 33,
      "char_count": 3563,
      "has_content": true
    },
    {
      "page": 34,
      "char_count": 3501,
      "has_content": true
    },
    {
      "page": 35,
      "char_count": 3057,
      "has_content": true
    },
    {
      "page": 36,
      "char_count": 3547,
      "has_content": true
    },
    {
      "page": 37,
      "char_count": 3139,
      "has_content": true
    },
    {
      "page": 38,
      "char_count": 3206,
      "has_content": true
    },
    {
      "page": 39,
      "char_count": 3470,
      "has_content": true
    },
    {
      "page": 40,
      "char_count": 3171,
      "has_content": true
    },
    {
      "page": 41,
      "char_count": 3271,
      "has_content": true
    },
    {
      "page": 42,
      "char_count": 3670,
      "has_content": true
    },
    {
      "page": 43,
      "char_count": 3375,
      "has_content": true
    },
    {
      "page": 44,
      "char_count": 3090,
      "has_content": true
    },
    {
      "page": 45,
      "char_count": 3223,
      "has_content": true
    },
    {
      "page": 46,
      "char_count": 3103,
      "has_content": true
    },
    {
      "page": 47,
      "char_count": 3346,
      "has_content": true
    },
    {
      "page": 48,
      "char_count": 3348,
      "has_content": true
    },
    {
      "page": 49,
      "char_count": 3313,
      "has_content": true
    },
    {
      "page": 50,
      "char_count": 3018,
      "has_content": true
    },
    {
      "page": 51,
      "char_count": 3001,
      "has_content": true
    },
    {
      "page": 52,
      "char_count": 3309,
      "has_content": true
    },
    {
      "page": 53,
      "char_count": 2803,
      "has_content": true
    },
    {
      "page": 54,
      "char_count": 2328,
      "has_content": true
    },
    {
      "page": 55,
      "char_count": 2910,
      "has_content": true
    },
    {
      "page": 56,
      "char_count": 3356,
      "has_content": true
    },
    {
      "page": 57,
      "char_count": 3052,
      "has_content": true
    },
    {
      "page": 58,
      "char_count": 1732,
      "has_content": true
    }
  ]
}