{
  "total_pages": 48,
  "title": "CF CXT SPACE AND TIME",
  "author": "",
  "creation_date": "D:20250510170115Z00'00'",
  "page_texts": [
    {
      "page": 1,
      "char_count": 2883,
      "has_content": true
    },
    {
      "page": 2,
      "char_count": 2548,
      "has_content": true
    },
    {
      "page": 3,
      "char_count": 3000,
      "has_content": true
    },
    {
      "page": 4,
      "char_count": 2786,
      "has_content": true
    },
    {
      "page": 5,
      "char_count": 3125,
      "has_content": true
    },
    {
      "page": 6,
      "char_count": 3026,
      "has_content": true
    },
    {
      "page": 7,
      "char_count": 3350,
      "has_content": true
    },
    {
      "page": 8,
      "char_count": 3112,
      "has_content": true
    },
    {
      "page": 9,
      "char_count": 3502,
      "has_content": true
    },
    {
      "page": 10,
      "char_count": 3132,
      "has_content": true
    },
    {
      "page": 11,
      "char_count": 2983,
      "has_content": true
    },
    {
      "page": 12,
      "char_count": 2676,
      "has_content": true
    },
    {
      "page": 13,
      "char_count": 3370,
      "has_content": true
    },
    {
      "page": 14,
      "char_count": 3330,
      "has_content": true
    },
    {
      "page": 15,
      "char_count": 2929,
      "has_content": true
    },
    {
      "page": 16,
      "char_count": 3077,
      "has_content": true
    },
    {
      "page": 17,
      "char_count": 3313,
      "has_content": true
    },
    {
      "page": 18,
      "char_count": 3036,
      "has_content": true
    },
    {
      "page": 19,
      "char_count": 3237,
      "has_content": true
    },
    {
      "page": 20,
      "char_count": 2935,
      "has_content": true
    },
    {
      "page": 21,
      "char_count": 2952,
      "has_content": true
    },
    {
      "page": 22,
      "char_count": 2676,
      "has_content": true
    },
    {
      "page": 23,
      "char_count": 2830,
      "has_content": true
    },
    {
      "page": 24,
      "char_count": 2840,
      "has_content": true
    },
    {
      "page": 25,
      "char_count": 2284,
      "has_content": true
    },
    {
      "page": 26,
      "char_count": 2666,
      "has_content": true
    },
    {
      "page": 27,
      "char_count": 3069,
      "has_content": true
    },
    {
      "page": 28,
      "char_count": 2865,
      "has_content": true
    },
    {
      "page": 29,
      "char_count": 2903,
      "has_content": true
    },
    {
      "page": 30,
      "char_count": 2986,
      "has_content": true
    },
    {
      "page": 31,
      "char_count": 3009,
      "has_content": true
    },
    {
      "page": 32,
      "char_count": 2568,
      "has_content": true
    },
    {
      "page": 33,
      "char_count": 2133,
      "has_content": true
    },
    {
      "page": 34,
      "char_count": 2004,
      "has_content": true
    },
    {
      "page": 35,
      "char_count": 2593,
      "has_content": true
    },
    {
      "page": 36,
      "char_count": 2912,
      "has_content": true
    },
    {
      "page": 37,
      "char_count": 2873,
      "has_content": true
    },
    {
      "page": 38,
      "char_count": 2629,
      "has_content": true
    },
    {
      "page": 39,
      "char_count": 2843,
      "has_content": true
    },
    {
      "page": 40,
      "char_count": 2121,
      "has_content": true
    },
    {
      "page": 41,
      "char_count": 2509,
      "has_content": true
    },
    {
      "page": 42,
      "char_count": 2080,
      "has_content": true
    },
    {
      "page": 43,
      "char_count": 2926,
      "has_content": true
    },
    {
      "page": 44,
      "char_count": 2967,
      "has_content": true
    },
    {
      "page": 45,
      "char_count": 2685,
      "has_content": true
    },
    {
      "page": 46,
      "char_count": 2949,
      "has_content": true
    },
    {
      "page": 47,
      "char_count": 2884,
      "has_content": true
    },
    {
      "page": 48,
      "char_count": 2359,
      "has_content": true
    }
  ]
}