{
  "total_pages": 64,
  "title": "CF CORE DAO",
  "author": "",
  "creation_date": "D:20250625175155Z00'00'",
  "page_texts": [
    {
      "page": 1,
      "char_count": 2875,
      "has_content": true
    },
    {
      "page": 2,
      "char_count": 3284,
      "has_content": true
    },
    {
      "page": 3,
      "char_count": 3466,
      "has_content": true
    },
    {
      "page": 4,
      "char_count": 3716,
      "has_content": true
    },
    {
      "page": 5,
      "char_count": 3090,
      "has_content": true
    },
    {
      "page": 6,
      "char_count": 3494,
      "has_content": true
    },
    {
      "page": 7,
      "char_count": 3486,
      "has_content": true
    },
    {
      "page": 8,
      "char_count": 3409,
      "has_content": true
    },
    {
      "page": 9,
      "char_count": 3287,
      "has_content": true
    },
    {
      "page": 10,
      "char_count": 3350,
      "has_content": true
    },
    {
      "page": 11,
      "char_count": 3664,
      "has_content": true
    },
    {
      "page": 12,
      "char_count": 3690,
      "has_content": true
    },
    {
      "page": 13,
      "char_count": 3107,
      "has_content": true
    },
    {
      "page": 14,
      "char_count": 3048,
      "has_content": true
    },
    {
      "page": 15,
      "char_count": 3339,
      "has_content": true
    },
    {
      "page": 16,
      "char_count": 3314,
      "has_content": true
    },
    {
      "page": 17,
      "char_count": 3200,
      "has_content": true
    },
    {
      "page": 18,
      "char_count": 3603,
      "has_content": true
    },
    {
      "page": 19,
      "char_count": 3202,
      "has_content": true
    },
    {
      "page": 20,
      "char_count": 3410,
      "has_content": true
    },
    {
      "page": 21,
      "char_count": 3106,
      "has_content": true
    },
    {
      "page": 22,
      "char_count": 3541,
      "has_content": true
    },
    {
      "page": 23,
      "char_count": 3346,
      "has_content": true
    },
    {
      "page": 24,
      "char_count": 3212,
      "has_content": true
    },
    {
      "page": 25,
      "char_count": 3669,
      "has_content": true
    },
    {
      "page": 26,
      "char_count": 3004,
      "has_content": true
    },
    {
      "page": 27,
      "char_count": 3402,
      "has_content": true
    },
    {
      "page": 28,
      "char_count": 3080,
      "has_content": true
    },
    {
      "page": 29,
      "char_count": 3308,
      "has_content": true
    },
    {
      "page": 30,
      "char_count": 2930,
      "has_content": true
    },
    {
      "page": 31,
      "char_count": 3491,
      "has_content": true
    },
    {
      "page": 32,
      "char_count": 2963,
      "has_content": true
    },
    {
      "page": 33,
      "char_count": 2754,
      "has_content": true
    },
    {
      "page": 34,
      "char_count": 3312,
      "has_content": true
    },
    {
      "page": 35,
      "char_count": 3159,
      "has_content": true
    },
    {
      "page": 36,
      "char_count": 2937,
      "has_content": true
    },
    {
      "page": 37,
      "char_count": 2800,
      "has_content": true
    },
    {
      "page": 38,
      "char_count": 2927,
      "has_content": true
    },
    {
      "page": 39,
      "char_count": 2635,
      "has_content": true
    },
    {
      "page": 40,
      "char_count": 2531,
      "has_content": true
    },
    {
      "page": 41,
      "char_count": 2733,
      "has_content": true
    },
    {
      "page": 42,
      "char_count": 2662,
      "has_content": true
    },
    {
      "page": 43,
      "char_count": 3088,
      "has_content": true
    },
    {
      "page": 44,
      "char_count": 2483,
      "has_content": true
    },
    {
      "page": 45,
      "char_count": 3355,
      "has_content": true
    },
    {
      "page": 46,
      "char_count": 2647,
      "has_content": true
    },
    {
      "page": 47,
      "char_count": 2848,
      "has_content": true
    },
    {
      "page": 48,
      "char_count": 3063,
      "has_content": true
    },
    {
      "page": 49,
      "char_count": 2864,
      "has_content": true
    },
    {
      "page": 50,
      "char_count": 2434,
      "has_content": true
    },
    {
      "page": 51,
      "char_count": 2639,
      "has_content": true
    },
    {
      "page": 52,
      "char_count": 2680,
      "has_content": true
    },
    {
      "page": 53,
      "char_count": 2688,
      "has_content": true
    },
    {
      "page": 54,
      "char_count": 2307,
      "has_content": true
    },
    {
      "page": 55,
      "char_count": 1517,
      "has_content": true
    },
    {
      "page": 56,
      "char_count": 1686,
      "has_content": true
    },
    {
      "page": 57,
      "char_count": 1235,
      "has_content": true
    },
    {
      "page": 58,
      "char_count": 2393,
      "has_content": true
    },
    {
      "page": 59,
      "char_count": 2562,
      "has_content": true
    },
    {
      "page": 60,
      "char_count": 3039,
      "has_content": true
    },
    {
      "page": 61,
      "char_count": 3303,
      "has_content": true
    },
    {
      "page": 62,
      "char_count": 3736,
      "has_content": true
    },
    {
      "page": 63,
      "char_count": 3307,
      "has_content": true
    },
    {
      "page": 64,
      "char_count": 646,
      "has_content": true
    }
  ]
}