{
  "total_pages": 40,
  "title": "CF CUDIS ",
  "author": "",
  "creation_date": "D:20250612184043Z00'00'",
  "page_texts": [
    {
      "page": 1,
      "char_count": 3095,
      "has_content": true
    },
    {
      "page": 2,
      "char_count": 3433,
      "has_content": true
    },
    {
      "page": 3,
      "char_count": 3615,
      "has_content": true
    },
    {
      "page": 4,
      "char_count": 3521,
      "has_content": true
    },
    {
      "page": 5,
      "char_count": 3853,
      "has_content": true
    },
    {
      "page": 6,
      "char_count": 3576,
      "has_content": true
    },
    {
      "page": 7,
      "char_count": 3638,
      "has_content": true
    },
    {
      "page": 8,
      "char_count": 3320,
      "has_content": true
    },
    {
      "page": 9,
      "char_count": 3690,
      "has_content": true
    },
    {
      "page": 10,
      "char_count": 3675,
      "has_content": true
    },
    {
      "page": 11,
      "char_count": 2684,
      "has_content": true
    },
    {
      "page": 12,
      "char_count": 3652,
      "has_content": true
    },
    {
      "page": 13,
      "char_count": 3595,
      "has_content": true
    },
    {
      "page": 14,
      "char_count": 3401,
      "has_content": true
    },
    {
      "page": 15,
      "char_count": 3223,
      "has_content": true
    },
    {
      "page": 16,
      "char_count": 3191,
      "has_content": true
    },
    {
      "page": 17,
      "char_count": 3511,
      "has_content": true
    },
    {
      "page": 18,
      "char_count": 3316,
      "has_content": true
    },
    {
      "page": 19,
      "char_count": 3526,
      "has_content": true
    },
    {
      "page": 20,
      "char_count": 3331,
      "has_content": true
    },
    {
      "page": 21,
      "char_count": 3667,
      "has_content": true
    },
    {
      "page": 22,
      "char_count": 3440,
      "has_content": true
    },
    {
      "page": 23,
      "char_count": 3848,
      "has_content": true
    },
    {
      "page": 24,
      "char_count": 3127,
      "has_content": true
    },
    {
      "page": 25,
      "char_count": 2826,
      "has_content": true
    },
    {
      "page": 26,
      "char_count": 3344,
      "has_content": true
    },
    {
      "page": 27,
      "char_count": 2763,
      "has_content": true
    },
    {
      "page": 28,
      "char_count": 3389,
      "has_content": true
    },
    {
      "page": 29,
      "char_count": 2825,
      "has_content": true
    },
    {
      "page": 30,
      "char_count": 2631,
      "has_content": true
    },
    {
      "page": 31,
      "char_count": 3116,
      "has_content": true
    },
    {
      "page": 32,
      "char_count": 2877,
      "has_content": true
    },
    {
      "page": 33,
      "char_count": 2292,
      "has_content": true
    },
    {
      "page": 34,
      "char_count": 3216,
      "has_content": true
    },
    {
      "page": 35,
      "char_count": 2653,
      "has_content": true
    },
    {
      "page": 36,
      "char_count": 2601,
      "has_content": true
    },
    {
      "page": 37,
      "char_count": 3457,
      "has_content": true
    },
    {
      "page": 38,
      "char_count": 3289,
      "has_content": true
    },
    {
      "page": 39,
      "char_count": 3413,
      "has_content": true
    },
    {
      "page": 40,
      "char_count": 2582,
      "has_content": true
    }
  ]
}