{
  "total_pages": 27,
  "title": "CF Drift",
  "author": "",
  "creation_date": "D:20250305103736Z00'00'",
  "page_texts": [
    {
      "page": 1,
      "char_count": 535,
      "has_content": true
    },
    {
      "page": 2,
      "char_count": 1331,
      "has_content": true
    },
    {
      "page": 3,
      "char_count": 1263,
      "has_content": true
    },
    {
      "page": 4,
      "char_count": 1176,
      "has_content": true
    },
    {
      "page": 5,
      "char_count": 717,
      "has_content": true
    },
    {
      "page": 6,
      "char_count": 256,
      "has_content": true
    },
    {
      "page": 7,
      "char_count": 1290,
      "has_content": true
    },
    {
      "page": 8,
      "char_count": 1250,
      "has_content": true
    },
    {
      "page": 9,
      "char_count": 175,
      "has_content": true
    },
    {
      "page": 10,
      "char_count": 152,
      "has_content": true
    },
    {
      "page": 11,
      "char_count": 71,
      "has_content": true
    },
    {
      "page": 12,
      "char_count": 34,
      "has_content": true
    },
    {
      "page": 13,
      "char_count": 120,
      "has_content": true
    },
    {
      "page": 14,
      "char_count": 94,
      "has_content": true
    },
    {
      "page": 15,
      "char_count": 187,
      "has_content": true
    },
    {
      "page": 16,
      "char_count": 81,
      "has_content": true
    },
    {
      "page": 17,
      "char_count": 50,
      "has_content": true
    },
    {
      "page": 18,
      "char_count": 330,
      "has_content": true
    },
    {
      "page": 19,
      "char_count": 297,
      "has_content": true
    },
    {
      "page": 20,
      "char_count": 173,
      "has_content": true
    },
    {
      "page": 21,
      "char_count": 64,
      "has_content": true
    },
    {
      "page": 22,
      "char_count": 276,
      "has_content": true
    },
    {
      "page": 23,
      "char_count": 708,
      "has_content": true
    },
    {
      "page": 24,
      "char_count": 533,
      "has_content": true
    },
    {
      "page": 25,
      "char_count": 257,
      "has_content": true
    },
    {
      "page": 26,
      "char_count": 1028,
      "has_content": true
    },
    {
      "page": 27,
      "char_count": 289,
      "has_content": true
    }
  ]
}