{
  "total_pages": 51,
  "title": "CF DMAIL ",
  "author": "",
  "creation_date": "D:20250602155304Z00'00'",
  "page_texts": [
    {
      "page": 1,
      "char_count": 3039,
      "has_content": true
    },
    {
      "page": 2,
      "char_count": 3798,
      "has_content": true
    },
    {
      "page": 3,
      "char_count": 3837,
      "has_content": true
    },
    {
      "page": 4,
      "char_count": 3559,
      "has_content": true
    },
    {
      "page": 5,
      "char_count": 3611,
      "has_content": true
    },
    {
      "page": 6,
      "char_count": 3806,
      "has_content": true
    },
    {
      "page": 7,
      "char_count": 3770,
      "has_content": true
    },
    {
      "page": 8,
      "char_count": 3690,
      "has_content": true
    },
    {
      "page": 9,
      "char_count": 3264,
      "has_content": true
    },
    {
      "page": 10,
      "char_count": 3507,
      "has_content": true
    },
    {
      "page": 11,
      "char_count": 3353,
      "has_content": true
    },
    {
      "page": 12,
      "char_count": 3521,
      "has_content": true
    },
    {
      "page": 13,
      "char_count": 3581,
      "has_content": true
    },
    {
      "page": 14,
      "char_count": 3920,
      "has_content": true
    },
    {
      "page": 15,
      "char_count": 3013,
      "has_content": true
    },
    {
      "page": 16,
      "char_count": 3073,
      "has_content": true
    },
    {
      "page": 17,
      "char_count": 3637,
      "has_content": true
    },
    {
      "page": 18,
      "char_count": 3889,
      "has_content": true
    },
    {
      "page": 19,
      "char_count": 2676,
      "has_content": true
    },
    {
      "page": 20,
      "char_count": 2912,
      "has_content": true
    },
    {
      "page": 21,
      "char_count": 3180,
      "has_content": true
    },
    {
      "page": 22,
      "char_count": 3440,
      "has_content": true
    },
    {
      "page": 23,
      "char_count": 2896,
      "has_content": true
    },
    {
      "page": 24,
      "char_count": 2633,
      "has_content": true
    },
    {
      "page": 25,
      "char_count": 3575,
      "has_content": true
    },
    {
      "page": 26,
      "char_count": 3107,
      "has_content": true
    },
    {
      "page": 27,
      "char_count": 3782,
      "has_content": true
    },
    {
      "page": 28,
      "char_count": 3863,
      "has_content": true
    },
    {
      "page": 29,
      "char_count": 3566,
      "has_content": true
    },
    {
      "page": 30,
      "char_count": 3729,
      "has_content": true
    },
    {
      "page": 31,
      "char_count": 3762,
      "has_content": true
    },
    {
      "page": 32,
      "char_count": 3662,
      "has_content": true
    },
    {
      "page": 33,
      "char_count": 3823,
      "has_content": true
    },
    {
      "page": 34,
      "char_count": 3268,
      "has_content": true
    },
    {
      "page": 35,
      "char_count": 3482,
      "has_content": true
    },
    {
      "page": 36,
      "char_count": 3256,
      "has_content": true
    },
    {
      "page": 37,
      "char_count": 3469,
      "has_content": true
    },
    {
      "page": 38,
      "char_count": 3699,
      "has_content": true
    },
    {
      "page": 39,
      "char_count": 3768,
      "has_content": true
    },
    {
      "page": 40,
      "char_count": 3382,
      "has_content": true
    },
    {
      "page": 41,
      "char_count": 2921,
      "has_content": true
    },
    {
      "page": 42,
      "char_count": 3575,
      "has_content": true
    },
    {
      "page": 43,
      "char_count": 3820,
      "has_content": true
    },
    {
      "page": 44,
      "char_count": 3173,
      "has_content": true
    },
    {
      "page": 45,
      "char_count": 2521,
      "has_content": true
    },
    {
      "page": 46,
      "char_count": 3158,
      "has_content": true
    },
    {
      "page": 47,
      "char_count": 3435,
      "has_content": true
    },
    {
      "page": 48,
      "char_count": 3241,
      "has_content": true
    },
    {
      "page": 49,
      "char_count": 2311,
      "has_content": true
    },
    {
      "page": 50,
      "char_count": 3397,
      "has_content": true
    },
    {
      "page": 51,
      "char_count": 2248,
      "has_content": true
    }
  ]
}