{
  "total_pages": 54,
  "title": "CF ENA 2025-06",
  "author": "",
  "creation_date": "D:20250628080221Z00'00'",
  "page_texts": [
    {
      "page": 1,
      "char_count": 2942,
      "has_content": true
    },
    {
      "page": 2,
      "char_count": 3981,
      "has_content": true
    },
    {
      "page": 3,
      "char_count": 3369,
      "has_content": true
    },
    {
      "page": 4,
      "char_count": 3763,
      "has_content": true
    },
    {
      "page": 5,
      "char_count": 3335,
      "has_content": true
    },
    {
      "page": 6,
      "char_count": 3629,
      "has_content": true
    },
    {
      "page": 7,
      "char_count": 3379,
      "has_content": true
    },
    {
      "page": 8,
      "char_count": 3421,
      "has_content": true
    },
    {
      "page": 9,
      "char_count": 3694,
      "has_content": true
    },
    {
      "page": 10,
      "char_count": 3681,
      "has_content": true
    },
    {
      "page": 11,
      "char_count": 3312,
      "has_content": true
    },
    {
      "page": 12,
      "char_count": 3189,
      "has_content": true
    },
    {
      "page": 13,
      "char_count": 3446,
      "has_content": true
    },
    {
      "page": 14,
      "char_count": 3576,
      "has_content": true
    },
    {
      "page": 15,
      "char_count": 2938,
      "has_content": true
    },
    {
      "page": 16,
      "char_count": 2608,
      "has_content": true
    },
    {
      "page": 17,
      "char_count": 3656,
      "has_content": true
    },
    {
      "page": 18,
      "char_count": 3406,
      "has_content": true
    },
    {
      "page": 19,
      "char_count": 3261,
      "has_content": true
    },
    {
      "page": 20,
      "char_count": 3516,
      "has_content": true
    },
    {
      "page": 21,
      "char_count": 2994,
      "has_content": true
    },
    {
      "page": 22,
      "char_count": 3174,
      "has_content": true
    },
    {
      "page": 23,
      "char_count": 2633,
      "has_content": true
    },
    {
      "page": 24,
      "char_count": 2809,
      "has_content": true
    },
    {
      "page": 25,
      "char_count": 2710,
      "has_content": true
    },
    {
      "page": 26,
      "char_count": 3187,
      "has_content": true
    },
    {
      "page": 27,
      "char_count": 3101,
      "has_content": true
    },
    {
      "page": 28,
      "char_count": 3173,
      "has_content": true
    },
    {
      "page": 29,
      "char_count": 3113,
      "has_content": true
    },
    {
      "page": 30,
      "char_count": 3350,
      "has_content": true
    },
    {
      "page": 31,
      "char_count": 3449,
      "has_content": true
    },
    {
      "page": 32,
      "char_count": 2653,
      "has_content": true
    },
    {
      "page": 33,
      "char_count": 2817,
      "has_content": true
    },
    {
      "page": 34,
      "char_count": 2471,
      "has_content": true
    },
    {
      "page": 35,
      "char_count": 2899,
      "has_content": true
    },
    {
      "page": 36,
      "char_count": 2163,
      "has_content": true
    },
    {
      "page": 37,
      "char_count": 3006,
      "has_content": true
    },
    {
      "page": 38,
      "char_count": 2993,
      "has_content": true
    },
    {
      "page": 39,
      "char_count": 1784,
      "has_content": true
    },
    {
      "page": 40,
      "char_count": 2900,
      "has_content": true
    },
    {
      "page": 41,
      "char_count": 2579,
      "has_content": true
    },
    {
      "page": 42,
      "char_count": 2523,
      "has_content": true
    },
    {
      "page": 43,
      "char_count": 2382,
      "has_content": true
    },
    {
      "page": 44,
      "char_count": 2516,
      "has_content": true
    },
    {
      "page": 45,
      "char_count": 2555,
      "has_content": true
    },
    {
      "page": 46,
      "char_count": 2544,
      "has_content": true
    },
    {
      "page": 47,
      "char_count": 2845,
      "has_content": true
    },
    {
      "page": 48,
      "char_count": 2580,
      "has_content": true
    },
    {
      "page": 49,
      "char_count": 2442,
      "has_content": true
    },
    {
      "page": 50,
      "char_count": 3059,
      "has_content": true
    },
    {
      "page": 51,
      "char_count": 3485,
      "has_content": true
    },
    {
      "page": 52,
      "char_count": 3745,
      "has_content": true
    },
    {
      "page": 53,
      "char_count": 3659,
      "has_content": true
    },
    {
      "page": 54,
      "char_count": 679,
      "has_content": true
    }
  ]
}