{
  "total_pages": 34,
  "title": "CF EIGEN + SEI. + Сравнение моделей. ",
  "author": "",
  "creation_date": "D:20250303120816Z00'00'",
  "page_texts": [
    {
      "page": 1,
      "char_count": 2761,
      "has_content": true
    },
    {
      "page": 2,
      "char_count": 3031,
      "has_content": true
    },
    {
      "page": 3,
      "char_count": 3239,
      "has_content": true
    },
    {
      "page": 4,
      "char_count": 3363,
      "has_content": true
    },
    {
      "page": 5,
      "char_count": 3624,
      "has_content": true
    },
    {
      "page": 6,
      "char_count": 3644,
      "has_content": true
    },
    {
      "page": 7,
      "char_count": 3934,
      "has_content": true
    },
    {
      "page": 8,
      "char_count": 3901,
      "has_content": true
    },
    {
      "page": 9,
      "char_count": 3977,
      "has_content": true
    },
    {
      "page": 10,
      "char_count": 3481,
      "has_content": true
    },
    {
      "page": 11,
      "char_count": 3815,
      "has_content": true
    },
    {
      "page": 12,
      "char_count": 3867,
      "has_content": true
    },
    {
      "page": 13,
      "char_count": 3896,
      "has_content": true
    },
    {
      "page": 14,
      "char_count": 3301,
      "has_content": true
    },
    {
      "page": 15,
      "char_count": 4227,
      "has_content": true
    },
    {
      "page": 16,
      "char_count": 3944,
      "has_content": true
    },
    {
      "page": 17,
      "char_count": 3813,
      "has_content": true
    },
    {
      "page": 18,
      "char_count": 3825,
      "has_content": true
    },
    {
      "page": 19,
      "char_count": 4295,
      "has_content": true
    },
    {
      "page": 20,
      "char_count": 3832,
      "has_content": true
    },
    {
      "page": 21,
      "char_count": 3734,
      "has_content": true
    },
    {
      "page": 22,
      "char_count": 4239,
      "has_content": true
    },
    {
      "page": 23,
      "char_count": 3706,
      "has_content": true
    },
    {
      "page": 24,
      "char_count": 3493,
      "has_content": true
    },
    {
      "page": 25,
      "char_count": 2088,
      "has_content": true
    },
    {
      "page": 26,
      "char_count": 1291,
      "has_content": true
    },
    {
      "page": 27,
      "char_count": 2413,
      "has_content": true
    },
    {
      "page": 28,
      "char_count": 1405,
      "has_content": true
    },
    {
      "page": 29,
      "char_count": 1358,
      "has_content": true
    },
    {
      "page": 30,
      "char_count": 1314,
      "has_content": true
    },
    {
      "page": 31,
      "char_count": 1316,
      "has_content": true
    },
    {
      "page": 32,
      "char_count": 2441,
      "has_content": true
    },
    {
      "page": 33,
      "char_count": 2601,
      "has_content": true
    },
    {
      "page": 34,
      "char_count": 1741,
      "has_content": true
    }
  ]
}