{
  "total_pages": 32,
  "title": "CF ENA",
  "author": "",
  "creation_date": "D:20250305103411Z00'00'",
  "page_texts": [
    {
      "page": 1,
      "char_count": 2428,
      "has_content": true
    },
    {
      "page": 2,
      "char_count": 2579,
      "has_content": true
    },
    {
      "page": 3,
      "char_count": 2589,
      "has_content": true
    },
    {
      "page": 4,
      "char_count": 3129,
      "has_content": true
    },
    {
      "page": 5,
      "char_count": 2483,
      "has_content": true
    },
    {
      "page": 6,
      "char_count": 2653,
      "has_content": true
    },
    {
      "page": 7,
      "char_count": 2869,
      "has_content": true
    },
    {
      "page": 8,
      "char_count": 3242,
      "has_content": true
    },
    {
      "page": 9,
      "char_count": 2734,
      "has_content": true
    },
    {
      "page": 10,
      "char_count": 2931,
      "has_content": true
    },
    {
      "page": 11,
      "char_count": 2645,
      "has_content": true
    },
    {
      "page": 12,
      "char_count": 2169,
      "has_content": true
    },
    {
      "page": 13,
      "char_count": 2663,
      "has_content": true
    },
    {
      "page": 14,
      "char_count": 2822,
      "has_content": true
    },
    {
      "page": 15,
      "char_count": 2657,
      "has_content": true
    },
    {
      "page": 16,
      "char_count": 2549,
      "has_content": true
    },
    {
      "page": 17,
      "char_count": 2792,
      "has_content": true
    },
    {
      "page": 18,
      "char_count": 2501,
      "has_content": true
    },
    {
      "page": 19,
      "char_count": 2496,
      "has_content": true
    },
    {
      "page": 20,
      "char_count": 2900,
      "has_content": true
    },
    {
      "page": 21,
      "char_count": 3003,
      "has_content": true
    },
    {
      "page": 22,
      "char_count": 2391,
      "has_content": true
    },
    {
      "page": 23,
      "char_count": 3357,
      "has_content": true
    },
    {
      "page": 24,
      "char_count": 3391,
      "has_content": true
    },
    {
      "page": 25,
      "char_count": 2695,
      "has_content": true
    },
    {
      "page": 26,
      "char_count": 2758,
      "has_content": true
    },
    {
      "page": 27,
      "char_count": 2638,
      "has_content": true
    },
    {
      "page": 28,
      "char_count": 3166,
      "has_content": true
    },
    {
      "page": 29,
      "char_count": 3466,
      "has_content": true
    },
    {
      "page": 30,
      "char_count": 2855,
      "has_content": true
    },
    {
      "page": 31,
      "char_count": 3467,
      "has_content": true
    },
    {
      "page": 32,
      "char_count": 3631,
      "has_content": true
    }
  ]
}