{
  "total_pages": 30,
  "title": "CF Eternal AI ",
  "author": "",
  "creation_date": "D:20250525124958Z00'00'",
  "page_texts": [
    {
      "page": 1,
      "char_count": 3729,
      "has_content": true
    },
    {
      "page": 2,
      "char_count": 4394,
      "has_content": true
    },
    {
      "page": 3,
      "char_count": 4682,
      "has_content": true
    },
    {
      "page": 4,
      "char_count": 4447,
      "has_content": true
    },
    {
      "page": 5,
      "char_count": 4400,
      "has_content": true
    },
    {
      "page": 6,
      "char_count": 4443,
      "has_content": true
    },
    {
      "page": 7,
      "char_count": 3931,
      "has_content": true
    },
    {
      "page": 8,
      "char_count": 4750,
      "has_content": true
    },
    {
      "page": 9,
      "char_count": 4325,
      "has_content": true
    },
    {
      "page": 10,
      "char_count": 4492,
      "has_content": true
    },
    {
      "page": 11,
      "char_count": 4481,
      "has_content": true
    },
    {
      "page": 12,
      "char_count": 4257,
      "has_content": true
    },
    {
      "page": 13,
      "char_count": 4806,
      "has_content": true
    },
    {
      "page": 14,
      "char_count": 4188,
      "has_content": true
    },
    {
      "page": 15,
      "char_count": 4369,
      "has_content": true
    },
    {
      "page": 16,
      "char_count": 3923,
      "has_content": true
    },
    {
      "page": 17,
      "char_count": 4442,
      "has_content": true
    },
    {
      "page": 18,
      "char_count": 4383,
      "has_content": true
    },
    {
      "page": 19,
      "char_count": 4680,
      "has_content": true
    },
    {
      "page": 20,
      "char_count": 3845,
      "has_content": true
    },
    {
      "page": 21,
      "char_count": 4233,
      "has_content": true
    },
    {
      "page": 22,
      "char_count": 4265,
      "has_content": true
    },
    {
      "page": 23,
      "char_count": 4539,
      "has_content": true
    },
    {
      "page": 24,
      "char_count": 4257,
      "has_content": true
    },
    {
      "page": 25,
      "char_count": 3897,
      "has_content": true
    },
    {
      "page": 26,
      "char_count": 4012,
      "has_content": true
    },
    {
      "page": 27,
      "char_count": 4114,
      "has_content": true
    },
    {
      "page": 28,
      "char_count": 4053,
      "has_content": true
    },
    {
      "page": 29,
      "char_count": 4207,
      "has_content": true
    },
    {
      "page": 30,
      "char_count": 113,
      "has_content": true
    }
  ]
}