{
  "total_pages": 24,
  "title": "CF Ether.fi",
  "author": "",
  "creation_date": "D:20240425093812Z00'00'",
  "page_texts": [
    {
      "page": 1,
      "char_count": 583,
      "has_content": true
    },
    {
      "page": 2,
      "char_count": 1131,
      "has_content": true
    },
    {
      "page": 3,
      "char_count": 1032,
      "has_content": true
    },
    {
      "page": 4,
      "char_count": 757,
      "has_content": true
    },
    {
      "page": 5,
      "char_count": 1004,
      "has_content": true
    },
    {
      "page": 6,
      "char_count": 86,
      "has_content": true
    },
    {
      "page": 7,
      "char_count": 11,
      "has_content": true
    },
    {
      "page": 8,
      "char_count": 119,
      "has_content": true
    },
    {
      "page": 9,
      "char_count": 17,
      "has_content": true
    },
    {
      "page": 10,
      "char_count": 0,
      "has_content": false
    },
    {
      "page": 11,
      "char_count": 78,
      "has_content": true
    },
    {
      "page": 12,
      "char_count": 150,
      "has_content": true
    },
    {
      "page": 13,
      "char_count": 168,
      "has_content": true
    },
    {
      "page": 14,
      "char_count": 189,
      "has_content": true
    },
    {
      "page": 15,
      "char_count": 186,
      "has_content": true
    },
    {
      "page": 16,
      "char_count": 534,
      "has_content": true
    },
    {
      "page": 17,
      "char_count": 44,
      "has_content": true
    },
    {
      "page": 18,
      "char_count": 289,
      "has_content": true
    },
    {
      "page": 19,
      "char_count": 445,
      "has_content": true
    },
    {
      "page": 20,
      "char_count": 179,
      "has_content": true
    },
    {
      "page": 21,
      "char_count": 419,
      "has_content": true
    },
    {
      "page": 22,
      "char_count": 143,
      "has_content": true
    },
    {
      "page": 23,
      "char_count": 1026,
      "has_content": true
    },
    {
      "page": 24,
      "char_count": 186,
      "has_content": true
    }
  ]
}