{
  "total_pages": 29,
  "title": "CF Ethfi 03-25",
  "author": "",
  "creation_date": "D:20250322043944Z00'00'",
  "page_texts": [
    {
      "page": 1,
      "char_count": 2591,
      "has_content": true
    },
    {
      "page": 2,
      "char_count": 3146,
      "has_content": true
    },
    {
      "page": 3,
      "char_count": 3608,
      "has_content": true
    },
    {
      "page": 4,
      "char_count": 3322,
      "has_content": true
    },
    {
      "page": 5,
      "char_count": 3428,
      "has_content": true
    },
    {
      "page": 6,
      "char_count": 3366,
      "has_content": true
    },
    {
      "page": 7,
      "char_count": 3571,
      "has_content": true
    },
    {
      "page": 8,
      "char_count": 3236,
      "has_content": true
    },
    {
      "page": 9,
      "char_count": 3245,
      "has_content": true
    },
    {
      "page": 10,
      "char_count": 3427,
      "has_content": true
    },
    {
      "page": 11,
      "char_count": 3329,
      "has_content": true
    },
    {
      "page": 12,
      "char_count": 2800,
      "has_content": true
    },
    {
      "page": 13,
      "char_count": 3178,
      "has_content": true
    },
    {
      "page": 14,
      "char_count": 3375,
      "has_content": true
    },
    {
      "page": 15,
      "char_count": 3367,
      "has_content": true
    },
    {
      "page": 16,
      "char_count": 3326,
      "has_content": true
    },
    {
      "page": 17,
      "char_count": 3280,
      "has_content": true
    },
    {
      "page": 18,
      "char_count": 3101,
      "has_content": true
    },
    {
      "page": 19,
      "char_count": 3254,
      "has_content": true
    },
    {
      "page": 20,
      "char_count": 3566,
      "has_content": true
    },
    {
      "page": 21,
      "char_count": 3166,
      "has_content": true
    },
    {
      "page": 22,
      "char_count": 3165,
      "has_content": true
    },
    {
      "page": 23,
      "char_count": 3365,
      "has_content": true
    },
    {
      "page": 24,
      "char_count": 3282,
      "has_content": true
    },
    {
      "page": 25,
      "char_count": 2814,
      "has_content": true
    },
    {
      "page": 26,
      "char_count": 3267,
      "has_content": true
    },
    {
      "page": 27,
      "char_count": 3767,
      "has_content": true
    },
    {
      "page": 28,
      "char_count": 3755,
      "has_content": true
    },
    {
      "page": 29,
      "char_count": 2647,
      "has_content": true
    }
  ]
}