{
  "total_pages": 35,
  "title": "CF FUEL 03-25",
  "author": "",
  "creation_date": "D:20250321071811Z00'00'",
  "page_texts": [
    {
      "page": 1,
      "char_count": 1856,
      "has_content": true
    },
    {
      "page": 2,
      "char_count": 2212,
      "has_content": true
    },
    {
      "page": 3,
      "char_count": 2207,
      "has_content": true
    },
    {
      "page": 4,
      "char_count": 2609,
      "has_content": true
    },
    {
      "page": 5,
      "char_count": 2552,
      "has_content": true
    },
    {
      "page": 6,
      "char_count": 1940,
      "has_content": true
    },
    {
      "page": 7,
      "char_count": 2473,
      "has_content": true
    },
    {
      "page": 8,
      "char_count": 2786,
      "has_content": true
    },
    {
      "page": 9,
      "char_count": 2741,
      "has_content": true
    },
    {
      "page": 10,
      "char_count": 2928,
      "has_content": true
    },
    {
      "page": 11,
      "char_count": 2864,
      "has_content": true
    },
    {
      "page": 12,
      "char_count": 2797,
      "has_content": true
    },
    {
      "page": 13,
      "char_count": 2362,
      "has_content": true
    },
    {
      "page": 14,
      "char_count": 2168,
      "has_content": true
    },
    {
      "page": 15,
      "char_count": 2367,
      "has_content": true
    },
    {
      "page": 16,
      "char_count": 2410,
      "has_content": true
    },
    {
      "page": 17,
      "char_count": 2673,
      "has_content": true
    },
    {
      "page": 18,
      "char_count": 2957,
      "has_content": true
    },
    {
      "page": 19,
      "char_count": 2459,
      "has_content": true
    },
    {
      "page": 20,
      "char_count": 2547,
      "has_content": true
    },
    {
      "page": 21,
      "char_count": 2211,
      "has_content": true
    },
    {
      "page": 22,
      "char_count": 2694,
      "has_content": true
    },
    {
      "page": 23,
      "char_count": 3011,
      "has_content": true
    },
    {
      "page": 24,
      "char_count": 3206,
      "has_content": true
    },
    {
      "page": 25,
      "char_count": 3518,
      "has_content": true
    },
    {
      "page": 26,
      "char_count": 3310,
      "has_content": true
    },
    {
      "page": 27,
      "char_count": 2909,
      "has_content": true
    },
    {
      "page": 28,
      "char_count": 2841,
      "has_content": true
    },
    {
      "page": 29,
      "char_count": 3187,
      "has_content": true
    },
    {
      "page": 30,
      "char_count": 2120,
      "has_content": true
    },
    {
      "page": 31,
      "char_count": 2632,
      "has_content": true
    },
    {
      "page": 32,
      "char_count": 2465,
      "has_content": true
    },
    {
      "page": 33,
      "char_count": 2485,
      "has_content": true
    },
    {
      "page": 34,
      "char_count": 3302,
      "has_content": true
    },
    {
      "page": 35,
      "char_count": 286,
      "has_content": true
    }
  ]
}