{
  "total_pages": 25,
  "title": "CF FETCH AI",
  "author": "",
  "creation_date": "D:20250530192039Z00'00'",
  "page_texts": [
    {
      "page": 1,
      "char_count": 3670,
      "has_content": true
    },
    {
      "page": 2,
      "char_count": 4293,
      "has_content": true
    },
    {
      "page": 3,
      "char_count": 4129,
      "has_content": true
    },
    {
      "page": 4,
      "char_count": 4667,
      "has_content": true
    },
    {
      "page": 5,
      "char_count": 4043,
      "has_content": true
    },
    {
      "page": 6,
      "char_count": 4293,
      "has_content": true
    },
    {
      "page": 7,
      "char_count": 4112,
      "has_content": true
    },
    {
      "page": 8,
      "char_count": 4423,
      "has_content": true
    },
    {
      "page": 9,
      "char_count": 4277,
      "has_content": true
    },
    {
      "page": 10,
      "char_count": 4076,
      "has_content": true
    },
    {
      "page": 11,
      "char_count": 4115,
      "has_content": true
    },
    {
      "page": 12,
      "char_count": 4100,
      "has_content": true
    },
    {
      "page": 13,
      "char_count": 4056,
      "has_content": true
    },
    {
      "page": 14,
      "char_count": 4494,
      "has_content": true
    },
    {
      "page": 15,
      "char_count": 3997,
      "has_content": true
    },
    {
      "page": 16,
      "char_count": 4282,
      "has_content": true
    },
    {
      "page": 17,
      "char_count": 4033,
      "has_content": true
    },
    {
      "page": 18,
      "char_count": 4263,
      "has_content": true
    },
    {
      "page": 19,
      "char_count": 3936,
      "has_content": true
    },
    {
      "page": 20,
      "char_count": 4705,
      "has_content": true
    },
    {
      "page": 21,
      "char_count": 4602,
      "has_content": true
    },
    {
      "page": 22,
      "char_count": 3737,
      "has_content": true
    },
    {
      "page": 23,
      "char_count": 4250,
      "has_content": true
    },
    {
      "page": 24,
      "char_count": 4509,
      "has_content": true
    },
    {
      "page": 25,
      "char_count": 3886,
      "has_content": true
    }
  ]
}