{
  "total_pages": 93,
  "title": "CF GRASS",
  "author": "",
  "creation_date": "D:20250509163905Z00'00'",
  "page_texts": [
    {
      "page": 1,
      "char_count": 2928,
      "has_content": true
    },
    {
      "page": 2,
      "char_count": 3461,
      "has_content": true
    },
    {
      "page": 3,
      "char_count": 3389,
      "has_content": true
    },
    {
      "page": 4,
      "char_count": 3499,
      "has_content": true
    },
    {
      "page": 5,
      "char_count": 3254,
      "has_content": true
    },
    {
      "page": 6,
      "char_count": 3346,
      "has_content": true
    },
    {
      "page": 7,
      "char_count": 3899,
      "has_content": true
    },
    {
      "page": 8,
      "char_count": 3361,
      "has_content": true
    },
    {
      "page": 9,
      "char_count": 3227,
      "has_content": true
    },
    {
      "page": 10,
      "char_count": 3116,
      "has_content": true
    },
    {
      "page": 11,
      "char_count": 3836,
      "has_content": true
    },
    {
      "page": 12,
      "char_count": 3472,
      "has_content": true
    },
    {
      "page": 13,
      "char_count": 3319,
      "has_content": true
    },
    {
      "page": 14,
      "char_count": 3178,
      "has_content": true
    },
    {
      "page": 15,
      "char_count": 2946,
      "has_content": true
    },
    {
      "page": 16,
      "char_count": 3526,
      "has_content": true
    },
    {
      "page": 17,
      "char_count": 3526,
      "has_content": true
    },
    {
      "page": 18,
      "char_count": 3732,
      "has_content": true
    },
    {
      "page": 19,
      "char_count": 3450,
      "has_content": true
    },
    {
      "page": 20,
      "char_count": 3516,
      "has_content": true
    },
    {
      "page": 21,
      "char_count": 3357,
      "has_content": true
    },
    {
      "page": 22,
      "char_count": 3079,
      "has_content": true
    },
    {
      "page": 23,
      "char_count": 3095,
      "has_content": true
    },
    {
      "page": 24,
      "char_count": 2739,
      "has_content": true
    },
    {
      "page": 25,
      "char_count": 2939,
      "has_content": true
    },
    {
      "page": 26,
      "char_count": 2751,
      "has_content": true
    },
    {
      "page": 27,
      "char_count": 3038,
      "has_content": true
    },
    {
      "page": 28,
      "char_count": 3232,
      "has_content": true
    },
    {
      "page": 29,
      "char_count": 3342,
      "has_content": true
    },
    {
      "page": 30,
      "char_count": 3004,
      "has_content": true
    },
    {
      "page": 31,
      "char_count": 3734,
      "has_content": true
    },
    {
      "page": 32,
      "char_count": 3576,
      "has_content": true
    },
    {
      "page": 33,
      "char_count": 2756,
      "has_content": true
    },
    {
      "page": 34,
      "char_count": 2909,
      "has_content": true
    },
    {
      "page": 35,
      "char_count": 2747,
      "has_content": true
    },
    {
      "page": 36,
      "char_count": 2424,
      "has_content": true
    },
    {
      "page": 37,
      "char_count": 2333,
      "has_content": true
    },
    {
      "page": 38,
      "char_count": 2408,
      "has_content": true
    },
    {
      "page": 39,
      "char_count": 3921,
      "has_content": true
    },
    {
      "page": 40,
      "char_count": 3156,
      "has_content": true
    },
    {
      "page": 41,
      "char_count": 3116,
      "has_content": true
    },
    {
      "page": 42,
      "char_count": 2985,
      "has_content": true
    },
    {
      "page": 43,
      "char_count": 3294,
      "has_content": true
    },
    {
      "page": 44,
      "char_count": 3655,
      "has_content": true
    },
    {
      "page": 45,
      "char_count": 3384,
      "has_content": true
    },
    {
      "page": 46,
      "char_count": 3513,
      "has_content": true
    },
    {
      "page": 47,
      "char_count": 3488,
      "has_content": true
    },
    {
      "page": 48,
      "char_count": 3401,
      "has_content": true
    },
    {
      "page": 49,
      "char_count": 3365,
      "has_content": true
    },
    {
      "page": 50,
      "char_count": 3505,
      "has_content": true
    },
    {
      "page": 51,
      "char_count": 3367,
      "has_content": true
    },
    {
      "page": 52,
      "char_count": 3184,
      "has_content": true
    },
    {
      "page": 53,
      "char_count": 3784,
      "has_content": true
    },
    {
      "page": 54,
      "char_count": 3503,
      "has_content": true
    },
    {
      "page": 55,
      "char_count": 3420,
      "has_content": true
    },
    {
      "page": 56,
      "char_count": 3043,
      "has_content": true
    },
    {
      "page": 57,
      "char_count": 3593,
      "has_content": true
    },
    {
      "page": 58,
      "char_count": 3630,
      "has_content": true
    },
    {
      "page": 59,
      "char_count": 3367,
      "has_content": true
    },
    {
      "page": 60,
      "char_count": 3155,
      "has_content": true
    },
    {
      "page": 61,
      "char_count": 3125,
      "has_content": true
    },
    {
      "page": 62,
      "char_count": 3311,
      "has_content": true
    },
    {
      "page": 63,
      "char_count": 3579,
      "has_content": true
    },
    {
      "page": 64,
      "char_count": 3684,
      "has_content": true
    },
    {
      "page": 65,
      "char_count": 3399,
      "has_content": true
    },
    {
      "page": 66,
      "char_count": 3436,
      "has_content": true
    },
    {
      "page": 67,
      "char_count": 3454,
      "has_content": true
    },
    {
      "page": 68,
      "char_count": 3143,
      "has_content": true
    },
    {
      "page": 69,
      "char_count": 3202,
      "has_content": true
    },
    {
      "page": 70,
      "char_count": 2608,
      "has_content": true
    },
    {
      "page": 71,
      "char_count": 3143,
      "has_content": true
    },
    {
      "page": 72,
      "char_count": 2535,
      "has_content": true
    },
    {
      "page": 73,
      "char_count": 3197,
      "has_content": true
    },
    {
      "page": 74,
      "char_count": 2996,
      "has_content": true
    },
    {
      "page": 75,
      "char_count": 3416,
      "has_content": true
    },
    {
      "page": 76,
      "char_count": 3258,
      "has_content": true
    },
    {
      "page": 77,
      "char_count": 3458,
      "has_content": true
    },
    {
      "page": 78,
      "char_count": 3756,
      "has_content": true
    },
    {
      "page": 79,
      "char_count": 3020,
      "has_content": true
    },
    {
      "page": 80,
      "char_count": 2801,
      "has_content": true
    },
    {
      "page": 81,
      "char_count": 2752,
      "has_content": true
    },
    {
      "page": 82,
      "char_count": 2442,
      "has_content": true
    },
    {
      "page": 83,
      "char_count": 2464,
      "has_content": true
    },
    {
      "page": 84,
      "char_count": 2363,
      "has_content": true
    },
    {
      "page": 85,
      "char_count": 3786,
      "has_content": true
    },
    {
      "page": 86,
      "char_count": 3271,
      "has_content": true
    },
    {
      "page": 87,
      "char_count": 3198,
      "has_content": true
    },
    {
      "page": 88,
      "char_count": 2929,
      "has_content": true
    },
    {
      "page": 89,
      "char_count": 3246,
      "has_content": true
    },
    {
      "page": 90,
      "char_count": 3647,
      "has_content": true
    },
    {
      "page": 91,
      "char_count": 3386,
      "has_content": true
    },
    {
      "page": 92,
      "char_count": 3587,
      "has_content": true
    },
    {
      "page": 93,
      "char_count": 1183,
      "has_content": true
    }
  ]
}