{
  "total_pages": 25,
  "title": "CF Goldfinch",
  "author": "",
  "creation_date": "D:20231227083238Z00'00'",
  "page_texts": [
    {
      "page": 1,
      "char_count": 737,
      "has_content": true
    },
    {
      "page": 2,
      "char_count": 1288,
      "has_content": true
    },
    {
      "page": 3,
      "char_count": 1380,
      "has_content": true
    },
    {
      "page": 4,
      "char_count": 586,
      "has_content": true
    },
    {
      "page": 5,
      "char_count": 589,
      "has_content": true
    },
    {
      "page": 6,
      "char_count": 1259,
      "has_content": true
    },
    {
      "page": 7,
      "char_count": 77,
      "has_content": true
    },
    {
      "page": 8,
      "char_count": 48,
      "has_content": true
    },
    {
      "page": 9,
      "char_count": 68,
      "has_content": true
    },
    {
      "page": 10,
      "char_count": 81,
      "has_content": true
    },
    {
      "page": 11,
      "char_count": 174,
      "has_content": true
    },
    {
      "page": 12,
      "char_count": 220,
      "has_content": true
    },
    {
      "page": 13,
      "char_count": 115,
      "has_content": true
    },
    {
      "page": 14,
      "char_count": 117,
      "has_content": true
    },
    {
      "page": 15,
      "char_count": 408,
      "has_content": true
    },
    {
      "page": 16,
      "char_count": 466,
      "has_content": true
    },
    {
      "page": 17,
      "char_count": 262,
      "has_content": true
    },
    {
      "page": 18,
      "char_count": 331,
      "has_content": true
    },
    {
      "page": 19,
      "char_count": 718,
      "has_content": true
    },
    {
      "page": 20,
      "char_count": 308,
      "has_content": true
    },
    {
      "page": 21,
      "char_count": 80,
      "has_content": true
    },
    {
      "page": 22,
      "char_count": 136,
      "has_content": true
    },
    {
      "page": 23,
      "char_count": 109,
      "has_content": true
    },
    {
      "page": 24,
      "char_count": 638,
      "has_content": true
    },
    {
      "page": 25,
      "char_count": 777,
      "has_content": true
    }
  ]
}