{
  "total_pages": 56,
  "title": "CF GRAPH ",
  "author": "",
  "creation_date": "D:20250526154644Z00'00'",
  "page_texts": [
    {
      "page": 1,
      "char_count": 2354,
      "has_content": true
    },
    {
      "page": 2,
      "char_count": 3170,
      "has_content": true
    },
    {
      "page": 3,
      "char_count": 3777,
      "has_content": true
    },
    {
      "page": 4,
      "char_count": 2990,
      "has_content": true
    },
    {
      "page": 5,
      "char_count": 3456,
      "has_content": true
    },
    {
      "page": 6,
      "char_count": 3186,
      "has_content": true
    },
    {
      "page": 7,
      "char_count": 3061,
      "has_content": true
    },
    {
      "page": 8,
      "char_count": 2823,
      "has_content": true
    },
    {
      "page": 9,
      "char_count": 1908,
      "has_content": true
    },
    {
      "page": 10,
      "char_count": 3772,
      "has_content": true
    },
    {
      "page": 11,
      "char_count": 3606,
      "has_content": true
    },
    {
      "page": 12,
      "char_count": 3264,
      "has_content": true
    },
    {
      "page": 13,
      "char_count": 3128,
      "has_content": true
    },
    {
      "page": 14,
      "char_count": 3068,
      "has_content": true
    },
    {
      "page": 15,
      "char_count": 2988,
      "has_content": true
    },
    {
      "page": 16,
      "char_count": 3312,
      "has_content": true
    },
    {
      "page": 17,
      "char_count": 2978,
      "has_content": true
    },
    {
      "page": 18,
      "char_count": 3195,
      "has_content": true
    },
    {
      "page": 19,
      "char_count": 3717,
      "has_content": true
    },
    {
      "page": 20,
      "char_count": 3135,
      "has_content": true
    },
    {
      "page": 21,
      "char_count": 2903,
      "has_content": true
    },
    {
      "page": 22,
      "char_count": 2973,
      "has_content": true
    },
    {
      "page": 23,
      "char_count": 3346,
      "has_content": true
    },
    {
      "page": 24,
      "char_count": 1546,
      "has_content": true
    },
    {
      "page": 25,
      "char_count": 2801,
      "has_content": true
    },
    {
      "page": 26,
      "char_count": 2732,
      "has_content": true
    },
    {
      "page": 27,
      "char_count": 2774,
      "has_content": true
    },
    {
      "page": 28,
      "char_count": 3162,
      "has_content": true
    },
    {
      "page": 29,
      "char_count": 2844,
      "has_content": true
    },
    {
      "page": 30,
      "char_count": 3094,
      "has_content": true
    },
    {
      "page": 31,
      "char_count": 3158,
      "has_content": true
    },
    {
      "page": 32,
      "char_count": 3013,
      "has_content": true
    },
    {
      "page": 33,
      "char_count": 2582,
      "has_content": true
    },
    {
      "page": 34,
      "char_count": 3398,
      "has_content": true
    },
    {
      "page": 35,
      "char_count": 3246,
      "has_content": true
    },
    {
      "page": 36,
      "char_count": 2765,
      "has_content": true
    },
    {
      "page": 37,
      "char_count": 3312,
      "has_content": true
    },
    {
      "page": 38,
      "char_count": 3053,
      "has_content": true
    },
    {
      "page": 39,
      "char_count": 1855,
      "has_content": true
    },
    {
      "page": 40,
      "char_count": 1826,
      "has_content": true
    },
    {
      "page": 41,
      "char_count": 2147,
      "has_content": true
    },
    {
      "page": 42,
      "char_count": 2762,
      "has_content": true
    },
    {
      "page": 43,
      "char_count": 2977,
      "has_content": true
    },
    {
      "page": 44,
      "char_count": 3253,
      "has_content": true
    },
    {
      "page": 45,
      "char_count": 3507,
      "has_content": true
    },
    {
      "page": 46,
      "char_count": 2949,
      "has_content": true
    },
    {
      "page": 47,
      "char_count": 2592,
      "has_content": true
    },
    {
      "page": 48,
      "char_count": 2716,
      "has_content": true
    },
    {
      "page": 49,
      "char_count": 2490,
      "has_content": true
    },
    {
      "page": 50,
      "char_count": 2261,
      "has_content": true
    },
    {
      "page": 51,
      "char_count": 2517,
      "has_content": true
    },
    {
      "page": 52,
      "char_count": 2758,
      "has_content": true
    },
    {
      "page": 53,
      "char_count": 2961,
      "has_content": true
    },
    {
      "page": 54,
      "char_count": 2814,
      "has_content": true
    },
    {
      "page": 55,
      "char_count": 2555,
      "has_content": true
    },
    {
      "page": 56,
      "char_count": 147,
      "has_content": true
    }
  ]
}