{
  "total_pages": 41,
  "title": "CF GIZA ",
  "author": "",
  "creation_date": "D:20250609062410Z00'00'",
  "page_texts": [
    {
      "page": 1,
      "char_count": 3260,
      "has_content": true
    },
    {
      "page": 2,
      "char_count": 3582,
      "has_content": true
    },
    {
      "page": 3,
      "char_count": 3875,
      "has_content": true
    },
    {
      "page": 4,
      "char_count": 3143,
      "has_content": true
    },
    {
      "page": 5,
      "char_count": 3387,
      "has_content": true
    },
    {
      "page": 6,
      "char_count": 3306,
      "has_content": true
    },
    {
      "page": 7,
      "char_count": 3425,
      "has_content": true
    },
    {
      "page": 8,
      "char_count": 3354,
      "has_content": true
    },
    {
      "page": 9,
      "char_count": 3059,
      "has_content": true
    },
    {
      "page": 10,
      "char_count": 3633,
      "has_content": true
    },
    {
      "page": 11,
      "char_count": 3106,
      "has_content": true
    },
    {
      "page": 12,
      "char_count": 3166,
      "has_content": true
    },
    {
      "page": 13,
      "char_count": 3482,
      "has_content": true
    },
    {
      "page": 14,
      "char_count": 3764,
      "has_content": true
    },
    {
      "page": 15,
      "char_count": 3256,
      "has_content": true
    },
    {
      "page": 16,
      "char_count": 3406,
      "has_content": true
    },
    {
      "page": 17,
      "char_count": 2933,
      "has_content": true
    },
    {
      "page": 18,
      "char_count": 3317,
      "has_content": true
    },
    {
      "page": 19,
      "char_count": 3314,
      "has_content": true
    },
    {
      "page": 20,
      "char_count": 3442,
      "has_content": true
    },
    {
      "page": 21,
      "char_count": 2633,
      "has_content": true
    },
    {
      "page": 22,
      "char_count": 3260,
      "has_content": true
    },
    {
      "page": 23,
      "char_count": 3238,
      "has_content": true
    },
    {
      "page": 24,
      "char_count": 2781,
      "has_content": true
    },
    {
      "page": 25,
      "char_count": 2889,
      "has_content": true
    },
    {
      "page": 26,
      "char_count": 3415,
      "has_content": true
    },
    {
      "page": 27,
      "char_count": 3100,
      "has_content": true
    },
    {
      "page": 28,
      "char_count": 2715,
      "has_content": true
    },
    {
      "page": 29,
      "char_count": 2772,
      "has_content": true
    },
    {
      "page": 30,
      "char_count": 3228,
      "has_content": true
    },
    {
      "page": 31,
      "char_count": 2971,
      "has_content": true
    },
    {
      "page": 32,
      "char_count": 2833,
      "has_content": true
    },
    {
      "page": 33,
      "char_count": 2530,
      "has_content": true
    },
    {
      "page": 34,
      "char_count": 2249,
      "has_content": true
    },
    {
      "page": 35,
      "char_count": 1923,
      "has_content": true
    },
    {
      "page": 36,
      "char_count": 2417,
      "has_content": true
    },
    {
      "page": 37,
      "char_count": 2609,
      "has_content": true
    },
    {
      "page": 38,
      "char_count": 3209,
      "has_content": true
    },
    {
      "page": 39,
      "char_count": 3177,
      "has_content": true
    },
    {
      "page": 40,
      "char_count": 3127,
      "has_content": true
    },
    {
      "page": 41,
      "char_count": 2123,
      "has_content": true
    }
  ]
}