{
  "total_pages": 50,
  "title": "CF HONEY ",
  "author": "",
  "creation_date": "D:20250529173309Z00'00'",
  "page_texts": [
    {
      "page": 1,
      "char_count": 3132,
      "has_content": true
    },
    {
      "page": 2,
      "char_count": 3890,
      "has_content": true
    },
    {
      "page": 3,
      "char_count": 3815,
      "has_content": true
    },
    {
      "page": 4,
      "char_count": 3510,
      "has_content": true
    },
    {
      "page": 5,
      "char_count": 3616,
      "has_content": true
    },
    {
      "page": 6,
      "char_count": 3270,
      "has_content": true
    },
    {
      "page": 7,
      "char_count": 3493,
      "has_content": true
    },
    {
      "page": 8,
      "char_count": 3484,
      "has_content": true
    },
    {
      "page": 9,
      "char_count": 3603,
      "has_content": true
    },
    {
      "page": 10,
      "char_count": 3462,
      "has_content": true
    },
    {
      "page": 11,
      "char_count": 3713,
      "has_content": true
    },
    {
      "page": 12,
      "char_count": 3737,
      "has_content": true
    },
    {
      "page": 13,
      "char_count": 3461,
      "has_content": true
    },
    {
      "page": 14,
      "char_count": 3152,
      "has_content": true
    },
    {
      "page": 15,
      "char_count": 3054,
      "has_content": true
    },
    {
      "page": 16,
      "char_count": 2910,
      "has_content": true
    },
    {
      "page": 17,
      "char_count": 3097,
      "has_content": true
    },
    {
      "page": 18,
      "char_count": 3075,
      "has_content": true
    },
    {
      "page": 19,
      "char_count": 3397,
      "has_content": true
    },
    {
      "page": 20,
      "char_count": 3091,
      "has_content": true
    },
    {
      "page": 21,
      "char_count": 2752,
      "has_content": true
    },
    {
      "page": 22,
      "char_count": 3048,
      "has_content": true
    },
    {
      "page": 23,
      "char_count": 3137,
      "has_content": true
    },
    {
      "page": 24,
      "char_count": 3393,
      "has_content": true
    },
    {
      "page": 25,
      "char_count": 3166,
      "has_content": true
    },
    {
      "page": 26,
      "char_count": 3530,
      "has_content": true
    },
    {
      "page": 27,
      "char_count": 2740,
      "has_content": true
    },
    {
      "page": 28,
      "char_count": 2845,
      "has_content": true
    },
    {
      "page": 29,
      "char_count": 2906,
      "has_content": true
    },
    {
      "page": 30,
      "char_count": 3022,
      "has_content": true
    },
    {
      "page": 31,
      "char_count": 2811,
      "has_content": true
    },
    {
      "page": 32,
      "char_count": 3031,
      "has_content": true
    },
    {
      "page": 33,
      "char_count": 2997,
      "has_content": true
    },
    {
      "page": 34,
      "char_count": 2823,
      "has_content": true
    },
    {
      "page": 35,
      "char_count": 2950,
      "has_content": true
    },
    {
      "page": 36,
      "char_count": 2498,
      "has_content": true
    },
    {
      "page": 37,
      "char_count": 2496,
      "has_content": true
    },
    {
      "page": 38,
      "char_count": 2093,
      "has_content": true
    },
    {
      "page": 39,
      "char_count": 2587,
      "has_content": true
    },
    {
      "page": 40,
      "char_count": 2502,
      "has_content": true
    },
    {
      "page": 41,
      "char_count": 2155,
      "has_content": true
    },
    {
      "page": 42,
      "char_count": 2127,
      "has_content": true
    },
    {
      "page": 43,
      "char_count": 2555,
      "has_content": true
    },
    {
      "page": 44,
      "char_count": 2389,
      "has_content": true
    },
    {
      "page": 45,
      "char_count": 2405,
      "has_content": true
    },
    {
      "page": 46,
      "char_count": 3296,
      "has_content": true
    },
    {
      "page": 47,
      "char_count": 3356,
      "has_content": true
    },
    {
      "page": 48,
      "char_count": 3516,
      "has_content": true
    },
    {
      "page": 49,
      "char_count": 3713,
      "has_content": true
    },
    {
      "page": 50,
      "char_count": 2087,
      "has_content": true
    }
  ]
}