{
  "total_pages": 41,
  "title": "CF HNT renew25",
  "author": "",
  "creation_date": "D:20250617095403Z00'00'",
  "page_texts": [
    {
      "page": 1,
      "char_count": 3202,
      "has_content": true
    },
    {
      "page": 2,
      "char_count": 4007,
      "has_content": true
    },
    {
      "page": 3,
      "char_count": 3386,
      "has_content": true
    },
    {
      "page": 4,
      "char_count": 3473,
      "has_content": true
    },
    {
      "page": 5,
      "char_count": 3643,
      "has_content": true
    },
    {
      "page": 6,
      "char_count": 3388,
      "has_content": true
    },
    {
      "page": 7,
      "char_count": 3756,
      "has_content": true
    },
    {
      "page": 8,
      "char_count": 3313,
      "has_content": true
    },
    {
      "page": 9,
      "char_count": 3599,
      "has_content": true
    },
    {
      "page": 10,
      "char_count": 3017,
      "has_content": true
    },
    {
      "page": 11,
      "char_count": 3148,
      "has_content": true
    },
    {
      "page": 12,
      "char_count": 3413,
      "has_content": true
    },
    {
      "page": 13,
      "char_count": 2647,
      "has_content": true
    },
    {
      "page": 14,
      "char_count": 2866,
      "has_content": true
    },
    {
      "page": 15,
      "char_count": 3294,
      "has_content": true
    },
    {
      "page": 16,
      "char_count": 2975,
      "has_content": true
    },
    {
      "page": 17,
      "char_count": 3259,
      "has_content": true
    },
    {
      "page": 18,
      "char_count": 3316,
      "has_content": true
    },
    {
      "page": 19,
      "char_count": 2483,
      "has_content": true
    },
    {
      "page": 20,
      "char_count": 2525,
      "has_content": true
    },
    {
      "page": 21,
      "char_count": 3184,
      "has_content": true
    },
    {
      "page": 22,
      "char_count": 2767,
      "has_content": true
    },
    {
      "page": 23,
      "char_count": 2962,
      "has_content": true
    },
    {
      "page": 24,
      "char_count": 3829,
      "has_content": true
    },
    {
      "page": 25,
      "char_count": 2933,
      "has_content": true
    },
    {
      "page": 26,
      "char_count": 2852,
      "has_content": true
    },
    {
      "page": 27,
      "char_count": 2655,
      "has_content": true
    },
    {
      "page": 28,
      "char_count": 3078,
      "has_content": true
    },
    {
      "page": 29,
      "char_count": 2739,
      "has_content": true
    },
    {
      "page": 30,
      "char_count": 2480,
      "has_content": true
    },
    {
      "page": 31,
      "char_count": 2117,
      "has_content": true
    },
    {
      "page": 32,
      "char_count": 2627,
      "has_content": true
    },
    {
      "page": 33,
      "char_count": 2331,
      "has_content": true
    },
    {
      "page": 34,
      "char_count": 2987,
      "has_content": true
    },
    {
      "page": 35,
      "char_count": 3059,
      "has_content": true
    },
    {
      "page": 36,
      "char_count": 3408,
      "has_content": true
    },
    {
      "page": 37,
      "char_count": 3478,
      "has_content": true
    },
    {
      "page": 38,
      "char_count": 3099,
      "has_content": true
    },
    {
      "page": 39,
      "char_count": 3649,
      "has_content": true
    },
    {
      "page": 40,
      "char_count": 3552,
      "has_content": true
    },
    {
      "page": 41,
      "char_count": 117,
      "has_content": true
    }
  ]
}