{
  "total_pages": 23,
  "title": "CF HORIZEN",
  "author": "",
  "creation_date": "D:20231230191426Z00'00'",
  "page_texts": [
    {
      "page": 1,
      "char_count": 757,
      "has_content": true
    },
    {
      "page": 2,
      "char_count": 742,
      "has_content": true
    },
    {
      "page": 3,
      "char_count": 961,
      "has_content": true
    },
    {
      "page": 4,
      "char_count": 694,
      "has_content": true
    },
    {
      "page": 5,
      "char_count": 4,
      "has_content": false
    },
    {
      "page": 6,
      "char_count": 4,
      "has_content": false
    },
    {
      "page": 7,
      "char_count": 1001,
      "has_content": true
    },
    {
      "page": 8,
      "char_count": 543,
      "has_content": true
    },
    {
      "page": 9,
      "char_count": 1194,
      "has_content": true
    },
    {
      "page": 10,
      "char_count": 970,
      "has_content": true
    },
    {
      "page": 11,
      "char_count": 389,
      "has_content": true
    },
    {
      "page": 12,
      "char_count": 284,
      "has_content": true
    },
    {
      "page": 13,
      "char_count": 218,
      "has_content": true
    },
    {
      "page": 14,
      "char_count": 232,
      "has_content": true
    },
    {
      "page": 15,
      "char_count": 728,
      "has_content": true
    },
    {
      "page": 16,
      "char_count": 512,
      "has_content": true
    },
    {
      "page": 17,
      "char_count": 646,
      "has_content": true
    },
    {
      "page": 18,
      "char_count": 778,
      "has_content": true
    },
    {
      "page": 19,
      "char_count": 233,
      "has_content": true
    },
    {
      "page": 20,
      "char_count": 2,
      "has_content": false
    },
    {
      "page": 21,
      "char_count": 528,
      "has_content": true
    },
    {
      "page": 22,
      "char_count": 946,
      "has_content": true
    },
    {
      "page": 23,
      "char_count": 301,
      "has_content": true
    }
  ]
}