{
  "total_pages": 39,
  "title": "CF HUMA",
  "author": "",
  "creation_date": "D:20250609062201Z00'00'",
  "page_texts": [
    {
      "page": 1,
      "char_count": 2770,
      "has_content": true
    },
    {
      "page": 2,
      "char_count": 3417,
      "has_content": true
    },
    {
      "page": 3,
      "char_count": 3660,
      "has_content": true
    },
    {
      "page": 4,
      "char_count": 3347,
      "has_content": true
    },
    {
      "page": 5,
      "char_count": 4076,
      "has_content": true
    },
    {
      "page": 6,
      "char_count": 3848,
      "has_content": true
    },
    {
      "page": 7,
      "char_count": 3670,
      "has_content": true
    },
    {
      "page": 8,
      "char_count": 4163,
      "has_content": true
    },
    {
      "page": 9,
      "char_count": 3460,
      "has_content": true
    },
    {
      "page": 10,
      "char_count": 3650,
      "has_content": true
    },
    {
      "page": 11,
      "char_count": 3758,
      "has_content": true
    },
    {
      "page": 12,
      "char_count": 3669,
      "has_content": true
    },
    {
      "page": 13,
      "char_count": 3463,
      "has_content": true
    },
    {
      "page": 14,
      "char_count": 3488,
      "has_content": true
    },
    {
      "page": 15,
      "char_count": 3658,
      "has_content": true
    },
    {
      "page": 16,
      "char_count": 3572,
      "has_content": true
    },
    {
      "page": 17,
      "char_count": 3560,
      "has_content": true
    },
    {
      "page": 18,
      "char_count": 3502,
      "has_content": true
    },
    {
      "page": 19,
      "char_count": 2899,
      "has_content": true
    },
    {
      "page": 20,
      "char_count": 3402,
      "has_content": true
    },
    {
      "page": 21,
      "char_count": 3475,
      "has_content": true
    },
    {
      "page": 22,
      "char_count": 3594,
      "has_content": true
    },
    {
      "page": 23,
      "char_count": 3694,
      "has_content": true
    },
    {
      "page": 24,
      "char_count": 3534,
      "has_content": true
    },
    {
      "page": 25,
      "char_count": 3327,
      "has_content": true
    },
    {
      "page": 26,
      "char_count": 3520,
      "has_content": true
    },
    {
      "page": 27,
      "char_count": 3548,
      "has_content": true
    },
    {
      "page": 28,
      "char_count": 3537,
      "has_content": true
    },
    {
      "page": 29,
      "char_count": 3335,
      "has_content": true
    },
    {
      "page": 30,
      "char_count": 3503,
      "has_content": true
    },
    {
      "page": 31,
      "char_count": 2282,
      "has_content": true
    },
    {
      "page": 32,
      "char_count": 2897,
      "has_content": true
    },
    {
      "page": 33,
      "char_count": 3175,
      "has_content": true
    },
    {
      "page": 34,
      "char_count": 3377,
      "has_content": true
    },
    {
      "page": 35,
      "char_count": 3588,
      "has_content": true
    },
    {
      "page": 36,
      "char_count": 3587,
      "has_content": true
    },
    {
      "page": 37,
      "char_count": 3817,
      "has_content": true
    },
    {
      "page": 38,
      "char_count": 3814,
      "has_content": true
    },
    {
      "page": 39,
      "char_count": 1860,
      "has_content": true
    }
  ]
}