{
  "total_pages": 18,
  "title": "HNT CFA",
  "author": "",
  "creation_date": "D:20221221132358Z00'00'",
  "page_texts": [
    {
      "page": 1,
      "char_count": 601,
      "has_content": true
    },
    {
      "page": 2,
      "char_count": 712,
      "has_content": true
    },
    {
      "page": 3,
      "char_count": 280,
      "has_content": true
    },
    {
      "page": 4,
      "char_count": 333,
      "has_content": true
    },
    {
      "page": 5,
      "char_count": 15,
      "has_content": true
    },
    {
      "page": 6,
      "char_count": 1299,
      "has_content": true
    },
    {
      "page": 7,
      "char_count": 560,
      "has_content": true
    },
    {
      "page": 8,
      "char_count": 151,
      "has_content": true
    },
    {
      "page": 9,
      "char_count": 73,
      "has_content": true
    },
    {
      "page": 10,
      "char_count": 780,
      "has_content": true
    },
    {
      "page": 11,
      "char_count": 374,
      "has_content": true
    },
    {
      "page": 12,
      "char_count": 964,
      "has_content": true
    },
    {
      "page": 13,
      "char_count": 1,
      "has_content": false
    },
    {
      "page": 14,
      "char_count": 35,
      "has_content": true
    },
    {
      "page": 15,
      "char_count": 397,
      "has_content": true
    },
    {
      "page": 16,
      "char_count": 171,
      "has_content": true
    },
    {
      "page": 17,
      "char_count": 1087,
      "has_content": true
    },
    {
      "page": 18,
      "char_count": 0,
      "has_content": false
    }
  ]
}