{
  "total_pages": 18,
  "title": "CF HBAR 2-03-2025",
  "author": "",
  "creation_date": "D:20250301162104Z00'00'",
  "page_texts": [
    {
      "page": 1,
      "char_count": 2564,
      "has_content": true
    },
    {
      "page": 2,
      "char_count": 3030,
      "has_content": true
    },
    {
      "page": 3,
      "char_count": 3109,
      "has_content": true
    },
    {
      "page": 4,
      "char_count": 3179,
      "has_content": true
    },
    {
      "page": 5,
      "char_count": 3467,
      "has_content": true
    },
    {
      "page": 6,
      "char_count": 3214,
      "has_content": true
    },
    {
      "page": 7,
      "char_count": 3087,
      "has_content": true
    },
    {
      "page": 8,
      "char_count": 3145,
      "has_content": true
    },
    {
      "page": 9,
      "char_count": 3264,
      "has_content": true
    },
    {
      "page": 10,
      "char_count": 3605,
      "has_content": true
    },
    {
      "page": 11,
      "char_count": 3457,
      "has_content": true
    },
    {
      "page": 12,
      "char_count": 3140,
      "has_content": true
    },
    {
      "page": 13,
      "char_count": 3615,
      "has_content": true
    },
    {
      "page": 14,
      "char_count": 2845,
      "has_content": true
    },
    {
      "page": 15,
      "char_count": 3585,
      "has_content": true
    },
    {
      "page": 16,
      "char_count": 3108,
      "has_content": true
    },
    {
      "page": 17,
      "char_count": 1933,
      "has_content": true
    },
    {
      "page": 18,
      "char_count": 371,
      "has_content": true
    }
  ]
}