{
  "total_pages": 27,
  "title": "CF Harmony",
  "author": "",
  "creation_date": "D:20240211093959Z00'00'",
  "page_texts": [
    {
      "page": 1,
      "char_count": 715,
      "has_content": true
    },
    {
      "page": 2,
      "char_count": 742,
      "has_content": true
    },
    {
      "page": 3,
      "char_count": 1163,
      "has_content": true
    },
    {
      "page": 4,
      "char_count": 421,
      "has_content": true
    },
    {
      "page": 5,
      "char_count": 258,
      "has_content": true
    },
    {
      "page": 6,
      "char_count": 854,
      "has_content": true
    },
    {
      "page": 7,
      "char_count": 1042,
      "has_content": true
    },
    {
      "page": 8,
      "char_count": 680,
      "has_content": true
    },
    {
      "page": 9,
      "char_count": 461,
      "has_content": true
    },
    {
      "page": 10,
      "char_count": 810,
      "has_content": true
    },
    {
      "page": 11,
      "char_count": 127,
      "has_content": true
    },
    {
      "page": 12,
      "char_count": 660,
      "has_content": true
    },
    {
      "page": 13,
      "char_count": 636,
      "has_content": true
    },
    {
      "page": 14,
      "char_count": 229,
      "has_content": true
    },
    {
      "page": 15,
      "char_count": 473,
      "has_content": true
    },
    {
      "page": 16,
      "char_count": 171,
      "has_content": true
    },
    {
      "page": 17,
      "char_count": 167,
      "has_content": true
    },
    {
      "page": 18,
      "char_count": 276,
      "has_content": true
    },
    {
      "page": 19,
      "char_count": 645,
      "has_content": true
    },
    {
      "page": 20,
      "char_count": 61,
      "has_content": true
    },
    {
      "page": 21,
      "char_count": 337,
      "has_content": true
    },
    {
      "page": 22,
      "char_count": 584,
      "has_content": true
    },
    {
      "page": 23,
      "char_count": 776,
      "has_content": true
    },
    {
      "page": 24,
      "char_count": 362,
      "has_content": true
    },
    {
      "page": 25,
      "char_count": 58,
      "has_content": true
    },
    {
      "page": 26,
      "char_count": 1027,
      "has_content": true
    },
    {
      "page": 27,
      "char_count": 652,
      "has_content": true
    }
  ]
}