{
  "total_pages": 38,
  "title": "CF IOTA",
  "author": "",
  "creation_date": "D:20250602151014Z00'00'",
  "page_texts": [
    {
      "page": 1,
      "char_count": 3030,
      "has_content": true
    },
    {
      "page": 2,
      "char_count": 3334,
      "has_content": true
    },
    {
      "page": 3,
      "char_count": 3409,
      "has_content": true
    },
    {
      "page": 4,
      "char_count": 3704,
      "has_content": true
    },
    {
      "page": 5,
      "char_count": 3431,
      "has_content": true
    },
    {
      "page": 6,
      "char_count": 3675,
      "has_content": true
    },
    {
      "page": 7,
      "char_count": 3702,
      "has_content": true
    },
    {
      "page": 8,
      "char_count": 3627,
      "has_content": true
    },
    {
      "page": 9,
      "char_count": 3440,
      "has_content": true
    },
    {
      "page": 10,
      "char_count": 3542,
      "has_content": true
    },
    {
      "page": 11,
      "char_count": 3467,
      "has_content": true
    },
    {
      "page": 12,
      "char_count": 3589,
      "has_content": true
    },
    {
      "page": 13,
      "char_count": 3699,
      "has_content": true
    },
    {
      "page": 14,
      "char_count": 2926,
      "has_content": true
    },
    {
      "page": 15,
      "char_count": 2994,
      "has_content": true
    },
    {
      "page": 16,
      "char_count": 3635,
      "has_content": true
    },
    {
      "page": 17,
      "char_count": 3753,
      "has_content": true
    },
    {
      "page": 18,
      "char_count": 3019,
      "has_content": true
    },
    {
      "page": 19,
      "char_count": 3537,
      "has_content": true
    },
    {
      "page": 20,
      "char_count": 3413,
      "has_content": true
    },
    {
      "page": 21,
      "char_count": 2999,
      "has_content": true
    },
    {
      "page": 22,
      "char_count": 3399,
      "has_content": true
    },
    {
      "page": 23,
      "char_count": 3872,
      "has_content": true
    },
    {
      "page": 24,
      "char_count": 3621,
      "has_content": true
    },
    {
      "page": 25,
      "char_count": 3482,
      "has_content": true
    },
    {
      "page": 26,
      "char_count": 3639,
      "has_content": true
    },
    {
      "page": 27,
      "char_count": 3750,
      "has_content": true
    },
    {
      "page": 28,
      "char_count": 3711,
      "has_content": true
    },
    {
      "page": 29,
      "char_count": 3365,
      "has_content": true
    },
    {
      "page": 30,
      "char_count": 3675,
      "has_content": true
    },
    {
      "page": 31,
      "char_count": 3272,
      "has_content": true
    },
    {
      "page": 32,
      "char_count": 3211,
      "has_content": true
    },
    {
      "page": 33,
      "char_count": 3342,
      "has_content": true
    },
    {
      "page": 34,
      "char_count": 3369,
      "has_content": true
    },
    {
      "page": 35,
      "char_count": 3823,
      "has_content": true
    },
    {
      "page": 36,
      "char_count": 3808,
      "has_content": true
    },
    {
      "page": 37,
      "char_count": 3922,
      "has_content": true
    },
    {
      "page": 38,
      "char_count": 1454,
      "has_content": true
    }
  ]
}