{
  "total_pages": 46,
  "title": "CF INITIA ",
  "author": "",
  "creation_date": "D:20250609062308Z00'00'",
  "page_texts": [
    {
      "page": 1,
      "char_count": 3089,
      "has_content": true
    },
    {
      "page": 2,
      "char_count": 3886,
      "has_content": true
    },
    {
      "page": 3,
      "char_count": 2927,
      "has_content": true
    },
    {
      "page": 4,
      "char_count": 3641,
      "has_content": true
    },
    {
      "page": 5,
      "char_count": 3635,
      "has_content": true
    },
    {
      "page": 6,
      "char_count": 3634,
      "has_content": true
    },
    {
      "page": 7,
      "char_count": 3613,
      "has_content": true
    },
    {
      "page": 8,
      "char_count": 3844,
      "has_content": true
    },
    {
      "page": 9,
      "char_count": 3513,
      "has_content": true
    },
    {
      "page": 10,
      "char_count": 3305,
      "has_content": true
    },
    {
      "page": 11,
      "char_count": 3718,
      "has_content": true
    },
    {
      "page": 12,
      "char_count": 3541,
      "has_content": true
    },
    {
      "page": 13,
      "char_count": 3029,
      "has_content": true
    },
    {
      "page": 14,
      "char_count": 3405,
      "has_content": true
    },
    {
      "page": 15,
      "char_count": 3212,
      "has_content": true
    },
    {
      "page": 16,
      "char_count": 3591,
      "has_content": true
    },
    {
      "page": 17,
      "char_count": 3659,
      "has_content": true
    },
    {
      "page": 18,
      "char_count": 2891,
      "has_content": true
    },
    {
      "page": 19,
      "char_count": 3112,
      "has_content": true
    },
    {
      "page": 20,
      "char_count": 3628,
      "has_content": true
    },
    {
      "page": 21,
      "char_count": 3290,
      "has_content": true
    },
    {
      "page": 22,
      "char_count": 3454,
      "has_content": true
    },
    {
      "page": 23,
      "char_count": 3126,
      "has_content": true
    },
    {
      "page": 24,
      "char_count": 3159,
      "has_content": true
    },
    {
      "page": 25,
      "char_count": 3417,
      "has_content": true
    },
    {
      "page": 26,
      "char_count": 2656,
      "has_content": true
    },
    {
      "page": 27,
      "char_count": 2982,
      "has_content": true
    },
    {
      "page": 28,
      "char_count": 3337,
      "has_content": true
    },
    {
      "page": 29,
      "char_count": 2936,
      "has_content": true
    },
    {
      "page": 30,
      "char_count": 3300,
      "has_content": true
    },
    {
      "page": 31,
      "char_count": 2457,
      "has_content": true
    },
    {
      "page": 32,
      "char_count": 3016,
      "has_content": true
    },
    {
      "page": 33,
      "char_count": 2650,
      "has_content": true
    },
    {
      "page": 34,
      "char_count": 2052,
      "has_content": true
    },
    {
      "page": 35,
      "char_count": 2958,
      "has_content": true
    },
    {
      "page": 36,
      "char_count": 2866,
      "has_content": true
    },
    {
      "page": 37,
      "char_count": 2045,
      "has_content": true
    },
    {
      "page": 38,
      "char_count": 1968,
      "has_content": true
    },
    {
      "page": 39,
      "char_count": 2695,
      "has_content": true
    },
    {
      "page": 40,
      "char_count": 2447,
      "has_content": true
    },
    {
      "page": 41,
      "char_count": 3141,
      "has_content": true
    },
    {
      "page": 42,
      "char_count": 2952,
      "has_content": true
    },
    {
      "page": 43,
      "char_count": 3210,
      "has_content": true
    },
    {
      "page": 44,
      "char_count": 3224,
      "has_content": true
    },
    {
      "page": 45,
      "char_count": 2829,
      "has_content": true
    },
    {
      "page": 46,
      "char_count": 1507,
      "has_content": true
    }
  ]
}