{
  "total_pages": 48,
  "title": "CF ICP renew25",
  "author": "",
  "creation_date": "D:20250617101348Z00'00'",
  "page_texts": [
    {
      "page": 1,
      "char_count": 3005,
      "has_content": true
    },
    {
      "page": 2,
      "char_count": 3165,
      "has_content": true
    },
    {
      "page": 3,
      "char_count": 3514,
      "has_content": true
    },
    {
      "page": 4,
      "char_count": 3301,
      "has_content": true
    },
    {
      "page": 5,
      "char_count": 3102,
      "has_content": true
    },
    {
      "page": 6,
      "char_count": 2518,
      "has_content": true
    },
    {
      "page": 7,
      "char_count": 2292,
      "has_content": true
    },
    {
      "page": 8,
      "char_count": 3454,
      "has_content": true
    },
    {
      "page": 9,
      "char_count": 3521,
      "has_content": true
    },
    {
      "page": 10,
      "char_count": 3458,
      "has_content": true
    },
    {
      "page": 11,
      "char_count": 3543,
      "has_content": true
    },
    {
      "page": 12,
      "char_count": 2900,
      "has_content": true
    },
    {
      "page": 13,
      "char_count": 3321,
      "has_content": true
    },
    {
      "page": 14,
      "char_count": 3807,
      "has_content": true
    },
    {
      "page": 15,
      "char_count": 3321,
      "has_content": true
    },
    {
      "page": 16,
      "char_count": 3293,
      "has_content": true
    },
    {
      "page": 17,
      "char_count": 3102,
      "has_content": true
    },
    {
      "page": 18,
      "char_count": 3542,
      "has_content": true
    },
    {
      "page": 19,
      "char_count": 3191,
      "has_content": true
    },
    {
      "page": 20,
      "char_count": 3254,
      "has_content": true
    },
    {
      "page": 21,
      "char_count": 3227,
      "has_content": true
    },
    {
      "page": 22,
      "char_count": 3273,
      "has_content": true
    },
    {
      "page": 23,
      "char_count": 2637,
      "has_content": true
    },
    {
      "page": 24,
      "char_count": 2873,
      "has_content": true
    },
    {
      "page": 25,
      "char_count": 2944,
      "has_content": true
    },
    {
      "page": 26,
      "char_count": 3284,
      "has_content": true
    },
    {
      "page": 27,
      "char_count": 2902,
      "has_content": true
    },
    {
      "page": 28,
      "char_count": 2960,
      "has_content": true
    },
    {
      "page": 29,
      "char_count": 3577,
      "has_content": true
    },
    {
      "page": 30,
      "char_count": 3139,
      "has_content": true
    },
    {
      "page": 31,
      "char_count": 3097,
      "has_content": true
    },
    {
      "page": 32,
      "char_count": 2594,
      "has_content": true
    },
    {
      "page": 33,
      "char_count": 2950,
      "has_content": true
    },
    {
      "page": 34,
      "char_count": 3095,
      "has_content": true
    },
    {
      "page": 35,
      "char_count": 2644,
      "has_content": true
    },
    {
      "page": 36,
      "char_count": 2884,
      "has_content": true
    },
    {
      "page": 37,
      "char_count": 2835,
      "has_content": true
    },
    {
      "page": 38,
      "char_count": 3096,
      "has_content": true
    },
    {
      "page": 39,
      "char_count": 2582,
      "has_content": true
    },
    {
      "page": 40,
      "char_count": 3594,
      "has_content": true
    },
    {
      "page": 41,
      "char_count": 3558,
      "has_content": true
    },
    {
      "page": 42,
      "char_count": 3631,
      "has_content": true
    },
    {
      "page": 43,
      "char_count": 3523,
      "has_content": true
    },
    {
      "page": 44,
      "char_count": 3826,
      "has_content": true
    },
    {
      "page": 45,
      "char_count": 3707,
      "has_content": true
    },
    {
      "page": 46,
      "char_count": 3784,
      "has_content": true
    },
    {
      "page": 47,
      "char_count": 3082,
      "has_content": true
    },
    {
      "page": 48,
      "char_count": 189,
      "has_content": true
    }
  ]
}