{
  "total_pages": 24,
  "title": "IRON FISH CFA",
  "author": "",
  "creation_date": "D:20230611212358Z00'00'",
  "page_texts": [
    {
      "page": 1,
      "char_count": 597,
      "has_content": true
    },
    {
      "page": 2,
      "char_count": 1427,
      "has_content": true
    },
    {
      "page": 3,
      "char_count": 989,
      "has_content": true
    },
    {
      "page": 4,
      "char_count": 391,
      "has_content": true
    },
    {
      "page": 5,
      "char_count": 302,
      "has_content": true
    },
    {
      "page": 6,
      "char_count": 478,
      "has_content": true
    },
    {
      "page": 7,
      "char_count": 1168,
      "has_content": true
    },
    {
      "page": 8,
      "char_count": 1021,
      "has_content": true
    },
    {
      "page": 9,
      "char_count": 1,
      "has_content": false
    },
    {
      "page": 10,
      "char_count": 180,
      "has_content": true
    },
    {
      "page": 11,
      "char_count": 26,
      "has_content": true
    },
    {
      "page": 12,
      "char_count": 246,
      "has_content": true
    },
    {
      "page": 13,
      "char_count": 861,
      "has_content": true
    },
    {
      "page": 14,
      "char_count": 352,
      "has_content": true
    },
    {
      "page": 15,
      "char_count": 822,
      "has_content": true
    },
    {
      "page": 16,
      "char_count": 182,
      "has_content": true
    },
    {
      "page": 17,
      "char_count": 125,
      "has_content": true
    },
    {
      "page": 18,
      "char_count": 292,
      "has_content": true
    },
    {
      "page": 19,
      "char_count": 139,
      "has_content": true
    },
    {
      "page": 20,
      "char_count": 624,
      "has_content": true
    },
    {
      "page": 21,
      "char_count": 1135,
      "has_content": true
    },
    {
      "page": 22,
      "char_count": 1283,
      "has_content": true
    },
    {
      "page": 23,
      "char_count": 310,
      "has_content": true
    },
    {
      "page": 24,
      "char_count": 0,
      "has_content": false
    }
  ]
}