{
  "total_pages": 17,
  "title": "CF IO",
  "author": "",
  "creation_date": "D:20241222172155Z00'00'",
  "page_texts": [
    {
      "page": 1,
      "char_count": 729,
      "has_content": true
    },
    {
      "page": 2,
      "char_count": 1201,
      "has_content": true
    },
    {
      "page": 3,
      "char_count": 724,
      "has_content": true
    },
    {
      "page": 4,
      "char_count": 1110,
      "has_content": true
    },
    {
      "page": 5,
      "char_count": 1172,
      "has_content": true
    },
    {
      "page": 6,
      "char_count": 636,
      "has_content": true
    },
    {
      "page": 7,
      "char_count": 2,
      "has_content": false
    },
    {
      "page": 8,
      "char_count": 261,
      "has_content": true
    },
    {
      "page": 9,
      "char_count": 229,
      "has_content": true
    },
    {
      "page": 10,
      "char_count": 253,
      "has_content": true
    },
    {
      "page": 11,
      "char_count": 630,
      "has_content": true
    },
    {
      "page": 12,
      "char_count": 25,
      "has_content": true
    },
    {
      "page": 13,
      "char_count": 137,
      "has_content": true
    },
    {
      "page": 14,
      "char_count": 427,
      "has_content": true
    },
    {
      "page": 15,
      "char_count": 475,
      "has_content": true
    },
    {
      "page": 16,
      "char_count": 814,
      "has_content": true
    },
    {
      "page": 17,
      "char_count": 550,
      "has_content": true
    }
  ]
}