{
  "total_pages": 28,
  "title": "CF Internet Computer 2023",
  "author": "",
  "creation_date": "D:20230919190309Z00'00'",
  "page_texts": [
    {
      "page": 1,
      "char_count": 389,
      "has_content": true
    },
    {
      "page": 2,
      "char_count": 1044,
      "has_content": true
    },
    {
      "page": 3,
      "char_count": 1064,
      "has_content": true
    },
    {
      "page": 4,
      "char_count": 739,
      "has_content": true
    },
    {
      "page": 5,
      "char_count": 1367,
      "has_content": true
    },
    {
      "page": 6,
      "char_count": 586,
      "has_content": true
    },
    {
      "page": 7,
      "char_count": 2,
      "has_content": false
    },
    {
      "page": 8,
      "char_count": 451,
      "has_content": true
    },
    {
      "page": 9,
      "char_count": 68,
      "has_content": true
    },
    {
      "page": 10,
      "char_count": 120,
      "has_content": true
    },
    {
      "page": 11,
      "char_count": 2,
      "has_content": false
    },
    {
      "page": 12,
      "char_count": 227,
      "has_content": true
    },
    {
      "page": 13,
      "char_count": 48,
      "has_content": true
    },
    {
      "page": 14,
      "char_count": 610,
      "has_content": true
    },
    {
      "page": 15,
      "char_count": 161,
      "has_content": true
    },
    {
      "page": 16,
      "char_count": 23,
      "has_content": true
    },
    {
      "page": 17,
      "char_count": 174,
      "has_content": true
    },
    {
      "page": 18,
      "char_count": 696,
      "has_content": true
    },
    {
      "page": 19,
      "char_count": 1354,
      "has_content": true
    },
    {
      "page": 20,
      "char_count": 583,
      "has_content": true
    },
    {
      "page": 21,
      "char_count": 716,
      "has_content": true
    },
    {
      "page": 22,
      "char_count": 2,
      "has_content": false
    },
    {
      "page": 23,
      "char_count": 1,
      "has_content": false
    },
    {
      "page": 24,
      "char_count": 116,
      "has_content": true
    },
    {
      "page": 25,
      "char_count": 143,
      "has_content": true
    },
    {
      "page": 26,
      "char_count": 1076,
      "has_content": true
    },
    {
      "page": 27,
      "char_count": 968,
      "has_content": true
    },
    {
      "page": 28,
      "char_count": 793,
      "has_content": true
    }
  ]
}