{
  "total_pages": 39,
  "title": "CF JTO",
  "author": "",
  "creation_date": "D:20250602150246Z00'00'",
  "page_texts": [
    {
      "page": 1,
      "char_count": 2731,
      "has_content": true
    },
    {
      "page": 2,
      "char_count": 3369,
      "has_content": true
    },
    {
      "page": 3,
      "char_count": 3525,
      "has_content": true
    },
    {
      "page": 4,
      "char_count": 3432,
      "has_content": true
    },
    {
      "page": 5,
      "char_count": 3271,
      "has_content": true
    },
    {
      "page": 6,
      "char_count": 3296,
      "has_content": true
    },
    {
      "page": 7,
      "char_count": 3402,
      "has_content": true
    },
    {
      "page": 8,
      "char_count": 3106,
      "has_content": true
    },
    {
      "page": 9,
      "char_count": 2834,
      "has_content": true
    },
    {
      "page": 10,
      "char_count": 3018,
      "has_content": true
    },
    {
      "page": 11,
      "char_count": 2980,
      "has_content": true
    },
    {
      "page": 12,
      "char_count": 3231,
      "has_content": true
    },
    {
      "page": 13,
      "char_count": 3063,
      "has_content": true
    },
    {
      "page": 14,
      "char_count": 3042,
      "has_content": true
    },
    {
      "page": 15,
      "char_count": 3162,
      "has_content": true
    },
    {
      "page": 16,
      "char_count": 3193,
      "has_content": true
    },
    {
      "page": 17,
      "char_count": 3276,
      "has_content": true
    },
    {
      "page": 18,
      "char_count": 3088,
      "has_content": true
    },
    {
      "page": 19,
      "char_count": 2919,
      "has_content": true
    },
    {
      "page": 20,
      "char_count": 3282,
      "has_content": true
    },
    {
      "page": 21,
      "char_count": 3050,
      "has_content": true
    },
    {
      "page": 22,
      "char_count": 2825,
      "has_content": true
    },
    {
      "page": 23,
      "char_count": 3065,
      "has_content": true
    },
    {
      "page": 24,
      "char_count": 3017,
      "has_content": true
    },
    {
      "page": 25,
      "char_count": 2324,
      "has_content": true
    },
    {
      "page": 26,
      "char_count": 1925,
      "has_content": true
    },
    {
      "page": 27,
      "char_count": 2795,
      "has_content": true
    },
    {
      "page": 28,
      "char_count": 3093,
      "has_content": true
    },
    {
      "page": 29,
      "char_count": 3240,
      "has_content": true
    },
    {
      "page": 30,
      "char_count": 3146,
      "has_content": true
    },
    {
      "page": 31,
      "char_count": 2936,
      "has_content": true
    },
    {
      "page": 32,
      "char_count": 3053,
      "has_content": true
    },
    {
      "page": 33,
      "char_count": 3238,
      "has_content": true
    },
    {
      "page": 34,
      "char_count": 3029,
      "has_content": true
    },
    {
      "page": 35,
      "char_count": 2716,
      "has_content": true
    },
    {
      "page": 36,
      "char_count": 2593,
      "has_content": true
    },
    {
      "page": 37,
      "char_count": 3399,
      "has_content": true
    },
    {
      "page": 38,
      "char_count": 2796,
      "has_content": true
    },
    {
      "page": 39,
      "char_count": 367,
      "has_content": true
    }
  ]
}