{
  "total_pages": 39,
  "title": "CF JUPITER ",
  "author": "",
  "creation_date": "D:20250602155453Z00'00'",
  "page_texts": [
    {
      "page": 1,
      "char_count": 2941,
      "has_content": true
    },
    {
      "page": 2,
      "char_count": 3280,
      "has_content": true
    },
    {
      "page": 3,
      "char_count": 3125,
      "has_content": true
    },
    {
      "page": 4,
      "char_count": 3352,
      "has_content": true
    },
    {
      "page": 5,
      "char_count": 3362,
      "has_content": true
    },
    {
      "page": 6,
      "char_count": 3573,
      "has_content": true
    },
    {
      "page": 7,
      "char_count": 3500,
      "has_content": true
    },
    {
      "page": 8,
      "char_count": 3898,
      "has_content": true
    },
    {
      "page": 9,
      "char_count": 3467,
      "has_content": true
    },
    {
      "page": 10,
      "char_count": 3432,
      "has_content": true
    },
    {
      "page": 11,
      "char_count": 3683,
      "has_content": true
    },
    {
      "page": 12,
      "char_count": 3667,
      "has_content": true
    },
    {
      "page": 13,
      "char_count": 3962,
      "has_content": true
    },
    {
      "page": 14,
      "char_count": 3087,
      "has_content": true
    },
    {
      "page": 15,
      "char_count": 3419,
      "has_content": true
    },
    {
      "page": 16,
      "char_count": 3272,
      "has_content": true
    },
    {
      "page": 17,
      "char_count": 2925,
      "has_content": true
    },
    {
      "page": 18,
      "char_count": 3142,
      "has_content": true
    },
    {
      "page": 19,
      "char_count": 3009,
      "has_content": true
    },
    {
      "page": 20,
      "char_count": 3363,
      "has_content": true
    },
    {
      "page": 21,
      "char_count": 3751,
      "has_content": true
    },
    {
      "page": 22,
      "char_count": 3423,
      "has_content": true
    },
    {
      "page": 23,
      "char_count": 3291,
      "has_content": true
    },
    {
      "page": 24,
      "char_count": 3002,
      "has_content": true
    },
    {
      "page": 25,
      "char_count": 3540,
      "has_content": true
    },
    {
      "page": 26,
      "char_count": 3007,
      "has_content": true
    },
    {
      "page": 27,
      "char_count": 3193,
      "has_content": true
    },
    {
      "page": 28,
      "char_count": 3090,
      "has_content": true
    },
    {
      "page": 29,
      "char_count": 2988,
      "has_content": true
    },
    {
      "page": 30,
      "char_count": 3810,
      "has_content": true
    },
    {
      "page": 31,
      "char_count": 2464,
      "has_content": true
    },
    {
      "page": 32,
      "char_count": 3561,
      "has_content": true
    },
    {
      "page": 33,
      "char_count": 2697,
      "has_content": true
    },
    {
      "page": 34,
      "char_count": 3250,
      "has_content": true
    },
    {
      "page": 35,
      "char_count": 3434,
      "has_content": true
    },
    {
      "page": 36,
      "char_count": 3790,
      "has_content": true
    },
    {
      "page": 37,
      "char_count": 3751,
      "has_content": true
    },
    {
      "page": 38,
      "char_count": 3160,
      "has_content": true
    },
    {
      "page": 39,
      "char_count": 2528,
      "has_content": true
    }
  ]
}