{
  "total_pages": 38,
  "title": "CF KAMINO FIN",
  "author": "",
  "creation_date": "D:20250602155004Z00'00'",
  "page_texts": [
    {
      "page": 1,
      "char_count": 2634,
      "has_content": true
    },
    {
      "page": 2,
      "char_count": 3624,
      "has_content": true
    },
    {
      "page": 3,
      "char_count": 3667,
      "has_content": true
    },
    {
      "page": 4,
      "char_count": 3086,
      "has_content": true
    },
    {
      "page": 5,
      "char_count": 3521,
      "has_content": true
    },
    {
      "page": 6,
      "char_count": 3318,
      "has_content": true
    },
    {
      "page": 7,
      "char_count": 3749,
      "has_content": true
    },
    {
      "page": 8,
      "char_count": 3542,
      "has_content": true
    },
    {
      "page": 9,
      "char_count": 3360,
      "has_content": true
    },
    {
      "page": 10,
      "char_count": 3717,
      "has_content": true
    },
    {
      "page": 11,
      "char_count": 3410,
      "has_content": true
    },
    {
      "page": 12,
      "char_count": 3667,
      "has_content": true
    },
    {
      "page": 13,
      "char_count": 3865,
      "has_content": true
    },
    {
      "page": 14,
      "char_count": 3449,
      "has_content": true
    },
    {
      "page": 15,
      "char_count": 3544,
      "has_content": true
    },
    {
      "page": 16,
      "char_count": 3530,
      "has_content": true
    },
    {
      "page": 17,
      "char_count": 2949,
      "has_content": true
    },
    {
      "page": 18,
      "char_count": 3234,
      "has_content": true
    },
    {
      "page": 19,
      "char_count": 3268,
      "has_content": true
    },
    {
      "page": 20,
      "char_count": 3513,
      "has_content": true
    },
    {
      "page": 21,
      "char_count": 3181,
      "has_content": true
    },
    {
      "page": 22,
      "char_count": 3045,
      "has_content": true
    },
    {
      "page": 23,
      "char_count": 3378,
      "has_content": true
    },
    {
      "page": 24,
      "char_count": 3809,
      "has_content": true
    },
    {
      "page": 25,
      "char_count": 3768,
      "has_content": true
    },
    {
      "page": 26,
      "char_count": 3139,
      "has_content": true
    },
    {
      "page": 27,
      "char_count": 3509,
      "has_content": true
    },
    {
      "page": 28,
      "char_count": 2947,
      "has_content": true
    },
    {
      "page": 29,
      "char_count": 3601,
      "has_content": true
    },
    {
      "page": 30,
      "char_count": 3643,
      "has_content": true
    },
    {
      "page": 31,
      "char_count": 3530,
      "has_content": true
    },
    {
      "page": 32,
      "char_count": 2753,
      "has_content": true
    },
    {
      "page": 33,
      "char_count": 2990,
      "has_content": true
    },
    {
      "page": 34,
      "char_count": 3477,
      "has_content": true
    },
    {
      "page": 35,
      "char_count": 3467,
      "has_content": true
    },
    {
      "page": 36,
      "char_count": 3630,
      "has_content": true
    },
    {
      "page": 37,
      "char_count": 3564,
      "has_content": true
    },
    {
      "page": 38,
      "char_count": 380,
      "has_content": true
    }
  ]
}