{
  "total_pages": 56,
  "title": "CF KAITO ",
  "author": "",
  "creation_date": "D:20250508081251Z00'00'",
  "page_texts": [
    {
      "page": 1,
      "char_count": 2988,
      "has_content": true
    },
    {
      "page": 2,
      "char_count": 3876,
      "has_content": true
    },
    {
      "page": 3,
      "char_count": 3533,
      "has_content": true
    },
    {
      "page": 4,
      "char_count": 3252,
      "has_content": true
    },
    {
      "page": 5,
      "char_count": 3307,
      "has_content": true
    },
    {
      "page": 6,
      "char_count": 3712,
      "has_content": true
    },
    {
      "page": 7,
      "char_count": 3440,
      "has_content": true
    },
    {
      "page": 8,
      "char_count": 3572,
      "has_content": true
    },
    {
      "page": 9,
      "char_count": 3324,
      "has_content": true
    },
    {
      "page": 10,
      "char_count": 2899,
      "has_content": true
    },
    {
      "page": 11,
      "char_count": 3210,
      "has_content": true
    },
    {
      "page": 12,
      "char_count": 3475,
      "has_content": true
    },
    {
      "page": 13,
      "char_count": 3605,
      "has_content": true
    },
    {
      "page": 14,
      "char_count": 3816,
      "has_content": true
    },
    {
      "page": 15,
      "char_count": 3457,
      "has_content": true
    },
    {
      "page": 16,
      "char_count": 3433,
      "has_content": true
    },
    {
      "page": 17,
      "char_count": 3521,
      "has_content": true
    },
    {
      "page": 18,
      "char_count": 3246,
      "has_content": true
    },
    {
      "page": 19,
      "char_count": 3636,
      "has_content": true
    },
    {
      "page": 20,
      "char_count": 3162,
      "has_content": true
    },
    {
      "page": 21,
      "char_count": 3286,
      "has_content": true
    },
    {
      "page": 22,
      "char_count": 3605,
      "has_content": true
    },
    {
      "page": 23,
      "char_count": 3315,
      "has_content": true
    },
    {
      "page": 24,
      "char_count": 3818,
      "has_content": true
    },
    {
      "page": 25,
      "char_count": 3612,
      "has_content": true
    },
    {
      "page": 26,
      "char_count": 3213,
      "has_content": true
    },
    {
      "page": 27,
      "char_count": 3472,
      "has_content": true
    },
    {
      "page": 28,
      "char_count": 3531,
      "has_content": true
    },
    {
      "page": 29,
      "char_count": 3166,
      "has_content": true
    },
    {
      "page": 30,
      "char_count": 3084,
      "has_content": true
    },
    {
      "page": 31,
      "char_count": 3320,
      "has_content": true
    },
    {
      "page": 32,
      "char_count": 2907,
      "has_content": true
    },
    {
      "page": 33,
      "char_count": 3007,
      "has_content": true
    },
    {
      "page": 34,
      "char_count": 3486,
      "has_content": true
    },
    {
      "page": 35,
      "char_count": 3270,
      "has_content": true
    },
    {
      "page": 36,
      "char_count": 3197,
      "has_content": true
    },
    {
      "page": 37,
      "char_count": 3438,
      "has_content": true
    },
    {
      "page": 38,
      "char_count": 3554,
      "has_content": true
    },
    {
      "page": 39,
      "char_count": 3442,
      "has_content": true
    },
    {
      "page": 40,
      "char_count": 2488,
      "has_content": true
    },
    {
      "page": 41,
      "char_count": 3195,
      "has_content": true
    },
    {
      "page": 42,
      "char_count": 3240,
      "has_content": true
    },
    {
      "page": 43,
      "char_count": 2902,
      "has_content": true
    },
    {
      "page": 44,
      "char_count": 2967,
      "has_content": true
    },
    {
      "page": 45,
      "char_count": 3435,
      "has_content": true
    },
    {
      "page": 46,
      "char_count": 3317,
      "has_content": true
    },
    {
      "page": 47,
      "char_count": 3100,
      "has_content": true
    },
    {
      "page": 48,
      "char_count": 2435,
      "has_content": true
    },
    {
      "page": 49,
      "char_count": 2643,
      "has_content": true
    },
    {
      "page": 50,
      "char_count": 2746,
      "has_content": true
    },
    {
      "page": 51,
      "char_count": 2986,
      "has_content": true
    },
    {
      "page": 52,
      "char_count": 2767,
      "has_content": true
    },
    {
      "page": 53,
      "char_count": 3054,
      "has_content": true
    },
    {
      "page": 54,
      "char_count": 3219,
      "has_content": true
    },
    {
      "page": 55,
      "char_count": 3412,
      "has_content": true
    },
    {
      "page": 56,
      "char_count": 2896,
      "has_content": true
    }
  ]
}