{
  "total_pages": 39,
  "title": "CF LAGRANGE",
  "author": "",
  "creation_date": "D:20250613223129Z00'00'",
  "page_texts": [
    {
      "page": 1,
      "char_count": 3044,
      "has_content": true
    },
    {
      "page": 2,
      "char_count": 3455,
      "has_content": true
    },
    {
      "page": 3,
      "char_count": 3360,
      "has_content": true
    },
    {
      "page": 4,
      "char_count": 3542,
      "has_content": true
    },
    {
      "page": 5,
      "char_count": 3635,
      "has_content": true
    },
    {
      "page": 6,
      "char_count": 3267,
      "has_content": true
    },
    {
      "page": 7,
      "char_count": 3772,
      "has_content": true
    },
    {
      "page": 8,
      "char_count": 3225,
      "has_content": true
    },
    {
      "page": 9,
      "char_count": 3585,
      "has_content": true
    },
    {
      "page": 10,
      "char_count": 3070,
      "has_content": true
    },
    {
      "page": 11,
      "char_count": 3536,
      "has_content": true
    },
    {
      "page": 12,
      "char_count": 3313,
      "has_content": true
    },
    {
      "page": 13,
      "char_count": 3085,
      "has_content": true
    },
    {
      "page": 14,
      "char_count": 3382,
      "has_content": true
    },
    {
      "page": 15,
      "char_count": 3063,
      "has_content": true
    },
    {
      "page": 16,
      "char_count": 2984,
      "has_content": true
    },
    {
      "page": 17,
      "char_count": 3297,
      "has_content": true
    },
    {
      "page": 18,
      "char_count": 3127,
      "has_content": true
    },
    {
      "page": 19,
      "char_count": 2857,
      "has_content": true
    },
    {
      "page": 20,
      "char_count": 3479,
      "has_content": true
    },
    {
      "page": 21,
      "char_count": 2852,
      "has_content": true
    },
    {
      "page": 22,
      "char_count": 3398,
      "has_content": true
    },
    {
      "page": 23,
      "char_count": 3068,
      "has_content": true
    },
    {
      "page": 24,
      "char_count": 3430,
      "has_content": true
    },
    {
      "page": 25,
      "char_count": 3013,
      "has_content": true
    },
    {
      "page": 26,
      "char_count": 3227,
      "has_content": true
    },
    {
      "page": 27,
      "char_count": 2651,
      "has_content": true
    },
    {
      "page": 28,
      "char_count": 2995,
      "has_content": true
    },
    {
      "page": 29,
      "char_count": 2890,
      "has_content": true
    },
    {
      "page": 30,
      "char_count": 3753,
      "has_content": true
    },
    {
      "page": 31,
      "char_count": 3452,
      "has_content": true
    },
    {
      "page": 32,
      "char_count": 2382,
      "has_content": true
    },
    {
      "page": 33,
      "char_count": 2739,
      "has_content": true
    },
    {
      "page": 34,
      "char_count": 3033,
      "has_content": true
    },
    {
      "page": 35,
      "char_count": 2998,
      "has_content": true
    },
    {
      "page": 36,
      "char_count": 3277,
      "has_content": true
    },
    {
      "page": 37,
      "char_count": 3123,
      "has_content": true
    },
    {
      "page": 38,
      "char_count": 3293,
      "has_content": true
    },
    {
      "page": 39,
      "char_count": 877,
      "has_content": true
    }
  ]
}