{
  "total_pages": 22,
  "title": "LOKA CFA",
  "author": "",
  "creation_date": "D:20221202161212Z00'00'",
  "page_texts": [
    {
      "page": 1,
      "char_count": 869,
      "has_content": true
    },
    {
      "page": 2,
      "char_count": 501,
      "has_content": true
    },
    {
      "page": 3,
      "char_count": 939,
      "has_content": true
    },
    {
      "page": 4,
      "char_count": 6,
      "has_content": true
    },
    {
      "page": 5,
      "char_count": 602,
      "has_content": true
    },
    {
      "page": 6,
      "char_count": 793,
      "has_content": true
    },
    {
      "page": 7,
      "char_count": 1154,
      "has_content": true
    },
    {
      "page": 8,
      "char_count": 285,
      "has_content": true
    },
    {
      "page": 9,
      "char_count": 464,
      "has_content": true
    },
    {
      "page": 10,
      "char_count": 796,
      "has_content": true
    },
    {
      "page": 11,
      "char_count": 69,
      "has_content": true
    },
    {
      "page": 12,
      "char_count": 39,
      "has_content": true
    },
    {
      "page": 13,
      "char_count": 0,
      "has_content": false
    },
    {
      "page": 14,
      "char_count": 18,
      "has_content": true
    },
    {
      "page": 15,
      "char_count": 290,
      "has_content": true
    },
    {
      "page": 16,
      "char_count": 436,
      "has_content": true
    },
    {
      "page": 17,
      "char_count": 465,
      "has_content": true
    },
    {
      "page": 18,
      "char_count": 202,
      "has_content": true
    },
    {
      "page": 19,
      "char_count": 238,
      "has_content": true
    },
    {
      "page": 20,
      "char_count": 386,
      "has_content": true
    },
    {
      "page": 21,
      "char_count": 1321,
      "has_content": true
    },
    {
      "page": 22,
      "char_count": 843,
      "has_content": true
    }
  ]
}