{
  "total_pages": 49,
  "title": "CF layer Zero G1",
  "author": "",
  "creation_date": "D:20250528153632Z00'00'",
  "page_texts": [
    {
      "page": 1,
      "char_count": 2516,
      "has_content": true
    },
    {
      "page": 2,
      "char_count": 1984,
      "has_content": true
    },
    {
      "page": 3,
      "char_count": 1798,
      "has_content": true
    },
    {
      "page": 4,
      "char_count": 1638,
      "has_content": true
    },
    {
      "page": 5,
      "char_count": 1691,
      "has_content": true
    },
    {
      "page": 6,
      "char_count": 1479,
      "has_content": true
    },
    {
      "page": 7,
      "char_count": 2823,
      "has_content": true
    },
    {
      "page": 8,
      "char_count": 2147,
      "has_content": true
    },
    {
      "page": 9,
      "char_count": 1718,
      "has_content": true
    },
    {
      "page": 10,
      "char_count": 1943,
      "has_content": true
    },
    {
      "page": 11,
      "char_count": 1976,
      "has_content": true
    },
    {
      "page": 12,
      "char_count": 2020,
      "has_content": true
    },
    {
      "page": 13,
      "char_count": 1955,
      "has_content": true
    },
    {
      "page": 14,
      "char_count": 2295,
      "has_content": true
    },
    {
      "page": 15,
      "char_count": 2332,
      "has_content": true
    },
    {
      "page": 16,
      "char_count": 2039,
      "has_content": true
    },
    {
      "page": 17,
      "char_count": 1745,
      "has_content": true
    },
    {
      "page": 18,
      "char_count": 2272,
      "has_content": true
    },
    {
      "page": 19,
      "char_count": 1904,
      "has_content": true
    },
    {
      "page": 20,
      "char_count": 1390,
      "has_content": true
    },
    {
      "page": 21,
      "char_count": 1387,
      "has_content": true
    },
    {
      "page": 22,
      "char_count": 2705,
      "has_content": true
    },
    {
      "page": 23,
      "char_count": 1258,
      "has_content": true
    },
    {
      "page": 24,
      "char_count": 2144,
      "has_content": true
    },
    {
      "page": 25,
      "char_count": 1576,
      "has_content": true
    },
    {
      "page": 26,
      "char_count": 1533,
      "has_content": true
    },
    {
      "page": 27,
      "char_count": 2368,
      "has_content": true
    },
    {
      "page": 28,
      "char_count": 2133,
      "has_content": true
    },
    {
      "page": 29,
      "char_count": 1342,
      "has_content": true
    },
    {
      "page": 30,
      "char_count": 2074,
      "has_content": true
    },
    {
      "page": 31,
      "char_count": 1828,
      "has_content": true
    },
    {
      "page": 32,
      "char_count": 2082,
      "has_content": true
    },
    {
      "page": 33,
      "char_count": 835,
      "has_content": true
    },
    {
      "page": 34,
      "char_count": 1507,
      "has_content": true
    },
    {
      "page": 35,
      "char_count": 1678,
      "has_content": true
    },
    {
      "page": 36,
      "char_count": 1655,
      "has_content": true
    },
    {
      "page": 37,
      "char_count": 2046,
      "has_content": true
    },
    {
      "page": 38,
      "char_count": 1524,
      "has_content": true
    },
    {
      "page": 39,
      "char_count": 1877,
      "has_content": true
    },
    {
      "page": 40,
      "char_count": 1182,
      "has_content": true
    },
    {
      "page": 41,
      "char_count": 1180,
      "has_content": true
    },
    {
      "page": 42,
      "char_count": 1960,
      "has_content": true
    },
    {
      "page": 43,
      "char_count": 1840,
      "has_content": true
    },
    {
      "page": 44,
      "char_count": 1750,
      "has_content": true
    },
    {
      "page": 45,
      "char_count": 490,
      "has_content": true
    },
    {
      "page": 46,
      "char_count": 476,
      "has_content": true
    },
    {
      "page": 47,
      "char_count": 1678,
      "has_content": true
    },
    {
      "page": 48,
      "char_count": 1613,
      "has_content": true
    },
    {
      "page": 49,
      "char_count": 1463,
      "has_content": true
    }
  ]
}