{
  "total_pages": 38,
  "title": "Cf Layer Zero  G02",
  "author": "",
  "creation_date": "D:20250528154236Z00'00'",
  "page_texts": [
    {
      "page": 1,
      "char_count": 3058,
      "has_content": true
    },
    {
      "page": 2,
      "char_count": 3585,
      "has_content": true
    },
    {
      "page": 3,
      "char_count": 3304,
      "has_content": true
    },
    {
      "page": 4,
      "char_count": 3419,
      "has_content": true
    },
    {
      "page": 5,
      "char_count": 3570,
      "has_content": true
    },
    {
      "page": 6,
      "char_count": 3149,
      "has_content": true
    },
    {
      "page": 7,
      "char_count": 3762,
      "has_content": true
    },
    {
      "page": 8,
      "char_count": 3538,
      "has_content": true
    },
    {
      "page": 9,
      "char_count": 3288,
      "has_content": true
    },
    {
      "page": 10,
      "char_count": 3848,
      "has_content": true
    },
    {
      "page": 11,
      "char_count": 3161,
      "has_content": true
    },
    {
      "page": 12,
      "char_count": 3759,
      "has_content": true
    },
    {
      "page": 13,
      "char_count": 3629,
      "has_content": true
    },
    {
      "page": 14,
      "char_count": 3378,
      "has_content": true
    },
    {
      "page": 15,
      "char_count": 3461,
      "has_content": true
    },
    {
      "page": 16,
      "char_count": 3666,
      "has_content": true
    },
    {
      "page": 17,
      "char_count": 3690,
      "has_content": true
    },
    {
      "page": 18,
      "char_count": 3545,
      "has_content": true
    },
    {
      "page": 19,
      "char_count": 3187,
      "has_content": true
    },
    {
      "page": 20,
      "char_count": 3691,
      "has_content": true
    },
    {
      "page": 21,
      "char_count": 3738,
      "has_content": true
    },
    {
      "page": 22,
      "char_count": 2980,
      "has_content": true
    },
    {
      "page": 23,
      "char_count": 3571,
      "has_content": true
    },
    {
      "page": 24,
      "char_count": 3450,
      "has_content": true
    },
    {
      "page": 25,
      "char_count": 3687,
      "has_content": true
    },
    {
      "page": 26,
      "char_count": 3945,
      "has_content": true
    },
    {
      "page": 27,
      "char_count": 3613,
      "has_content": true
    },
    {
      "page": 28,
      "char_count": 3782,
      "has_content": true
    },
    {
      "page": 29,
      "char_count": 3580,
      "has_content": true
    },
    {
      "page": 30,
      "char_count": 3461,
      "has_content": true
    },
    {
      "page": 31,
      "char_count": 3451,
      "has_content": true
    },
    {
      "page": 32,
      "char_count": 2900,
      "has_content": true
    },
    {
      "page": 33,
      "char_count": 2371,
      "has_content": true
    },
    {
      "page": 34,
      "char_count": 2708,
      "has_content": true
    },
    {
      "page": 35,
      "char_count": 3230,
      "has_content": true
    },
    {
      "page": 36,
      "char_count": 3695,
      "has_content": true
    },
    {
      "page": 37,
      "char_count": 3047,
      "has_content": true
    },
    {
      "page": 38,
      "char_count": 554,
      "has_content": true
    }
  ]
}