{
  "total_pages": 23,
  "title": "CF LogX Network",
  "author": "",
  "creation_date": "D:20250228171711Z00'00'",
  "page_texts": [
    {
      "page": 1,
      "char_count": 669,
      "has_content": true
    },
    {
      "page": 2,
      "char_count": 1002,
      "has_content": true
    },
    {
      "page": 3,
      "char_count": 249,
      "has_content": true
    },
    {
      "page": 4,
      "char_count": 212,
      "has_content": true
    },
    {
      "page": 5,
      "char_count": 1304,
      "has_content": true
    },
    {
      "page": 6,
      "char_count": 1129,
      "has_content": true
    },
    {
      "page": 7,
      "char_count": 1191,
      "has_content": true
    },
    {
      "page": 8,
      "char_count": 529,
      "has_content": true
    },
    {
      "page": 9,
      "char_count": 203,
      "has_content": true
    },
    {
      "page": 10,
      "char_count": 309,
      "has_content": true
    },
    {
      "page": 11,
      "char_count": 56,
      "has_content": true
    },
    {
      "page": 12,
      "char_count": 2,
      "has_content": false
    },
    {
      "page": 13,
      "char_count": 188,
      "has_content": true
    },
    {
      "page": 14,
      "char_count": 99,
      "has_content": true
    },
    {
      "page": 15,
      "char_count": 191,
      "has_content": true
    },
    {
      "page": 16,
      "char_count": 228,
      "has_content": true
    },
    {
      "page": 17,
      "char_count": 436,
      "has_content": true
    },
    {
      "page": 18,
      "char_count": 146,
      "has_content": true
    },
    {
      "page": 19,
      "char_count": 590,
      "has_content": true
    },
    {
      "page": 20,
      "char_count": 396,
      "has_content": true
    },
    {
      "page": 21,
      "char_count": 173,
      "has_content": true
    },
    {
      "page": 22,
      "char_count": 812,
      "has_content": true
    },
    {
      "page": 23,
      "char_count": 295,
      "has_content": true
    }
  ]
}