{
  "total_pages": 26,
  "title": "CF MORPHO",
  "author": "",
  "creation_date": "D:20250602154450Z00'00'",
  "page_texts": [
    {
      "page": 1,
      "char_count": 2878,
      "has_content": true
    },
    {
      "page": 2,
      "char_count": 3337,
      "has_content": true
    },
    {
      "page": 3,
      "char_count": 3487,
      "has_content": true
    },
    {
      "page": 4,
      "char_count": 3474,
      "has_content": true
    },
    {
      "page": 5,
      "char_count": 3428,
      "has_content": true
    },
    {
      "page": 6,
      "char_count": 3432,
      "has_content": true
    },
    {
      "page": 7,
      "char_count": 3289,
      "has_content": true
    },
    {
      "page": 8,
      "char_count": 3464,
      "has_content": true
    },
    {
      "page": 9,
      "char_count": 3455,
      "has_content": true
    },
    {
      "page": 10,
      "char_count": 3509,
      "has_content": true
    },
    {
      "page": 11,
      "char_count": 3317,
      "has_content": true
    },
    {
      "page": 12,
      "char_count": 3682,
      "has_content": true
    },
    {
      "page": 13,
      "char_count": 3589,
      "has_content": true
    },
    {
      "page": 14,
      "char_count": 3768,
      "has_content": true
    },
    {
      "page": 15,
      "char_count": 3308,
      "has_content": true
    },
    {
      "page": 16,
      "char_count": 3506,
      "has_content": true
    },
    {
      "page": 17,
      "char_count": 3621,
      "has_content": true
    },
    {
      "page": 18,
      "char_count": 3236,
      "has_content": true
    },
    {
      "page": 19,
      "char_count": 3686,
      "has_content": true
    },
    {
      "page": 20,
      "char_count": 3496,
      "has_content": true
    },
    {
      "page": 21,
      "char_count": 3613,
      "has_content": true
    },
    {
      "page": 22,
      "char_count": 2800,
      "has_content": true
    },
    {
      "page": 23,
      "char_count": 3125,
      "has_content": true
    },
    {
      "page": 24,
      "char_count": 3109,
      "has_content": true
    },
    {
      "page": 25,
      "char_count": 3585,
      "has_content": true
    },
    {
      "page": 26,
      "char_count": 2479,
      "has_content": true
    }
  ]
}