{
  "total_pages": 25,
  "title": "CF MAPLE",
  "author": "",
  "creation_date": "D:20231227083345Z00'00'",
  "page_texts": [
    {
      "page": 1,
      "char_count": 918,
      "has_content": true
    },
    {
      "page": 2,
      "char_count": 732,
      "has_content": true
    },
    {
      "page": 3,
      "char_count": 220,
      "has_content": true
    },
    {
      "page": 4,
      "char_count": 418,
      "has_content": true
    },
    {
      "page": 5,
      "char_count": 301,
      "has_content": true
    },
    {
      "page": 6,
      "char_count": 1183,
      "has_content": true
    },
    {
      "page": 7,
      "char_count": 454,
      "has_content": true
    },
    {
      "page": 8,
      "char_count": 40,
      "has_content": true
    },
    {
      "page": 9,
      "char_count": 245,
      "has_content": true
    },
    {
      "page": 10,
      "char_count": 709,
      "has_content": true
    },
    {
      "page": 11,
      "char_count": 4,
      "has_content": false
    },
    {
      "page": 12,
      "char_count": 104,
      "has_content": true
    },
    {
      "page": 13,
      "char_count": 624,
      "has_content": true
    },
    {
      "page": 14,
      "char_count": 647,
      "has_content": true
    },
    {
      "page": 15,
      "char_count": 137,
      "has_content": true
    },
    {
      "page": 16,
      "char_count": 42,
      "has_content": true
    },
    {
      "page": 17,
      "char_count": 170,
      "has_content": true
    },
    {
      "page": 18,
      "char_count": 123,
      "has_content": true
    },
    {
      "page": 19,
      "char_count": 89,
      "has_content": true
    },
    {
      "page": 20,
      "char_count": 2,
      "has_content": false
    },
    {
      "page": 21,
      "char_count": 2,
      "has_content": false
    },
    {
      "page": 22,
      "char_count": 112,
      "has_content": true
    },
    {
      "page": 23,
      "char_count": 540,
      "has_content": true
    },
    {
      "page": 24,
      "char_count": 532,
      "has_content": true
    },
    {
      "page": 25,
      "char_count": 791,
      "has_content": true
    }
  ]
}