{
  "total_pages": 20,
  "title": "CF Mantra",
  "author": "",
  "creation_date": "D:20240731073125Z00'00'",
  "page_texts": [
    {
      "page": 1,
      "char_count": 923,
      "has_content": true
    },
    {
      "page": 2,
      "char_count": 1209,
      "has_content": true
    },
    {
      "page": 3,
      "char_count": 889,
      "has_content": true
    },
    {
      "page": 4,
      "char_count": 672,
      "has_content": true
    },
    {
      "page": 5,
      "char_count": 1176,
      "has_content": true
    },
    {
      "page": 6,
      "char_count": 1116,
      "has_content": true
    },
    {
      "page": 7,
      "char_count": 53,
      "has_content": true
    },
    {
      "page": 8,
      "char_count": 309,
      "has_content": true
    },
    {
      "page": 9,
      "char_count": 320,
      "has_content": true
    },
    {
      "page": 10,
      "char_count": 290,
      "has_content": true
    },
    {
      "page": 11,
      "char_count": 832,
      "has_content": true
    },
    {
      "page": 12,
      "char_count": 424,
      "has_content": true
    },
    {
      "page": 13,
      "char_count": 510,
      "has_content": true
    },
    {
      "page": 14,
      "char_count": 161,
      "has_content": true
    },
    {
      "page": 15,
      "char_count": 1184,
      "has_content": true
    },
    {
      "page": 16,
      "char_count": 670,
      "has_content": true
    },
    {
      "page": 17,
      "char_count": 192,
      "has_content": true
    },
    {
      "page": 18,
      "char_count": 331,
      "has_content": true
    },
    {
      "page": 19,
      "char_count": 525,
      "has_content": true
    },
    {
      "page": 20,
      "char_count": 338,
      "has_content": true
    }
  ]
}