{
  "total_pages": 40,
  "title": "CF MUON NETW",
  "author": "",
  "creation_date": "D:20250602151308Z00'00'",
  "page_texts": [
    {
      "page": 1,
      "char_count": 3070,
      "has_content": true
    },
    {
      "page": 2,
      "char_count": 3368,
      "has_content": true
    },
    {
      "page": 3,
      "char_count": 3383,
      "has_content": true
    },
    {
      "page": 4,
      "char_count": 3458,
      "has_content": true
    },
    {
      "page": 5,
      "char_count": 3174,
      "has_content": true
    },
    {
      "page": 6,
      "char_count": 3438,
      "has_content": true
    },
    {
      "page": 7,
      "char_count": 3013,
      "has_content": true
    },
    {
      "page": 8,
      "char_count": 3196,
      "has_content": true
    },
    {
      "page": 9,
      "char_count": 3409,
      "has_content": true
    },
    {
      "page": 10,
      "char_count": 3339,
      "has_content": true
    },
    {
      "page": 11,
      "char_count": 2783,
      "has_content": true
    },
    {
      "page": 12,
      "char_count": 3183,
      "has_content": true
    },
    {
      "page": 13,
      "char_count": 3617,
      "has_content": true
    },
    {
      "page": 14,
      "char_count": 3145,
      "has_content": true
    },
    {
      "page": 15,
      "char_count": 2900,
      "has_content": true
    },
    {
      "page": 16,
      "char_count": 3150,
      "has_content": true
    },
    {
      "page": 17,
      "char_count": 2959,
      "has_content": true
    },
    {
      "page": 18,
      "char_count": 2980,
      "has_content": true
    },
    {
      "page": 19,
      "char_count": 2722,
      "has_content": true
    },
    {
      "page": 20,
      "char_count": 2832,
      "has_content": true
    },
    {
      "page": 21,
      "char_count": 2920,
      "has_content": true
    },
    {
      "page": 22,
      "char_count": 2658,
      "has_content": true
    },
    {
      "page": 23,
      "char_count": 2812,
      "has_content": true
    },
    {
      "page": 24,
      "char_count": 3050,
      "has_content": true
    },
    {
      "page": 25,
      "char_count": 2534,
      "has_content": true
    },
    {
      "page": 26,
      "char_count": 2507,
      "has_content": true
    },
    {
      "page": 27,
      "char_count": 2715,
      "has_content": true
    },
    {
      "page": 28,
      "char_count": 3154,
      "has_content": true
    },
    {
      "page": 29,
      "char_count": 3156,
      "has_content": true
    },
    {
      "page": 30,
      "char_count": 2140,
      "has_content": true
    },
    {
      "page": 31,
      "char_count": 2671,
      "has_content": true
    },
    {
      "page": 32,
      "char_count": 2551,
      "has_content": true
    },
    {
      "page": 33,
      "char_count": 3334,
      "has_content": true
    },
    {
      "page": 34,
      "char_count": 3430,
      "has_content": true
    },
    {
      "page": 35,
      "char_count": 3340,
      "has_content": true
    },
    {
      "page": 36,
      "char_count": 3921,
      "has_content": true
    },
    {
      "page": 37,
      "char_count": 4004,
      "has_content": true
    },
    {
      "page": 38,
      "char_count": 2353,
      "has_content": true
    },
    {
      "page": 39,
      "char_count": 2610,
      "has_content": true
    },
    {
      "page": 40,
      "char_count": 514,
      "has_content": true
    }
  ]
}