{
  "total_pages": 29,
  "title": "CF MONAD ",
  "author": "",
  "creation_date": "D:20250530182600Z00'00'",
  "page_texts": [
    {
      "page": 1,
      "char_count": 3593,
      "has_content": true
    },
    {
      "page": 2,
      "char_count": 4207,
      "has_content": true
    },
    {
      "page": 3,
      "char_count": 4207,
      "has_content": true
    },
    {
      "page": 4,
      "char_count": 4286,
      "has_content": true
    },
    {
      "page": 5,
      "char_count": 4267,
      "has_content": true
    },
    {
      "page": 6,
      "char_count": 3864,
      "has_content": true
    },
    {
      "page": 7,
      "char_count": 4350,
      "has_content": true
    },
    {
      "page": 8,
      "char_count": 4171,
      "has_content": true
    },
    {
      "page": 9,
      "char_count": 3562,
      "has_content": true
    },
    {
      "page": 10,
      "char_count": 4219,
      "has_content": true
    },
    {
      "page": 11,
      "char_count": 4240,
      "has_content": true
    },
    {
      "page": 12,
      "char_count": 4583,
      "has_content": true
    },
    {
      "page": 13,
      "char_count": 4475,
      "has_content": true
    },
    {
      "page": 14,
      "char_count": 4181,
      "has_content": true
    },
    {
      "page": 15,
      "char_count": 4160,
      "has_content": true
    },
    {
      "page": 16,
      "char_count": 4504,
      "has_content": true
    },
    {
      "page": 17,
      "char_count": 4114,
      "has_content": true
    },
    {
      "page": 18,
      "char_count": 4012,
      "has_content": true
    },
    {
      "page": 19,
      "char_count": 3911,
      "has_content": true
    },
    {
      "page": 20,
      "char_count": 4005,
      "has_content": true
    },
    {
      "page": 21,
      "char_count": 4245,
      "has_content": true
    },
    {
      "page": 22,
      "char_count": 4029,
      "has_content": true
    },
    {
      "page": 23,
      "char_count": 4195,
      "has_content": true
    },
    {
      "page": 24,
      "char_count": 4257,
      "has_content": true
    },
    {
      "page": 25,
      "char_count": 3794,
      "has_content": true
    },
    {
      "page": 26,
      "char_count": 3659,
      "has_content": true
    },
    {
      "page": 27,
      "char_count": 4202,
      "has_content": true
    },
    {
      "page": 28,
      "char_count": 3758,
      "has_content": true
    },
    {
      "page": 29,
      "char_count": 253,
      "has_content": true
    }
  ]
}