{
  "total_pages": 20,
  "title": "MATH CFA",
  "author": "",
  "creation_date": "D:20221203064953Z00'00'",
  "page_texts": [
    {
      "page": 1,
      "char_count": 365,
      "has_content": true
    },
    {
      "page": 2,
      "char_count": 955,
      "has_content": true
    },
    {
      "page": 3,
      "char_count": 672,
      "has_content": true
    },
    {
      "page": 4,
      "char_count": 542,
      "has_content": true
    },
    {
      "page": 5,
      "char_count": 73,
      "has_content": true
    },
    {
      "page": 6,
      "char_count": 513,
      "has_content": true
    },
    {
      "page": 7,
      "char_count": 1038,
      "has_content": true
    },
    {
      "page": 8,
      "char_count": 102,
      "has_content": true
    },
    {
      "page": 9,
      "char_count": 86,
      "has_content": true
    },
    {
      "page": 10,
      "char_count": 68,
      "has_content": true
    },
    {
      "page": 11,
      "char_count": 564,
      "has_content": true
    },
    {
      "page": 12,
      "char_count": 711,
      "has_content": true
    },
    {
      "page": 13,
      "char_count": 34,
      "has_content": true
    },
    {
      "page": 14,
      "char_count": 1,
      "has_content": false
    },
    {
      "page": 15,
      "char_count": 89,
      "has_content": true
    },
    {
      "page": 16,
      "char_count": 121,
      "has_content": true
    },
    {
      "page": 17,
      "char_count": 289,
      "has_content": true
    },
    {
      "page": 18,
      "char_count": 799,
      "has_content": true
    },
    {
      "page": 19,
      "char_count": 1390,
      "has_content": true
    },
    {
      "page": 20,
      "char_count": 0,
      "has_content": false
    }
  ]
}