{
  "total_pages": 74,
  "title": "CF MAPLE ",
  "author": "",
  "creation_date": "D:20250508160755Z00'00'",
  "page_texts": [
    {
      "page": 1,
      "char_count": 3184,
      "has_content": true
    },
    {
      "page": 2,
      "char_count": 3541,
      "has_content": true
    },
    {
      "page": 3,
      "char_count": 3589,
      "has_content": true
    },
    {
      "page": 4,
      "char_count": 3275,
      "has_content": true
    },
    {
      "page": 5,
      "char_count": 3649,
      "has_content": true
    },
    {
      "page": 6,
      "char_count": 3459,
      "has_content": true
    },
    {
      "page": 7,
      "char_count": 3359,
      "has_content": true
    },
    {
      "page": 8,
      "char_count": 3319,
      "has_content": true
    },
    {
      "page": 9,
      "char_count": 3628,
      "has_content": true
    },
    {
      "page": 10,
      "char_count": 3463,
      "has_content": true
    },
    {
      "page": 11,
      "char_count": 3362,
      "has_content": true
    },
    {
      "page": 12,
      "char_count": 3376,
      "has_content": true
    },
    {
      "page": 13,
      "char_count": 3618,
      "has_content": true
    },
    {
      "page": 14,
      "char_count": 3456,
      "has_content": true
    },
    {
      "page": 15,
      "char_count": 3570,
      "has_content": true
    },
    {
      "page": 16,
      "char_count": 3530,
      "has_content": true
    },
    {
      "page": 17,
      "char_count": 3373,
      "has_content": true
    },
    {
      "page": 18,
      "char_count": 2911,
      "has_content": true
    },
    {
      "page": 19,
      "char_count": 3455,
      "has_content": true
    },
    {
      "page": 20,
      "char_count": 2988,
      "has_content": true
    },
    {
      "page": 21,
      "char_count": 3183,
      "has_content": true
    },
    {
      "page": 22,
      "char_count": 3393,
      "has_content": true
    },
    {
      "page": 23,
      "char_count": 3391,
      "has_content": true
    },
    {
      "page": 24,
      "char_count": 3322,
      "has_content": true
    },
    {
      "page": 25,
      "char_count": 3336,
      "has_content": true
    },
    {
      "page": 26,
      "char_count": 3217,
      "has_content": true
    },
    {
      "page": 27,
      "char_count": 3660,
      "has_content": true
    },
    {
      "page": 28,
      "char_count": 3791,
      "has_content": true
    },
    {
      "page": 29,
      "char_count": 3166,
      "has_content": true
    },
    {
      "page": 30,
      "char_count": 3272,
      "has_content": true
    },
    {
      "page": 31,
      "char_count": 3285,
      "has_content": true
    },
    {
      "page": 32,
      "char_count": 3181,
      "has_content": true
    },
    {
      "page": 33,
      "char_count": 3378,
      "has_content": true
    },
    {
      "page": 34,
      "char_count": 3109,
      "has_content": true
    },
    {
      "page": 35,
      "char_count": 3505,
      "has_content": true
    },
    {
      "page": 36,
      "char_count": 3175,
      "has_content": true
    },
    {
      "page": 37,
      "char_count": 2264,
      "has_content": true
    },
    {
      "page": 38,
      "char_count": 3017,
      "has_content": true
    },
    {
      "page": 39,
      "char_count": 3639,
      "has_content": true
    },
    {
      "page": 40,
      "char_count": 3514,
      "has_content": true
    },
    {
      "page": 41,
      "char_count": 3350,
      "has_content": true
    },
    {
      "page": 42,
      "char_count": 3589,
      "has_content": true
    },
    {
      "page": 43,
      "char_count": 3495,
      "has_content": true
    },
    {
      "page": 44,
      "char_count": 3236,
      "has_content": true
    },
    {
      "page": 45,
      "char_count": 3494,
      "has_content": true
    },
    {
      "page": 46,
      "char_count": 3403,
      "has_content": true
    },
    {
      "page": 47,
      "char_count": 3272,
      "has_content": true
    },
    {
      "page": 48,
      "char_count": 3519,
      "has_content": true
    },
    {
      "page": 49,
      "char_count": 3279,
      "has_content": true
    },
    {
      "page": 50,
      "char_count": 3407,
      "has_content": true
    },
    {
      "page": 51,
      "char_count": 3478,
      "has_content": true
    },
    {
      "page": 52,
      "char_count": 3506,
      "has_content": true
    },
    {
      "page": 53,
      "char_count": 3469,
      "has_content": true
    },
    {
      "page": 54,
      "char_count": 3476,
      "has_content": true
    },
    {
      "page": 55,
      "char_count": 2702,
      "has_content": true
    },
    {
      "page": 56,
      "char_count": 3484,
      "has_content": true
    },
    {
      "page": 57,
      "char_count": 3118,
      "has_content": true
    },
    {
      "page": 58,
      "char_count": 2994,
      "has_content": true
    },
    {
      "page": 59,
      "char_count": 3424,
      "has_content": true
    },
    {
      "page": 60,
      "char_count": 3459,
      "has_content": true
    },
    {
      "page": 61,
      "char_count": 3176,
      "has_content": true
    },
    {
      "page": 62,
      "char_count": 3370,
      "has_content": true
    },
    {
      "page": 63,
      "char_count": 3018,
      "has_content": true
    },
    {
      "page": 64,
      "char_count": 3855,
      "has_content": true
    },
    {
      "page": 65,
      "char_count": 3644,
      "has_content": true
    },
    {
      "page": 66,
      "char_count": 3331,
      "has_content": true
    },
    {
      "page": 67,
      "char_count": 3198,
      "has_content": true
    },
    {
      "page": 68,
      "char_count": 3258,
      "has_content": true
    },
    {
      "page": 69,
      "char_count": 3444,
      "has_content": true
    },
    {
      "page": 70,
      "char_count": 3174,
      "has_content": true
    },
    {
      "page": 71,
      "char_count": 3232,
      "has_content": true
    },
    {
      "page": 72,
      "char_count": 3374,
      "has_content": true
    },
    {
      "page": 73,
      "char_count": 3181,
      "has_content": true
    },
    {
      "page": 74,
      "char_count": 2450,
      "has_content": true
    }
  ]
}