{
  "total_pages": 37,
  "title": "CF movement",
  "author": "",
  "creation_date": "D:20250307060414Z00'00'",
  "page_texts": [
    {
      "page": 1,
      "char_count": 3516,
      "has_content": true
    },
    {
      "page": 2,
      "char_count": 3801,
      "has_content": true
    },
    {
      "page": 3,
      "char_count": 3631,
      "has_content": true
    },
    {
      "page": 4,
      "char_count": 3628,
      "has_content": true
    },
    {
      "page": 5,
      "char_count": 3308,
      "has_content": true
    },
    {
      "page": 6,
      "char_count": 3568,
      "has_content": true
    },
    {
      "page": 7,
      "char_count": 3485,
      "has_content": true
    },
    {
      "page": 8,
      "char_count": 3691,
      "has_content": true
    },
    {
      "page": 9,
      "char_count": 3738,
      "has_content": true
    },
    {
      "page": 10,
      "char_count": 3676,
      "has_content": true
    },
    {
      "page": 11,
      "char_count": 3763,
      "has_content": true
    },
    {
      "page": 12,
      "char_count": 3203,
      "has_content": true
    },
    {
      "page": 13,
      "char_count": 3638,
      "has_content": true
    },
    {
      "page": 14,
      "char_count": 3649,
      "has_content": true
    },
    {
      "page": 15,
      "char_count": 3637,
      "has_content": true
    },
    {
      "page": 16,
      "char_count": 3485,
      "has_content": true
    },
    {
      "page": 17,
      "char_count": 3272,
      "has_content": true
    },
    {
      "page": 18,
      "char_count": 3542,
      "has_content": true
    },
    {
      "page": 19,
      "char_count": 3538,
      "has_content": true
    },
    {
      "page": 20,
      "char_count": 3165,
      "has_content": true
    },
    {
      "page": 21,
      "char_count": 3395,
      "has_content": true
    },
    {
      "page": 22,
      "char_count": 3200,
      "has_content": true
    },
    {
      "page": 23,
      "char_count": 3773,
      "has_content": true
    },
    {
      "page": 24,
      "char_count": 3459,
      "has_content": true
    },
    {
      "page": 25,
      "char_count": 3320,
      "has_content": true
    },
    {
      "page": 26,
      "char_count": 3122,
      "has_content": true
    },
    {
      "page": 27,
      "char_count": 3617,
      "has_content": true
    },
    {
      "page": 28,
      "char_count": 3468,
      "has_content": true
    },
    {
      "page": 29,
      "char_count": 3538,
      "has_content": true
    },
    {
      "page": 30,
      "char_count": 2961,
      "has_content": true
    },
    {
      "page": 31,
      "char_count": 3364,
      "has_content": true
    },
    {
      "page": 32,
      "char_count": 3077,
      "has_content": true
    },
    {
      "page": 33,
      "char_count": 3142,
      "has_content": true
    },
    {
      "page": 34,
      "char_count": 3631,
      "has_content": true
    },
    {
      "page": 35,
      "char_count": 3427,
      "has_content": true
    },
    {
      "page": 36,
      "char_count": 3534,
      "has_content": true
    },
    {
      "page": 37,
      "char_count": 1669,
      "has_content": true
    }
  ]
}