{
  "total_pages": 35,
  "title": "CF Mantle 03-25",
  "author": "",
  "creation_date": "D:20250322140941Z00'00'",
  "page_texts": [
    {
      "page": 1,
      "char_count": 3473,
      "has_content": true
    },
    {
      "page": 2,
      "char_count": 3550,
      "has_content": true
    },
    {
      "page": 3,
      "char_count": 3653,
      "has_content": true
    },
    {
      "page": 4,
      "char_count": 4005,
      "has_content": true
    },
    {
      "page": 5,
      "char_count": 3781,
      "has_content": true
    },
    {
      "page": 6,
      "char_count": 3501,
      "has_content": true
    },
    {
      "page": 7,
      "char_count": 3615,
      "has_content": true
    },
    {
      "page": 8,
      "char_count": 3707,
      "has_content": true
    },
    {
      "page": 9,
      "char_count": 3670,
      "has_content": true
    },
    {
      "page": 10,
      "char_count": 3587,
      "has_content": true
    },
    {
      "page": 11,
      "char_count": 3687,
      "has_content": true
    },
    {
      "page": 12,
      "char_count": 3426,
      "has_content": true
    },
    {
      "page": 13,
      "char_count": 3456,
      "has_content": true
    },
    {
      "page": 14,
      "char_count": 4002,
      "has_content": true
    },
    {
      "page": 15,
      "char_count": 3474,
      "has_content": true
    },
    {
      "page": 16,
      "char_count": 3757,
      "has_content": true
    },
    {
      "page": 17,
      "char_count": 3839,
      "has_content": true
    },
    {
      "page": 18,
      "char_count": 3699,
      "has_content": true
    },
    {
      "page": 19,
      "char_count": 3576,
      "has_content": true
    },
    {
      "page": 20,
      "char_count": 3659,
      "has_content": true
    },
    {
      "page": 21,
      "char_count": 3700,
      "has_content": true
    },
    {
      "page": 22,
      "char_count": 3344,
      "has_content": true
    },
    {
      "page": 23,
      "char_count": 3796,
      "has_content": true
    },
    {
      "page": 24,
      "char_count": 3275,
      "has_content": true
    },
    {
      "page": 25,
      "char_count": 3893,
      "has_content": true
    },
    {
      "page": 26,
      "char_count": 3837,
      "has_content": true
    },
    {
      "page": 27,
      "char_count": 3341,
      "has_content": true
    },
    {
      "page": 28,
      "char_count": 3646,
      "has_content": true
    },
    {
      "page": 29,
      "char_count": 3346,
      "has_content": true
    },
    {
      "page": 30,
      "char_count": 3263,
      "has_content": true
    },
    {
      "page": 31,
      "char_count": 3157,
      "has_content": true
    },
    {
      "page": 32,
      "char_count": 3410,
      "has_content": true
    },
    {
      "page": 33,
      "char_count": 3380,
      "has_content": true
    },
    {
      "page": 34,
      "char_count": 3758,
      "has_content": true
    },
    {
      "page": 35,
      "char_count": 1094,
      "has_content": true
    }
  ]
}