{
  "total_pages": 41,
  "title": "CF Magic Eden ",
  "author": "",
  "creation_date": "D:20250602155757Z00'00'",
  "page_texts": [
    {
      "page": 1,
      "char_count": 2991,
      "has_content": true
    },
    {
      "page": 2,
      "char_count": 3536,
      "has_content": true
    },
    {
      "page": 3,
      "char_count": 3402,
      "has_content": true
    },
    {
      "page": 4,
      "char_count": 3269,
      "has_content": true
    },
    {
      "page": 5,
      "char_count": 3729,
      "has_content": true
    },
    {
      "page": 6,
      "char_count": 3457,
      "has_content": true
    },
    {
      "page": 7,
      "char_count": 3588,
      "has_content": true
    },
    {
      "page": 8,
      "char_count": 3502,
      "has_content": true
    },
    {
      "page": 9,
      "char_count": 3578,
      "has_content": true
    },
    {
      "page": 10,
      "char_count": 3799,
      "has_content": true
    },
    {
      "page": 11,
      "char_count": 3335,
      "has_content": true
    },
    {
      "page": 12,
      "char_count": 3111,
      "has_content": true
    },
    {
      "page": 13,
      "char_count": 3489,
      "has_content": true
    },
    {
      "page": 14,
      "char_count": 3650,
      "has_content": true
    },
    {
      "page": 15,
      "char_count": 3729,
      "has_content": true
    },
    {
      "page": 16,
      "char_count": 3568,
      "has_content": true
    },
    {
      "page": 17,
      "char_count": 3581,
      "has_content": true
    },
    {
      "page": 18,
      "char_count": 3677,
      "has_content": true
    },
    {
      "page": 19,
      "char_count": 3370,
      "has_content": true
    },
    {
      "page": 20,
      "char_count": 3114,
      "has_content": true
    },
    {
      "page": 21,
      "char_count": 3388,
      "has_content": true
    },
    {
      "page": 22,
      "char_count": 3403,
      "has_content": true
    },
    {
      "page": 23,
      "char_count": 3344,
      "has_content": true
    },
    {
      "page": 24,
      "char_count": 3385,
      "has_content": true
    },
    {
      "page": 25,
      "char_count": 3090,
      "has_content": true
    },
    {
      "page": 26,
      "char_count": 3596,
      "has_content": true
    },
    {
      "page": 27,
      "char_count": 3168,
      "has_content": true
    },
    {
      "page": 28,
      "char_count": 3202,
      "has_content": true
    },
    {
      "page": 29,
      "char_count": 2666,
      "has_content": true
    },
    {
      "page": 30,
      "char_count": 3461,
      "has_content": true
    },
    {
      "page": 31,
      "char_count": 2976,
      "has_content": true
    },
    {
      "page": 32,
      "char_count": 3035,
      "has_content": true
    },
    {
      "page": 33,
      "char_count": 3634,
      "has_content": true
    },
    {
      "page": 34,
      "char_count": 3280,
      "has_content": true
    },
    {
      "page": 35,
      "char_count": 3295,
      "has_content": true
    },
    {
      "page": 36,
      "char_count": 2967,
      "has_content": true
    },
    {
      "page": 37,
      "char_count": 2677,
      "has_content": true
    },
    {
      "page": 38,
      "char_count": 2496,
      "has_content": true
    },
    {
      "page": 39,
      "char_count": 3349,
      "has_content": true
    },
    {
      "page": 40,
      "char_count": 3523,
      "has_content": true
    },
    {
      "page": 41,
      "char_count": 3086,
      "has_content": true
    }
  ]
}