{
  "total_pages": 27,
  "title": "CF Nillion",
  "author": "",
  "creation_date": "D:20250609062653Z00'00'",
  "page_texts": [
    {
      "page": 1,
      "char_count": 3090,
      "has_content": true
    },
    {
      "page": 2,
      "char_count": 3615,
      "has_content": true
    },
    {
      "page": 3,
      "char_count": 3654,
      "has_content": true
    },
    {
      "page": 4,
      "char_count": 3732,
      "has_content": true
    },
    {
      "page": 5,
      "char_count": 3879,
      "has_content": true
    },
    {
      "page": 6,
      "char_count": 3529,
      "has_content": true
    },
    {
      "page": 7,
      "char_count": 3539,
      "has_content": true
    },
    {
      "page": 8,
      "char_count": 3757,
      "has_content": true
    },
    {
      "page": 9,
      "char_count": 3403,
      "has_content": true
    },
    {
      "page": 10,
      "char_count": 3565,
      "has_content": true
    },
    {
      "page": 11,
      "char_count": 3108,
      "has_content": true
    },
    {
      "page": 12,
      "char_count": 3609,
      "has_content": true
    },
    {
      "page": 13,
      "char_count": 3768,
      "has_content": true
    },
    {
      "page": 14,
      "char_count": 3553,
      "has_content": true
    },
    {
      "page": 15,
      "char_count": 3603,
      "has_content": true
    },
    {
      "page": 16,
      "char_count": 3861,
      "has_content": true
    },
    {
      "page": 17,
      "char_count": 3614,
      "has_content": true
    },
    {
      "page": 18,
      "char_count": 3583,
      "has_content": true
    },
    {
      "page": 19,
      "char_count": 3711,
      "has_content": true
    },
    {
      "page": 20,
      "char_count": 3344,
      "has_content": true
    },
    {
      "page": 21,
      "char_count": 2640,
      "has_content": true
    },
    {
      "page": 22,
      "char_count": 3266,
      "has_content": true
    },
    {
      "page": 23,
      "char_count": 3328,
      "has_content": true
    },
    {
      "page": 24,
      "char_count": 3395,
      "has_content": true
    },
    {
      "page": 25,
      "char_count": 3762,
      "has_content": true
    },
    {
      "page": 26,
      "char_count": 3618,
      "has_content": true
    },
    {
      "page": 27,
      "char_count": 1756,
      "has_content": true
    }
  ]
}