{
  "total_pages": 46,
  "title": "CF NFP ",
  "author": "",
  "creation_date": "D:20250602160129Z00'00'",
  "page_texts": [
    {
      "page": 1,
      "char_count": 2888,
      "has_content": true
    },
    {
      "page": 2,
      "char_count": 3323,
      "has_content": true
    },
    {
      "page": 3,
      "char_count": 3842,
      "has_content": true
    },
    {
      "page": 4,
      "char_count": 2589,
      "has_content": true
    },
    {
      "page": 5,
      "char_count": 3149,
      "has_content": true
    },
    {
      "page": 6,
      "char_count": 3489,
      "has_content": true
    },
    {
      "page": 7,
      "char_count": 3420,
      "has_content": true
    },
    {
      "page": 8,
      "char_count": 3615,
      "has_content": true
    },
    {
      "page": 9,
      "char_count": 3728,
      "has_content": true
    },
    {
      "page": 10,
      "char_count": 3675,
      "has_content": true
    },
    {
      "page": 11,
      "char_count": 3715,
      "has_content": true
    },
    {
      "page": 12,
      "char_count": 3908,
      "has_content": true
    },
    {
      "page": 13,
      "char_count": 3732,
      "has_content": true
    },
    {
      "page": 14,
      "char_count": 3412,
      "has_content": true
    },
    {
      "page": 15,
      "char_count": 3318,
      "has_content": true
    },
    {
      "page": 16,
      "char_count": 3497,
      "has_content": true
    },
    {
      "page": 17,
      "char_count": 3117,
      "has_content": true
    },
    {
      "page": 18,
      "char_count": 3831,
      "has_content": true
    },
    {
      "page": 19,
      "char_count": 3784,
      "has_content": true
    },
    {
      "page": 20,
      "char_count": 3644,
      "has_content": true
    },
    {
      "page": 21,
      "char_count": 3481,
      "has_content": true
    },
    {
      "page": 22,
      "char_count": 3556,
      "has_content": true
    },
    {
      "page": 23,
      "char_count": 3172,
      "has_content": true
    },
    {
      "page": 24,
      "char_count": 3389,
      "has_content": true
    },
    {
      "page": 25,
      "char_count": 3174,
      "has_content": true
    },
    {
      "page": 26,
      "char_count": 3202,
      "has_content": true
    },
    {
      "page": 27,
      "char_count": 3150,
      "has_content": true
    },
    {
      "page": 28,
      "char_count": 3384,
      "has_content": true
    },
    {
      "page": 29,
      "char_count": 3471,
      "has_content": true
    },
    {
      "page": 30,
      "char_count": 3463,
      "has_content": true
    },
    {
      "page": 31,
      "char_count": 3089,
      "has_content": true
    },
    {
      "page": 32,
      "char_count": 3464,
      "has_content": true
    },
    {
      "page": 33,
      "char_count": 3290,
      "has_content": true
    },
    {
      "page": 34,
      "char_count": 3052,
      "has_content": true
    },
    {
      "page": 35,
      "char_count": 2572,
      "has_content": true
    },
    {
      "page": 36,
      "char_count": 3003,
      "has_content": true
    },
    {
      "page": 37,
      "char_count": 2969,
      "has_content": true
    },
    {
      "page": 38,
      "char_count": 3102,
      "has_content": true
    },
    {
      "page": 39,
      "char_count": 2775,
      "has_content": true
    },
    {
      "page": 40,
      "char_count": 2809,
      "has_content": true
    },
    {
      "page": 41,
      "char_count": 2588,
      "has_content": true
    },
    {
      "page": 42,
      "char_count": 2826,
      "has_content": true
    },
    {
      "page": 43,
      "char_count": 3303,
      "has_content": true
    },
    {
      "page": 44,
      "char_count": 3705,
      "has_content": true
    },
    {
      "page": 45,
      "char_count": 3253,
      "has_content": true
    },
    {
      "page": 46,
      "char_count": 2630,
      "has_content": true
    }
  ]
}