{
  "total_pages": 36,
  "title": "CF NEAR PROTOCOl",
  "author": "",
  "creation_date": "D:20250520184321Z00'00'",
  "page_texts": [
    {
      "page": 1,
      "char_count": 2953,
      "has_content": true
    },
    {
      "page": 2,
      "char_count": 3936,
      "has_content": true
    },
    {
      "page": 3,
      "char_count": 3567,
      "has_content": true
    },
    {
      "page": 4,
      "char_count": 3579,
      "has_content": true
    },
    {
      "page": 5,
      "char_count": 3718,
      "has_content": true
    },
    {
      "page": 6,
      "char_count": 3457,
      "has_content": true
    },
    {
      "page": 7,
      "char_count": 3816,
      "has_content": true
    },
    {
      "page": 8,
      "char_count": 4009,
      "has_content": true
    },
    {
      "page": 9,
      "char_count": 3579,
      "has_content": true
    },
    {
      "page": 10,
      "char_count": 3717,
      "has_content": true
    },
    {
      "page": 11,
      "char_count": 3644,
      "has_content": true
    },
    {
      "page": 12,
      "char_count": 3167,
      "has_content": true
    },
    {
      "page": 13,
      "char_count": 3559,
      "has_content": true
    },
    {
      "page": 14,
      "char_count": 3534,
      "has_content": true
    },
    {
      "page": 15,
      "char_count": 3644,
      "has_content": true
    },
    {
      "page": 16,
      "char_count": 3602,
      "has_content": true
    },
    {
      "page": 17,
      "char_count": 3016,
      "has_content": true
    },
    {
      "page": 18,
      "char_count": 3312,
      "has_content": true
    },
    {
      "page": 19,
      "char_count": 3031,
      "has_content": true
    },
    {
      "page": 20,
      "char_count": 3468,
      "has_content": true
    },
    {
      "page": 21,
      "char_count": 3677,
      "has_content": true
    },
    {
      "page": 22,
      "char_count": 3481,
      "has_content": true
    },
    {
      "page": 23,
      "char_count": 3538,
      "has_content": true
    },
    {
      "page": 24,
      "char_count": 3707,
      "has_content": true
    },
    {
      "page": 25,
      "char_count": 3338,
      "has_content": true
    },
    {
      "page": 26,
      "char_count": 3592,
      "has_content": true
    },
    {
      "page": 27,
      "char_count": 3329,
      "has_content": true
    },
    {
      "page": 28,
      "char_count": 3097,
      "has_content": true
    },
    {
      "page": 29,
      "char_count": 2749,
      "has_content": true
    },
    {
      "page": 30,
      "char_count": 3333,
      "has_content": true
    },
    {
      "page": 31,
      "char_count": 3307,
      "has_content": true
    },
    {
      "page": 32,
      "char_count": 3368,
      "has_content": true
    },
    {
      "page": 33,
      "char_count": 3543,
      "has_content": true
    },
    {
      "page": 34,
      "char_count": 3558,
      "has_content": true
    },
    {
      "page": 35,
      "char_count": 4210,
      "has_content": true
    },
    {
      "page": 36,
      "char_count": 3205,
      "has_content": true
    }
  ]
}