{
  "total_pages": 24,
  "title": "CF Oobit ",
  "author": "",
  "creation_date": "D:20240826162055Z00'00'",
  "page_texts": [
    {
      "page": 1,
      "char_count": 842,
      "has_content": true
    },
    {
      "page": 2,
      "char_count": 1271,
      "has_content": true
    },
    {
      "page": 3,
      "char_count": 1094,
      "has_content": true
    },
    {
      "page": 4,
      "char_count": 1450,
      "has_content": true
    },
    {
      "page": 5,
      "char_count": 1217,
      "has_content": true
    },
    {
      "page": 6,
      "char_count": 753,
      "has_content": true
    },
    {
      "page": 7,
      "char_count": 192,
      "has_content": true
    },
    {
      "page": 8,
      "char_count": 823,
      "has_content": true
    },
    {
      "page": 9,
      "char_count": 244,
      "has_content": true
    },
    {
      "page": 10,
      "char_count": 49,
      "has_content": true
    },
    {
      "page": 11,
      "char_count": 306,
      "has_content": true
    },
    {
      "page": 12,
      "char_count": 741,
      "has_content": true
    },
    {
      "page": 13,
      "char_count": 552,
      "has_content": true
    },
    {
      "page": 14,
      "char_count": 910,
      "has_content": true
    },
    {
      "page": 15,
      "char_count": 897,
      "has_content": true
    },
    {
      "page": 16,
      "char_count": 529,
      "has_content": true
    },
    {
      "page": 17,
      "char_count": 1215,
      "has_content": true
    },
    {
      "page": 18,
      "char_count": 153,
      "has_content": true
    },
    {
      "page": 19,
      "char_count": 307,
      "has_content": true
    },
    {
      "page": 20,
      "char_count": 114,
      "has_content": true
    },
    {
      "page": 21,
      "char_count": 397,
      "has_content": true
    },
    {
      "page": 22,
      "char_count": 360,
      "has_content": true
    },
    {
      "page": 23,
      "char_count": 730,
      "has_content": true
    },
    {
      "page": 24,
      "char_count": 60,
      "has_content": true
    }
  ]
}