{
  "total_pages": 48,
  "title": "CF OMNI NETWORK (общий взгляд)",
  "author": "",
  "creation_date": "D:20250530124810Z00'00'",
  "page_texts": [
    {
      "page": 1,
      "char_count": 2066,
      "has_content": true
    },
    {
      "page": 2,
      "char_count": 1895,
      "has_content": true
    },
    {
      "page": 3,
      "char_count": 2130,
      "has_content": true
    },
    {
      "page": 4,
      "char_count": 2268,
      "has_content": true
    },
    {
      "page": 5,
      "char_count": 2029,
      "has_content": true
    },
    {
      "page": 6,
      "char_count": 2323,
      "has_content": true
    },
    {
      "page": 7,
      "char_count": 1640,
      "has_content": true
    },
    {
      "page": 8,
      "char_count": 1353,
      "has_content": true
    },
    {
      "page": 9,
      "char_count": 1008,
      "has_content": true
    },
    {
      "page": 10,
      "char_count": 2169,
      "has_content": true
    },
    {
      "page": 11,
      "char_count": 1905,
      "has_content": true
    },
    {
      "page": 12,
      "char_count": 1918,
      "has_content": true
    },
    {
      "page": 13,
      "char_count": 2342,
      "has_content": true
    },
    {
      "page": 14,
      "char_count": 2256,
      "has_content": true
    },
    {
      "page": 15,
      "char_count": 2586,
      "has_content": true
    },
    {
      "page": 16,
      "char_count": 2491,
      "has_content": true
    },
    {
      "page": 17,
      "char_count": 2059,
      "has_content": true
    },
    {
      "page": 18,
      "char_count": 2084,
      "has_content": true
    },
    {
      "page": 19,
      "char_count": 1344,
      "has_content": true
    },
    {
      "page": 20,
      "char_count": 2279,
      "has_content": true
    },
    {
      "page": 21,
      "char_count": 1477,
      "has_content": true
    },
    {
      "page": 22,
      "char_count": 1846,
      "has_content": true
    },
    {
      "page": 23,
      "char_count": 2094,
      "has_content": true
    },
    {
      "page": 24,
      "char_count": 2371,
      "has_content": true
    },
    {
      "page": 25,
      "char_count": 2080,
      "has_content": true
    },
    {
      "page": 26,
      "char_count": 1734,
      "has_content": true
    },
    {
      "page": 27,
      "char_count": 2208,
      "has_content": true
    },
    {
      "page": 28,
      "char_count": 2103,
      "has_content": true
    },
    {
      "page": 29,
      "char_count": 2023,
      "has_content": true
    },
    {
      "page": 30,
      "char_count": 1359,
      "has_content": true
    },
    {
      "page": 31,
      "char_count": 2846,
      "has_content": true
    },
    {
      "page": 32,
      "char_count": 2208,
      "has_content": true
    },
    {
      "page": 33,
      "char_count": 2054,
      "has_content": true
    },
    {
      "page": 34,
      "char_count": 2260,
      "has_content": true
    },
    {
      "page": 35,
      "char_count": 2825,
      "has_content": true
    },
    {
      "page": 36,
      "char_count": 2324,
      "has_content": true
    },
    {
      "page": 37,
      "char_count": 1827,
      "has_content": true
    },
    {
      "page": 38,
      "char_count": 1638,
      "has_content": true
    },
    {
      "page": 39,
      "char_count": 1792,
      "has_content": true
    },
    {
      "page": 40,
      "char_count": 1674,
      "has_content": true
    },
    {
      "page": 41,
      "char_count": 2607,
      "has_content": true
    },
    {
      "page": 42,
      "char_count": 2051,
      "has_content": true
    },
    {
      "page": 43,
      "char_count": 2177,
      "has_content": true
    },
    {
      "page": 44,
      "char_count": 1785,
      "has_content": true
    },
    {
      "page": 45,
      "char_count": 2091,
      "has_content": true
    },
    {
      "page": 46,
      "char_count": 1525,
      "has_content": true
    },
    {
      "page": 47,
      "char_count": 2096,
      "has_content": true
    },
    {
      "page": 48,
      "char_count": 499,
      "has_content": true
    }
  ]
}