{
  "total_pages": 43,
  "title": "CF OBOL ",
  "author": "",
  "creation_date": "D:20250515163614Z00'00'",
  "page_texts": [
    {
      "page": 1,
      "char_count": 3557,
      "has_content": true
    },
    {
      "page": 2,
      "char_count": 3253,
      "has_content": true
    },
    {
      "page": 3,
      "char_count": 3283,
      "has_content": true
    },
    {
      "page": 4,
      "char_count": 3399,
      "has_content": true
    },
    {
      "page": 5,
      "char_count": 3166,
      "has_content": true
    },
    {
      "page": 6,
      "char_count": 3401,
      "has_content": true
    },
    {
      "page": 7,
      "char_count": 3341,
      "has_content": true
    },
    {
      "page": 8,
      "char_count": 3490,
      "has_content": true
    },
    {
      "page": 9,
      "char_count": 3257,
      "has_content": true
    },
    {
      "page": 10,
      "char_count": 2909,
      "has_content": true
    },
    {
      "page": 11,
      "char_count": 3341,
      "has_content": true
    },
    {
      "page": 12,
      "char_count": 3460,
      "has_content": true
    },
    {
      "page": 13,
      "char_count": 2405,
      "has_content": true
    },
    {
      "page": 14,
      "char_count": 3128,
      "has_content": true
    },
    {
      "page": 15,
      "char_count": 3423,
      "has_content": true
    },
    {
      "page": 16,
      "char_count": 2935,
      "has_content": true
    },
    {
      "page": 17,
      "char_count": 2747,
      "has_content": true
    },
    {
      "page": 18,
      "char_count": 2478,
      "has_content": true
    },
    {
      "page": 19,
      "char_count": 3013,
      "has_content": true
    },
    {
      "page": 20,
      "char_count": 2893,
      "has_content": true
    },
    {
      "page": 21,
      "char_count": 2315,
      "has_content": true
    },
    {
      "page": 22,
      "char_count": 2369,
      "has_content": true
    },
    {
      "page": 23,
      "char_count": 2685,
      "has_content": true
    },
    {
      "page": 24,
      "char_count": 2787,
      "has_content": true
    },
    {
      "page": 25,
      "char_count": 2978,
      "has_content": true
    },
    {
      "page": 26,
      "char_count": 3153,
      "has_content": true
    },
    {
      "page": 27,
      "char_count": 2552,
      "has_content": true
    },
    {
      "page": 28,
      "char_count": 3130,
      "has_content": true
    },
    {
      "page": 29,
      "char_count": 2798,
      "has_content": true
    },
    {
      "page": 30,
      "char_count": 2435,
      "has_content": true
    },
    {
      "page": 31,
      "char_count": 2263,
      "has_content": true
    },
    {
      "page": 32,
      "char_count": 2564,
      "has_content": true
    },
    {
      "page": 33,
      "char_count": 2740,
      "has_content": true
    },
    {
      "page": 34,
      "char_count": 2507,
      "has_content": true
    },
    {
      "page": 35,
      "char_count": 3046,
      "has_content": true
    },
    {
      "page": 36,
      "char_count": 2416,
      "has_content": true
    },
    {
      "page": 37,
      "char_count": 2369,
      "has_content": true
    },
    {
      "page": 38,
      "char_count": 3461,
      "has_content": true
    },
    {
      "page": 39,
      "char_count": 3191,
      "has_content": true
    },
    {
      "page": 40,
      "char_count": 2847,
      "has_content": true
    },
    {
      "page": 41,
      "char_count": 3526,
      "has_content": true
    },
    {
      "page": 42,
      "char_count": 3574,
      "has_content": true
    },
    {
      "page": 43,
      "char_count": 175,
      "has_content": true
    }
  ]
}