{
  "total_pages": 23,
  "title": "CF ONDO ",
  "author": "",
  "creation_date": "D:20250305114020Z00'00'",
  "page_texts": [
    {
      "page": 1,
      "char_count": 2829,
      "has_content": true
    },
    {
      "page": 2,
      "char_count": 2532,
      "has_content": true
    },
    {
      "page": 3,
      "char_count": 2716,
      "has_content": true
    },
    {
      "page": 4,
      "char_count": 2271,
      "has_content": true
    },
    {
      "page": 5,
      "char_count": 3040,
      "has_content": true
    },
    {
      "page": 6,
      "char_count": 2976,
      "has_content": true
    },
    {
      "page": 7,
      "char_count": 2699,
      "has_content": true
    },
    {
      "page": 8,
      "char_count": 2156,
      "has_content": true
    },
    {
      "page": 9,
      "char_count": 2306,
      "has_content": true
    },
    {
      "page": 10,
      "char_count": 2354,
      "has_content": true
    },
    {
      "page": 11,
      "char_count": 2719,
      "has_content": true
    },
    {
      "page": 12,
      "char_count": 3135,
      "has_content": true
    },
    {
      "page": 13,
      "char_count": 2210,
      "has_content": true
    },
    {
      "page": 14,
      "char_count": 3076,
      "has_content": true
    },
    {
      "page": 15,
      "char_count": 2212,
      "has_content": true
    },
    {
      "page": 16,
      "char_count": 2939,
      "has_content": true
    },
    {
      "page": 17,
      "char_count": 3231,
      "has_content": true
    },
    {
      "page": 18,
      "char_count": 3143,
      "has_content": true
    },
    {
      "page": 19,
      "char_count": 2968,
      "has_content": true
    },
    {
      "page": 20,
      "char_count": 2912,
      "has_content": true
    },
    {
      "page": 21,
      "char_count": 2867,
      "has_content": true
    },
    {
      "page": 22,
      "char_count": 2802,
      "has_content": true
    },
    {
      "page": 23,
      "char_count": 2499,
      "has_content": true
    }
  ]
}