{
  "total_pages": 24,
  "title": "CF OP (аналитика) Optimism",
  "author": "",
  "creation_date": "D:20231026083355Z00'00'",
  "page_texts": [
    {
      "page": 1,
      "char_count": 540,
      "has_content": true
    },
    {
      "page": 2,
      "char_count": 741,
      "has_content": true
    },
    {
      "page": 3,
      "char_count": 520,
      "has_content": true
    },
    {
      "page": 4,
      "char_count": 930,
      "has_content": true
    },
    {
      "page": 5,
      "char_count": 587,
      "has_content": true
    },
    {
      "page": 6,
      "char_count": 817,
      "has_content": true
    },
    {
      "page": 7,
      "char_count": 1246,
      "has_content": true
    },
    {
      "page": 8,
      "char_count": 743,
      "has_content": true
    },
    {
      "page": 9,
      "char_count": 365,
      "has_content": true
    },
    {
      "page": 10,
      "char_count": 197,
      "has_content": true
    },
    {
      "page": 11,
      "char_count": 139,
      "has_content": true
    },
    {
      "page": 12,
      "char_count": 79,
      "has_content": true
    },
    {
      "page": 13,
      "char_count": 186,
      "has_content": true
    },
    {
      "page": 14,
      "char_count": 499,
      "has_content": true
    },
    {
      "page": 15,
      "char_count": 482,
      "has_content": true
    },
    {
      "page": 16,
      "char_count": 22,
      "has_content": true
    },
    {
      "page": 17,
      "char_count": 1125,
      "has_content": true
    },
    {
      "page": 18,
      "char_count": 549,
      "has_content": true
    },
    {
      "page": 19,
      "char_count": 329,
      "has_content": true
    },
    {
      "page": 20,
      "char_count": 399,
      "has_content": true
    },
    {
      "page": 21,
      "char_count": 215,
      "has_content": true
    },
    {
      "page": 22,
      "char_count": 715,
      "has_content": true
    },
    {
      "page": 23,
      "char_count": 466,
      "has_content": true
    },
    {
      "page": 24,
      "char_count": 666,
      "has_content": true
    }
  ]
}