{
  "total_pages": 47,
  "title": "CF ORCA 03-25",
  "author": "",
  "creation_date": "D:20250321122117Z00'00'",
  "page_texts": [
    {
      "page": 1,
      "char_count": 2168,
      "has_content": true
    },
    {
      "page": 2,
      "char_count": 2301,
      "has_content": true
    },
    {
      "page": 3,
      "char_count": 2651,
      "has_content": true
    },
    {
      "page": 4,
      "char_count": 2185,
      "has_content": true
    },
    {
      "page": 5,
      "char_count": 2832,
      "has_content": true
    },
    {
      "page": 6,
      "char_count": 2505,
      "has_content": true
    },
    {
      "page": 7,
      "char_count": 2018,
      "has_content": true
    },
    {
      "page": 8,
      "char_count": 2309,
      "has_content": true
    },
    {
      "page": 9,
      "char_count": 2204,
      "has_content": true
    },
    {
      "page": 10,
      "char_count": 2262,
      "has_content": true
    },
    {
      "page": 11,
      "char_count": 2859,
      "has_content": true
    },
    {
      "page": 12,
      "char_count": 2457,
      "has_content": true
    },
    {
      "page": 13,
      "char_count": 2971,
      "has_content": true
    },
    {
      "page": 14,
      "char_count": 2601,
      "has_content": true
    },
    {
      "page": 15,
      "char_count": 2844,
      "has_content": true
    },
    {
      "page": 16,
      "char_count": 2284,
      "has_content": true
    },
    {
      "page": 17,
      "char_count": 2711,
      "has_content": true
    },
    {
      "page": 18,
      "char_count": 2369,
      "has_content": true
    },
    {
      "page": 19,
      "char_count": 2460,
      "has_content": true
    },
    {
      "page": 20,
      "char_count": 2950,
      "has_content": true
    },
    {
      "page": 21,
      "char_count": 1764,
      "has_content": true
    },
    {
      "page": 22,
      "char_count": 2979,
      "has_content": true
    },
    {
      "page": 23,
      "char_count": 2624,
      "has_content": true
    },
    {
      "page": 24,
      "char_count": 2816,
      "has_content": true
    },
    {
      "page": 25,
      "char_count": 2063,
      "has_content": true
    },
    {
      "page": 26,
      "char_count": 2243,
      "has_content": true
    },
    {
      "page": 27,
      "char_count": 2345,
      "has_content": true
    },
    {
      "page": 28,
      "char_count": 3031,
      "has_content": true
    },
    {
      "page": 29,
      "char_count": 3046,
      "has_content": true
    },
    {
      "page": 30,
      "char_count": 2923,
      "has_content": true
    },
    {
      "page": 31,
      "char_count": 3296,
      "has_content": true
    },
    {
      "page": 32,
      "char_count": 3122,
      "has_content": true
    },
    {
      "page": 33,
      "char_count": 2858,
      "has_content": true
    },
    {
      "page": 34,
      "char_count": 3290,
      "has_content": true
    },
    {
      "page": 35,
      "char_count": 2346,
      "has_content": true
    },
    {
      "page": 36,
      "char_count": 2482,
      "has_content": true
    },
    {
      "page": 37,
      "char_count": 2645,
      "has_content": true
    },
    {
      "page": 38,
      "char_count": 2983,
      "has_content": true
    },
    {
      "page": 39,
      "char_count": 3243,
      "has_content": true
    },
    {
      "page": 40,
      "char_count": 3204,
      "has_content": true
    },
    {
      "page": 41,
      "char_count": 2488,
      "has_content": true
    },
    {
      "page": 42,
      "char_count": 2694,
      "has_content": true
    },
    {
      "page": 43,
      "char_count": 3065,
      "has_content": true
    },
    {
      "page": 44,
      "char_count": 3557,
      "has_content": true
    },
    {
      "page": 45,
      "char_count": 3598,
      "has_content": true
    },
    {
      "page": 46,
      "char_count": 3750,
      "has_content": true
    },
    {
      "page": 47,
      "char_count": 2490,
      "has_content": true
    }
  ]
}