{
  "total_pages": 25,
  "title": "CF Polyhedra",
  "author": "",
  "creation_date": "D:20240418105001Z00'00'",
  "page_texts": [
    {
      "page": 1,
      "char_count": 609,
      "has_content": true
    },
    {
      "page": 2,
      "char_count": 101,
      "has_content": true
    },
    {
      "page": 3,
      "char_count": 794,
      "has_content": true
    },
    {
      "page": 4,
      "char_count": 4,
      "has_content": false
    },
    {
      "page": 5,
      "char_count": 114,
      "has_content": true
    },
    {
      "page": 6,
      "char_count": 1059,
      "has_content": true
    },
    {
      "page": 7,
      "char_count": 463,
      "has_content": true
    },
    {
      "page": 8,
      "char_count": 163,
      "has_content": true
    },
    {
      "page": 9,
      "char_count": 503,
      "has_content": true
    },
    {
      "page": 10,
      "char_count": 252,
      "has_content": true
    },
    {
      "page": 11,
      "char_count": 60,
      "has_content": true
    },
    {
      "page": 12,
      "char_count": 438,
      "has_content": true
    },
    {
      "page": 13,
      "char_count": 336,
      "has_content": true
    },
    {
      "page": 14,
      "char_count": 104,
      "has_content": true
    },
    {
      "page": 15,
      "char_count": 651,
      "has_content": true
    },
    {
      "page": 16,
      "char_count": 502,
      "has_content": true
    },
    {
      "page": 17,
      "char_count": 142,
      "has_content": true
    },
    {
      "page": 18,
      "char_count": 139,
      "has_content": true
    },
    {
      "page": 19,
      "char_count": 613,
      "has_content": true
    },
    {
      "page": 20,
      "char_count": 24,
      "has_content": true
    },
    {
      "page": 21,
      "char_count": 429,
      "has_content": true
    },
    {
      "page": 22,
      "char_count": 4,
      "has_content": false
    },
    {
      "page": 23,
      "char_count": 387,
      "has_content": true
    },
    {
      "page": 24,
      "char_count": 905,
      "has_content": true
    },
    {
      "page": 25,
      "char_count": 82,
      "has_content": true
    }
  ]
}