{
  "total_pages": 29,
  "title": "CF Pendle",
  "author": "",
  "creation_date": "D:20250604140559Z00'00'",
  "page_texts": [
    {
      "page": 1,
      "char_count": 2896,
      "has_content": true
    },
    {
      "page": 2,
      "char_count": 3630,
      "has_content": true
    },
    {
      "page": 3,
      "char_count": 2882,
      "has_content": true
    },
    {
      "page": 4,
      "char_count": 3189,
      "has_content": true
    },
    {
      "page": 5,
      "char_count": 3137,
      "has_content": true
    },
    {
      "page": 6,
      "char_count": 3557,
      "has_content": true
    },
    {
      "page": 7,
      "char_count": 3583,
      "has_content": true
    },
    {
      "page": 8,
      "char_count": 3559,
      "has_content": true
    },
    {
      "page": 9,
      "char_count": 3414,
      "has_content": true
    },
    {
      "page": 10,
      "char_count": 3068,
      "has_content": true
    },
    {
      "page": 11,
      "char_count": 3538,
      "has_content": true
    },
    {
      "page": 12,
      "char_count": 3268,
      "has_content": true
    },
    {
      "page": 13,
      "char_count": 3089,
      "has_content": true
    },
    {
      "page": 14,
      "char_count": 3000,
      "has_content": true
    },
    {
      "page": 15,
      "char_count": 3200,
      "has_content": true
    },
    {
      "page": 16,
      "char_count": 3526,
      "has_content": true
    },
    {
      "page": 17,
      "char_count": 3560,
      "has_content": true
    },
    {
      "page": 18,
      "char_count": 3603,
      "has_content": true
    },
    {
      "page": 19,
      "char_count": 3490,
      "has_content": true
    },
    {
      "page": 20,
      "char_count": 3403,
      "has_content": true
    },
    {
      "page": 21,
      "char_count": 3676,
      "has_content": true
    },
    {
      "page": 22,
      "char_count": 3497,
      "has_content": true
    },
    {
      "page": 23,
      "char_count": 3346,
      "has_content": true
    },
    {
      "page": 24,
      "char_count": 3326,
      "has_content": true
    },
    {
      "page": 25,
      "char_count": 3031,
      "has_content": true
    },
    {
      "page": 26,
      "char_count": 3112,
      "has_content": true
    },
    {
      "page": 27,
      "char_count": 3290,
      "has_content": true
    },
    {
      "page": 28,
      "char_count": 3639,
      "has_content": true
    },
    {
      "page": 29,
      "char_count": 1855,
      "has_content": true
    }
  ]
}