{
  "total_pages": 28,
  "title": "CF POLYHEDRA 03-25",
  "author": "",
  "creation_date": "D:20250320100114Z00'00'",
  "page_texts": [
    {
      "page": 1,
      "char_count": 2098,
      "has_content": true
    },
    {
      "page": 2,
      "char_count": 2993,
      "has_content": true
    },
    {
      "page": 3,
      "char_count": 2578,
      "has_content": true
    },
    {
      "page": 4,
      "char_count": 2713,
      "has_content": true
    },
    {
      "page": 5,
      "char_count": 2324,
      "has_content": true
    },
    {
      "page": 6,
      "char_count": 3031,
      "has_content": true
    },
    {
      "page": 7,
      "char_count": 3040,
      "has_content": true
    },
    {
      "page": 8,
      "char_count": 2971,
      "has_content": true
    },
    {
      "page": 9,
      "char_count": 2574,
      "has_content": true
    },
    {
      "page": 10,
      "char_count": 1993,
      "has_content": true
    },
    {
      "page": 11,
      "char_count": 2876,
      "has_content": true
    },
    {
      "page": 12,
      "char_count": 2611,
      "has_content": true
    },
    {
      "page": 13,
      "char_count": 2587,
      "has_content": true
    },
    {
      "page": 14,
      "char_count": 3073,
      "has_content": true
    },
    {
      "page": 15,
      "char_count": 1166,
      "has_content": true
    },
    {
      "page": 16,
      "char_count": 2788,
      "has_content": true
    },
    {
      "page": 17,
      "char_count": 1972,
      "has_content": true
    },
    {
      "page": 18,
      "char_count": 3357,
      "has_content": true
    },
    {
      "page": 19,
      "char_count": 2962,
      "has_content": true
    },
    {
      "page": 20,
      "char_count": 3477,
      "has_content": true
    },
    {
      "page": 21,
      "char_count": 3025,
      "has_content": true
    },
    {
      "page": 22,
      "char_count": 3286,
      "has_content": true
    },
    {
      "page": 23,
      "char_count": 2846,
      "has_content": true
    },
    {
      "page": 24,
      "char_count": 3166,
      "has_content": true
    },
    {
      "page": 25,
      "char_count": 2985,
      "has_content": true
    },
    {
      "page": 26,
      "char_count": 3119,
      "has_content": true
    },
    {
      "page": 27,
      "char_count": 3330,
      "has_content": true
    },
    {
      "page": 28,
      "char_count": 2895,
      "has_content": true
    }
  ]
}