{
  "total_pages": 25,
  "title": "CF PLUME",
  "author": "",
  "creation_date": "D:20250303151909Z00'00'",
  "page_texts": [
    {
      "page": 1,
      "char_count": 2374,
      "has_content": true
    },
    {
      "page": 2,
      "char_count": 2721,
      "has_content": true
    },
    {
      "page": 3,
      "char_count": 2802,
      "has_content": true
    },
    {
      "page": 4,
      "char_count": 2718,
      "has_content": true
    },
    {
      "page": 5,
      "char_count": 2452,
      "has_content": true
    },
    {
      "page": 6,
      "char_count": 3286,
      "has_content": true
    },
    {
      "page": 7,
      "char_count": 3267,
      "has_content": true
    },
    {
      "page": 8,
      "char_count": 2946,
      "has_content": true
    },
    {
      "page": 9,
      "char_count": 3021,
      "has_content": true
    },
    {
      "page": 10,
      "char_count": 2515,
      "has_content": true
    },
    {
      "page": 11,
      "char_count": 2628,
      "has_content": true
    },
    {
      "page": 12,
      "char_count": 3269,
      "has_content": true
    },
    {
      "page": 13,
      "char_count": 2967,
      "has_content": true
    },
    {
      "page": 14,
      "char_count": 3135,
      "has_content": true
    },
    {
      "page": 15,
      "char_count": 2473,
      "has_content": true
    },
    {
      "page": 16,
      "char_count": 2851,
      "has_content": true
    },
    {
      "page": 17,
      "char_count": 3384,
      "has_content": true
    },
    {
      "page": 18,
      "char_count": 3149,
      "has_content": true
    },
    {
      "page": 19,
      "char_count": 3506,
      "has_content": true
    },
    {
      "page": 20,
      "char_count": 3410,
      "has_content": true
    },
    {
      "page": 21,
      "char_count": 3319,
      "has_content": true
    },
    {
      "page": 22,
      "char_count": 3654,
      "has_content": true
    },
    {
      "page": 23,
      "char_count": 2933,
      "has_content": true
    },
    {
      "page": 24,
      "char_count": 3375,
      "has_content": true
    },
    {
      "page": 25,
      "char_count": 3021,
      "has_content": true
    }
  ]
}