{
  "total_pages": 32,
  "title": "CF PARCELS ",
  "author": "",
  "creation_date": "D:20250602154708Z00'00'",
  "page_texts": [
    {
      "page": 1,
      "char_count": 2995,
      "has_content": true
    },
    {
      "page": 2,
      "char_count": 3214,
      "has_content": true
    },
    {
      "page": 3,
      "char_count": 3224,
      "has_content": true
    },
    {
      "page": 4,
      "char_count": 3504,
      "has_content": true
    },
    {
      "page": 5,
      "char_count": 3611,
      "has_content": true
    },
    {
      "page": 6,
      "char_count": 3408,
      "has_content": true
    },
    {
      "page": 7,
      "char_count": 3362,
      "has_content": true
    },
    {
      "page": 8,
      "char_count": 3462,
      "has_content": true
    },
    {
      "page": 9,
      "char_count": 3608,
      "has_content": true
    },
    {
      "page": 10,
      "char_count": 3623,
      "has_content": true
    },
    {
      "page": 11,
      "char_count": 3483,
      "has_content": true
    },
    {
      "page": 12,
      "char_count": 3072,
      "has_content": true
    },
    {
      "page": 13,
      "char_count": 3390,
      "has_content": true
    },
    {
      "page": 14,
      "char_count": 3565,
      "has_content": true
    },
    {
      "page": 15,
      "char_count": 3521,
      "has_content": true
    },
    {
      "page": 16,
      "char_count": 3669,
      "has_content": true
    },
    {
      "page": 17,
      "char_count": 3748,
      "has_content": true
    },
    {
      "page": 18,
      "char_count": 3532,
      "has_content": true
    },
    {
      "page": 19,
      "char_count": 3539,
      "has_content": true
    },
    {
      "page": 20,
      "char_count": 3358,
      "has_content": true
    },
    {
      "page": 21,
      "char_count": 3363,
      "has_content": true
    },
    {
      "page": 22,
      "char_count": 3372,
      "has_content": true
    },
    {
      "page": 23,
      "char_count": 3233,
      "has_content": true
    },
    {
      "page": 24,
      "char_count": 3423,
      "has_content": true
    },
    {
      "page": 25,
      "char_count": 3637,
      "has_content": true
    },
    {
      "page": 26,
      "char_count": 3147,
      "has_content": true
    },
    {
      "page": 27,
      "char_count": 2960,
      "has_content": true
    },
    {
      "page": 28,
      "char_count": 3125,
      "has_content": true
    },
    {
      "page": 29,
      "char_count": 3356,
      "has_content": true
    },
    {
      "page": 30,
      "char_count": 3539,
      "has_content": true
    },
    {
      "page": 31,
      "char_count": 3551,
      "has_content": true
    },
    {
      "page": 32,
      "char_count": 536,
      "has_content": true
    }
  ]
}