{
  "total_pages": 25,
  "title": "CF Parcl",
  "author": "",
  "creation_date": "D:20240513032033Z00'00'",
  "page_texts": [
    {
      "page": 1,
      "char_count": 1004,
      "has_content": true
    },
    {
      "page": 2,
      "char_count": 1333,
      "has_content": true
    },
    {
      "page": 3,
      "char_count": 396,
      "has_content": true
    },
    {
      "page": 4,
      "char_count": 700,
      "has_content": true
    },
    {
      "page": 5,
      "char_count": 951,
      "has_content": true
    },
    {
      "page": 6,
      "char_count": 123,
      "has_content": true
    },
    {
      "page": 7,
      "char_count": 582,
      "has_content": true
    },
    {
      "page": 8,
      "char_count": 1123,
      "has_content": true
    },
    {
      "page": 9,
      "char_count": 1142,
      "has_content": true
    },
    {
      "page": 10,
      "char_count": 176,
      "has_content": true
    },
    {
      "page": 11,
      "char_count": 450,
      "has_content": true
    },
    {
      "page": 12,
      "char_count": 256,
      "has_content": true
    },
    {
      "page": 13,
      "char_count": 166,
      "has_content": true
    },
    {
      "page": 14,
      "char_count": 59,
      "has_content": true
    },
    {
      "page": 15,
      "char_count": 332,
      "has_content": true
    },
    {
      "page": 16,
      "char_count": 637,
      "has_content": true
    },
    {
      "page": 17,
      "char_count": 749,
      "has_content": true
    },
    {
      "page": 18,
      "char_count": 109,
      "has_content": true
    },
    {
      "page": 19,
      "char_count": 355,
      "has_content": true
    },
    {
      "page": 20,
      "char_count": 20,
      "has_content": true
    },
    {
      "page": 21,
      "char_count": 102,
      "has_content": true
    },
    {
      "page": 22,
      "char_count": 4,
      "has_content": false
    },
    {
      "page": 23,
      "char_count": 745,
      "has_content": true
    },
    {
      "page": 24,
      "char_count": 1162,
      "has_content": true
    },
    {
      "page": 25,
      "char_count": 818,
      "has_content": true
    }
  ]
}