{
  "total_pages": 24,
  "title": "CF PYTH 03-03",
  "author": "",
  "creation_date": "D:20250303101841Z00'00'",
  "page_texts": [
    {
      "page": 1,
      "char_count": 3714,
      "has_content": true
    },
    {
      "page": 2,
      "char_count": 4074,
      "has_content": true
    },
    {
      "page": 3,
      "char_count": 4076,
      "has_content": true
    },
    {
      "page": 4,
      "char_count": 4006,
      "has_content": true
    },
    {
      "page": 5,
      "char_count": 3993,
      "has_content": true
    },
    {
      "page": 6,
      "char_count": 4101,
      "has_content": true
    },
    {
      "page": 7,
      "char_count": 3566,
      "has_content": true
    },
    {
      "page": 8,
      "char_count": 3738,
      "has_content": true
    },
    {
      "page": 9,
      "char_count": 3790,
      "has_content": true
    },
    {
      "page": 10,
      "char_count": 3691,
      "has_content": true
    },
    {
      "page": 11,
      "char_count": 3539,
      "has_content": true
    },
    {
      "page": 12,
      "char_count": 3677,
      "has_content": true
    },
    {
      "page": 13,
      "char_count": 3353,
      "has_content": true
    },
    {
      "page": 14,
      "char_count": 3780,
      "has_content": true
    },
    {
      "page": 15,
      "char_count": 3592,
      "has_content": true
    },
    {
      "page": 16,
      "char_count": 3592,
      "has_content": true
    },
    {
      "page": 17,
      "char_count": 4214,
      "has_content": true
    },
    {
      "page": 18,
      "char_count": 3848,
      "has_content": true
    },
    {
      "page": 19,
      "char_count": 3803,
      "has_content": true
    },
    {
      "page": 20,
      "char_count": 3834,
      "has_content": true
    },
    {
      "page": 21,
      "char_count": 3367,
      "has_content": true
    },
    {
      "page": 22,
      "char_count": 3783,
      "has_content": true
    },
    {
      "page": 23,
      "char_count": 3985,
      "has_content": true
    },
    {
      "page": 24,
      "char_count": 3719,
      "has_content": true
    }
  ]
}