{
  "total_pages": 55,
  "title": "CF Puffer",
  "author": "",
  "creation_date": "D:20250508191023Z00'00'",
  "page_texts": [
    {
      "page": 1,
      "char_count": 3258,
      "has_content": true
    },
    {
      "page": 2,
      "char_count": 3383,
      "has_content": true
    },
    {
      "page": 3,
      "char_count": 3512,
      "has_content": true
    },
    {
      "page": 4,
      "char_count": 3576,
      "has_content": true
    },
    {
      "page": 5,
      "char_count": 3400,
      "has_content": true
    },
    {
      "page": 6,
      "char_count": 3209,
      "has_content": true
    },
    {
      "page": 7,
      "char_count": 3371,
      "has_content": true
    },
    {
      "page": 8,
      "char_count": 3364,
      "has_content": true
    },
    {
      "page": 9,
      "char_count": 3659,
      "has_content": true
    },
    {
      "page": 10,
      "char_count": 3426,
      "has_content": true
    },
    {
      "page": 11,
      "char_count": 3590,
      "has_content": true
    },
    {
      "page": 12,
      "char_count": 3448,
      "has_content": true
    },
    {
      "page": 13,
      "char_count": 3594,
      "has_content": true
    },
    {
      "page": 14,
      "char_count": 3062,
      "has_content": true
    },
    {
      "page": 15,
      "char_count": 3355,
      "has_content": true
    },
    {
      "page": 16,
      "char_count": 3115,
      "has_content": true
    },
    {
      "page": 17,
      "char_count": 2834,
      "has_content": true
    },
    {
      "page": 18,
      "char_count": 2807,
      "has_content": true
    },
    {
      "page": 19,
      "char_count": 3282,
      "has_content": true
    },
    {
      "page": 20,
      "char_count": 3106,
      "has_content": true
    },
    {
      "page": 21,
      "char_count": 1839,
      "has_content": true
    },
    {
      "page": 22,
      "char_count": 2639,
      "has_content": true
    },
    {
      "page": 23,
      "char_count": 2690,
      "has_content": true
    },
    {
      "page": 24,
      "char_count": 3322,
      "has_content": true
    },
    {
      "page": 25,
      "char_count": 3383,
      "has_content": true
    },
    {
      "page": 26,
      "char_count": 2734,
      "has_content": true
    },
    {
      "page": 27,
      "char_count": 2909,
      "has_content": true
    },
    {
      "page": 28,
      "char_count": 3039,
      "has_content": true
    },
    {
      "page": 29,
      "char_count": 3167,
      "has_content": true
    },
    {
      "page": 30,
      "char_count": 2929,
      "has_content": true
    },
    {
      "page": 31,
      "char_count": 3188,
      "has_content": true
    },
    {
      "page": 32,
      "char_count": 3191,
      "has_content": true
    },
    {
      "page": 33,
      "char_count": 2931,
      "has_content": true
    },
    {
      "page": 34,
      "char_count": 3051,
      "has_content": true
    },
    {
      "page": 35,
      "char_count": 3232,
      "has_content": true
    },
    {
      "page": 36,
      "char_count": 2770,
      "has_content": true
    },
    {
      "page": 37,
      "char_count": 2474,
      "has_content": true
    },
    {
      "page": 38,
      "char_count": 3158,
      "has_content": true
    },
    {
      "page": 39,
      "char_count": 2490,
      "has_content": true
    },
    {
      "page": 40,
      "char_count": 2532,
      "has_content": true
    },
    {
      "page": 41,
      "char_count": 2565,
      "has_content": true
    },
    {
      "page": 42,
      "char_count": 2970,
      "has_content": true
    },
    {
      "page": 43,
      "char_count": 2964,
      "has_content": true
    },
    {
      "page": 44,
      "char_count": 2429,
      "has_content": true
    },
    {
      "page": 45,
      "char_count": 3622,
      "has_content": true
    },
    {
      "page": 46,
      "char_count": 3406,
      "has_content": true
    },
    {
      "page": 47,
      "char_count": 3140,
      "has_content": true
    },
    {
      "page": 48,
      "char_count": 2728,
      "has_content": true
    },
    {
      "page": 49,
      "char_count": 2513,
      "has_content": true
    },
    {
      "page": 50,
      "char_count": 3326,
      "has_content": true
    },
    {
      "page": 51,
      "char_count": 3387,
      "has_content": true
    },
    {
      "page": 52,
      "char_count": 3137,
      "has_content": true
    },
    {
      "page": 53,
      "char_count": 3230,
      "has_content": true
    },
    {
      "page": 54,
      "char_count": 2995,
      "has_content": true
    },
    {
      "page": 55,
      "char_count": 1282,
      "has_content": true
    }
  ]
}