{
  "total_pages": 25,
  "title": "CF PUFFER ",
  "author": "",
  "creation_date": "D:20250301113032Z00'00'",
  "page_texts": [
    {
      "page": 1,
      "char_count": 3028,
      "has_content": true
    },
    {
      "page": 2,
      "char_count": 3474,
      "has_content": true
    },
    {
      "page": 3,
      "char_count": 3548,
      "has_content": true
    },
    {
      "page": 4,
      "char_count": 3267,
      "has_content": true
    },
    {
      "page": 5,
      "char_count": 3408,
      "has_content": true
    },
    {
      "page": 6,
      "char_count": 2548,
      "has_content": true
    },
    {
      "page": 7,
      "char_count": 2537,
      "has_content": true
    },
    {
      "page": 8,
      "char_count": 3381,
      "has_content": true
    },
    {
      "page": 9,
      "char_count": 3760,
      "has_content": true
    },
    {
      "page": 10,
      "char_count": 2463,
      "has_content": true
    },
    {
      "page": 11,
      "char_count": 2709,
      "has_content": true
    },
    {
      "page": 12,
      "char_count": 1127,
      "has_content": true
    },
    {
      "page": 13,
      "char_count": 3360,
      "has_content": true
    },
    {
      "page": 14,
      "char_count": 3800,
      "has_content": true
    },
    {
      "page": 15,
      "char_count": 4073,
      "has_content": true
    },
    {
      "page": 16,
      "char_count": 3472,
      "has_content": true
    },
    {
      "page": 17,
      "char_count": 3692,
      "has_content": true
    },
    {
      "page": 18,
      "char_count": 3891,
      "has_content": true
    },
    {
      "page": 19,
      "char_count": 3324,
      "has_content": true
    },
    {
      "page": 20,
      "char_count": 3729,
      "has_content": true
    },
    {
      "page": 21,
      "char_count": 3347,
      "has_content": true
    },
    {
      "page": 22,
      "char_count": 3521,
      "has_content": true
    },
    {
      "page": 23,
      "char_count": 2864,
      "has_content": true
    },
    {
      "page": 24,
      "char_count": 3680,
      "has_content": true
    },
    {
      "page": 25,
      "char_count": 3026,
      "has_content": true
    }
  ]
}