{
  "total_pages": 40,
  "title": "CF PALM",
  "author": "",
  "creation_date": "D:20250602160618Z00'00'",
  "page_texts": [
    {
      "page": 1,
      "char_count": 3072,
      "has_content": true
    },
    {
      "page": 2,
      "char_count": 2645,
      "has_content": true
    },
    {
      "page": 3,
      "char_count": 3070,
      "has_content": true
    },
    {
      "page": 4,
      "char_count": 2927,
      "has_content": true
    },
    {
      "page": 5,
      "char_count": 3351,
      "has_content": true
    },
    {
      "page": 6,
      "char_count": 3124,
      "has_content": true
    },
    {
      "page": 7,
      "char_count": 2707,
      "has_content": true
    },
    {
      "page": 8,
      "char_count": 3431,
      "has_content": true
    },
    {
      "page": 9,
      "char_count": 3350,
      "has_content": true
    },
    {
      "page": 10,
      "char_count": 2978,
      "has_content": true
    },
    {
      "page": 11,
      "char_count": 2797,
      "has_content": true
    },
    {
      "page": 12,
      "char_count": 3067,
      "has_content": true
    },
    {
      "page": 13,
      "char_count": 3313,
      "has_content": true
    },
    {
      "page": 14,
      "char_count": 3044,
      "has_content": true
    },
    {
      "page": 15,
      "char_count": 2950,
      "has_content": true
    },
    {
      "page": 16,
      "char_count": 3072,
      "has_content": true
    },
    {
      "page": 17,
      "char_count": 3026,
      "has_content": true
    },
    {
      "page": 18,
      "char_count": 2581,
      "has_content": true
    },
    {
      "page": 19,
      "char_count": 2834,
      "has_content": true
    },
    {
      "page": 20,
      "char_count": 2818,
      "has_content": true
    },
    {
      "page": 21,
      "char_count": 3008,
      "has_content": true
    },
    {
      "page": 22,
      "char_count": 2619,
      "has_content": true
    },
    {
      "page": 23,
      "char_count": 2979,
      "has_content": true
    },
    {
      "page": 24,
      "char_count": 2786,
      "has_content": true
    },
    {
      "page": 25,
      "char_count": 3370,
      "has_content": true
    },
    {
      "page": 26,
      "char_count": 2574,
      "has_content": true
    },
    {
      "page": 27,
      "char_count": 3068,
      "has_content": true
    },
    {
      "page": 28,
      "char_count": 2685,
      "has_content": true
    },
    {
      "page": 29,
      "char_count": 3031,
      "has_content": true
    },
    {
      "page": 30,
      "char_count": 2651,
      "has_content": true
    },
    {
      "page": 31,
      "char_count": 3196,
      "has_content": true
    },
    {
      "page": 32,
      "char_count": 2859,
      "has_content": true
    },
    {
      "page": 33,
      "char_count": 3123,
      "has_content": true
    },
    {
      "page": 34,
      "char_count": 2608,
      "has_content": true
    },
    {
      "page": 35,
      "char_count": 2636,
      "has_content": true
    },
    {
      "page": 36,
      "char_count": 2454,
      "has_content": true
    },
    {
      "page": 37,
      "char_count": 3001,
      "has_content": true
    },
    {
      "page": 38,
      "char_count": 3213,
      "has_content": true
    },
    {
      "page": 39,
      "char_count": 3041,
      "has_content": true
    },
    {
      "page": 40,
      "char_count": 2352,
      "has_content": true
    }
  ]
}