{
  "total_pages": 29,
  "title": "CF QUANT ",
  "author": "",
  "creation_date": "D:20250602150600Z00'00'",
  "page_texts": [
    {
      "page": 1,
      "char_count": 2593,
      "has_content": true
    },
    {
      "page": 2,
      "char_count": 3809,
      "has_content": true
    },
    {
      "page": 3,
      "char_count": 3228,
      "has_content": true
    },
    {
      "page": 4,
      "char_count": 3479,
      "has_content": true
    },
    {
      "page": 5,
      "char_count": 3688,
      "has_content": true
    },
    {
      "page": 6,
      "char_count": 3045,
      "has_content": true
    },
    {
      "page": 7,
      "char_count": 3248,
      "has_content": true
    },
    {
      "page": 8,
      "char_count": 3772,
      "has_content": true
    },
    {
      "page": 9,
      "char_count": 3524,
      "has_content": true
    },
    {
      "page": 10,
      "char_count": 3390,
      "has_content": true
    },
    {
      "page": 11,
      "char_count": 3459,
      "has_content": true
    },
    {
      "page": 12,
      "char_count": 3692,
      "has_content": true
    },
    {
      "page": 13,
      "char_count": 3620,
      "has_content": true
    },
    {
      "page": 14,
      "char_count": 3510,
      "has_content": true
    },
    {
      "page": 15,
      "char_count": 3686,
      "has_content": true
    },
    {
      "page": 16,
      "char_count": 3607,
      "has_content": true
    },
    {
      "page": 17,
      "char_count": 3455,
      "has_content": true
    },
    {
      "page": 18,
      "char_count": 3342,
      "has_content": true
    },
    {
      "page": 19,
      "char_count": 3850,
      "has_content": true
    },
    {
      "page": 20,
      "char_count": 3505,
      "has_content": true
    },
    {
      "page": 21,
      "char_count": 3722,
      "has_content": true
    },
    {
      "page": 22,
      "char_count": 3633,
      "has_content": true
    },
    {
      "page": 23,
      "char_count": 2997,
      "has_content": true
    },
    {
      "page": 24,
      "char_count": 2548,
      "has_content": true
    },
    {
      "page": 25,
      "char_count": 2837,
      "has_content": true
    },
    {
      "page": 26,
      "char_count": 3342,
      "has_content": true
    },
    {
      "page": 27,
      "char_count": 3365,
      "has_content": true
    },
    {
      "page": 28,
      "char_count": 3453,
      "has_content": true
    },
    {
      "page": 29,
      "char_count": 2096,
      "has_content": true
    }
  ]
}