{
  "total_pages": 18,
  "title": "",
  "author": "",
  "creation_date": "D:20221224174150+00'00'",
  "page_texts": [
    {
      "page": 1,
      "char_count": 33,
      "has_content": true
    },
    {
      "page": 2,
      "char_count": 402,
      "has_content": true
    },
    {
      "page": 3,
      "char_count": 1643,
      "has_content": true
    },
    {
      "page": 4,
      "char_count": 1146,
      "has_content": true
    },
    {
      "page": 5,
      "char_count": 1026,
      "has_content": true
    },
    {
      "page": 6,
      "char_count": 768,
      "has_content": true
    },
    {
      "page": 7,
      "char_count": 354,
      "has_content": true
    },
    {
      "page": 8,
      "char_count": 1211,
      "has_content": true
    },
    {
      "page": 9,
      "char_count": 706,
      "has_content": true
    },
    {
      "page": 10,
      "char_count": 759,
      "has_content": true
    },
    {
      "page": 11,
      "char_count": 156,
      "has_content": true
    },
    {
      "page": 12,
      "char_count": 905,
      "has_content": true
    },
    {
      "page": 13,
      "char_count": 489,
      "has_content": true
    },
    {
      "page": 14,
      "char_count": 403,
      "has_content": true
    },
    {
      "page": 15,
      "char_count": 409,
      "has_content": true
    },
    {
      "page": 16,
      "char_count": 538,
      "has_content": true
    },
    {
      "page": 17,
      "char_count": 1024,
      "has_content": true
    },
    {
      "page": 18,
      "char_count": 306,
      "has_content": true
    }
  ]
}