{
  "total_pages": 145,
  "title": "CF RONIN 2025 + RENEW",
  "author": "",
  "creation_date": "D:20250420174849Z00'00'",
  "page_texts": [
    {
      "page": 1,
      "char_count": 3030,
      "has_content": true
    },
    {
      "page": 2,
      "char_count": 3345,
      "has_content": true
    },
    {
      "page": 3,
      "char_count": 3151,
      "has_content": true
    },
    {
      "page": 4,
      "char_count": 3627,
      "has_content": true
    },
    {
      "page": 5,
      "char_count": 3307,
      "has_content": true
    },
    {
      "page": 6,
      "char_count": 3497,
      "has_content": true
    },
    {
      "page": 7,
      "char_count": 3436,
      "has_content": true
    },
    {
      "page": 8,
      "char_count": 3763,
      "has_content": true
    },
    {
      "page": 9,
      "char_count": 3559,
      "has_content": true
    },
    {
      "page": 10,
      "char_count": 3643,
      "has_content": true
    },
    {
      "page": 11,
      "char_count": 3256,
      "has_content": true
    },
    {
      "page": 12,
      "char_count": 3372,
      "has_content": true
    },
    {
      "page": 13,
      "char_count": 2587,
      "has_content": true
    },
    {
      "page": 14,
      "char_count": 2891,
      "has_content": true
    },
    {
      "page": 15,
      "char_count": 3107,
      "has_content": true
    },
    {
      "page": 16,
      "char_count": 2966,
      "has_content": true
    },
    {
      "page": 17,
      "char_count": 3253,
      "has_content": true
    },
    {
      "page": 18,
      "char_count": 3172,
      "has_content": true
    },
    {
      "page": 19,
      "char_count": 3501,
      "has_content": true
    },
    {
      "page": 20,
      "char_count": 3323,
      "has_content": true
    },
    {
      "page": 21,
      "char_count": 3166,
      "has_content": true
    },
    {
      "page": 22,
      "char_count": 3283,
      "has_content": true
    },
    {
      "page": 23,
      "char_count": 3446,
      "has_content": true
    },
    {
      "page": 24,
      "char_count": 2938,
      "has_content": true
    },
    {
      "page": 25,
      "char_count": 3063,
      "has_content": true
    },
    {
      "page": 26,
      "char_count": 2912,
      "has_content": true
    },
    {
      "page": 27,
      "char_count": 2989,
      "has_content": true
    },
    {
      "page": 28,
      "char_count": 2709,
      "has_content": true
    },
    {
      "page": 29,
      "char_count": 2382,
      "has_content": true
    },
    {
      "page": 30,
      "char_count": 2796,
      "has_content": true
    },
    {
      "page": 31,
      "char_count": 2944,
      "has_content": true
    },
    {
      "page": 32,
      "char_count": 3172,
      "has_content": true
    },
    {
      "page": 33,
      "char_count": 3251,
      "has_content": true
    },
    {
      "page": 34,
      "char_count": 3236,
      "has_content": true
    },
    {
      "page": 35,
      "char_count": 3037,
      "has_content": true
    },
    {
      "page": 36,
      "char_count": 3252,
      "has_content": true
    },
    {
      "page": 37,
      "char_count": 2824,
      "has_content": true
    },
    {
      "page": 38,
      "char_count": 3175,
      "has_content": true
    },
    {
      "page": 39,
      "char_count": 2981,
      "has_content": true
    },
    {
      "page": 40,
      "char_count": 2579,
      "has_content": true
    },
    {
      "page": 41,
      "char_count": 2810,
      "has_content": true
    },
    {
      "page": 42,
      "char_count": 2854,
      "has_content": true
    },
    {
      "page": 43,
      "char_count": 2575,
      "has_content": true
    },
    {
      "page": 44,
      "char_count": 3488,
      "has_content": true
    },
    {
      "page": 45,
      "char_count": 3418,
      "has_content": true
    },
    {
      "page": 46,
      "char_count": 3644,
      "has_content": true
    },
    {
      "page": 47,
      "char_count": 3055,
      "has_content": true
    },
    {
      "page": 48,
      "char_count": 2982,
      "has_content": true
    },
    {
      "page": 49,
      "char_count": 3541,
      "has_content": true
    },
    {
      "page": 50,
      "char_count": 3180,
      "has_content": true
    },
    {
      "page": 51,
      "char_count": 3275,
      "has_content": true
    },
    {
      "page": 52,
      "char_count": 3569,
      "has_content": true
    },
    {
      "page": 53,
      "char_count": 3301,
      "has_content": true
    },
    {
      "page": 54,
      "char_count": 3315,
      "has_content": true
    },
    {
      "page": 55,
      "char_count": 3464,
      "has_content": true
    },
    {
      "page": 56,
      "char_count": 3685,
      "has_content": true
    },
    {
      "page": 57,
      "char_count": 3522,
      "has_content": true
    },
    {
      "page": 58,
      "char_count": 3754,
      "has_content": true
    },
    {
      "page": 59,
      "char_count": 3287,
      "has_content": true
    },
    {
      "page": 60,
      "char_count": 3221,
      "has_content": true
    },
    {
      "page": 61,
      "char_count": 2644,
      "has_content": true
    },
    {
      "page": 62,
      "char_count": 2759,
      "has_content": true
    },
    {
      "page": 63,
      "char_count": 3202,
      "has_content": true
    },
    {
      "page": 64,
      "char_count": 3057,
      "has_content": true
    },
    {
      "page": 65,
      "char_count": 3295,
      "has_content": true
    },
    {
      "page": 66,
      "char_count": 3179,
      "has_content": true
    },
    {
      "page": 67,
      "char_count": 3570,
      "has_content": true
    },
    {
      "page": 68,
      "char_count": 3403,
      "has_content": true
    },
    {
      "page": 69,
      "char_count": 3148,
      "has_content": true
    },
    {
      "page": 70,
      "char_count": 3351,
      "has_content": true
    },
    {
      "page": 71,
      "char_count": 3381,
      "has_content": true
    },
    {
      "page": 72,
      "char_count": 2766,
      "has_content": true
    },
    {
      "page": 73,
      "char_count": 3069,
      "has_content": true
    },
    {
      "page": 74,
      "char_count": 3051,
      "has_content": true
    },
    {
      "page": 75,
      "char_count": 2784,
      "has_content": true
    },
    {
      "page": 76,
      "char_count": 2619,
      "has_content": true
    },
    {
      "page": 77,
      "char_count": 2561,
      "has_content": true
    },
    {
      "page": 78,
      "char_count": 2648,
      "has_content": true
    },
    {
      "page": 79,
      "char_count": 3049,
      "has_content": true
    },
    {
      "page": 80,
      "char_count": 3046,
      "has_content": true
    },
    {
      "page": 81,
      "char_count": 3307,
      "has_content": true
    },
    {
      "page": 82,
      "char_count": 3166,
      "has_content": true
    },
    {
      "page": 83,
      "char_count": 3012,
      "has_content": true
    },
    {
      "page": 84,
      "char_count": 3154,
      "has_content": true
    },
    {
      "page": 85,
      "char_count": 2944,
      "has_content": true
    },
    {
      "page": 86,
      "char_count": 3089,
      "has_content": true
    },
    {
      "page": 87,
      "char_count": 2989,
      "has_content": true
    },
    {
      "page": 88,
      "char_count": 2593,
      "has_content": true
    },
    {
      "page": 89,
      "char_count": 2931,
      "has_content": true
    },
    {
      "page": 90,
      "char_count": 2710,
      "has_content": true
    },
    {
      "page": 91,
      "char_count": 2504,
      "has_content": true
    },
    {
      "page": 92,
      "char_count": 3488,
      "has_content": true
    },
    {
      "page": 93,
      "char_count": 3418,
      "has_content": true
    },
    {
      "page": 94,
      "char_count": 3644,
      "has_content": true
    },
    {
      "page": 95,
      "char_count": 3055,
      "has_content": true
    },
    {
      "page": 96,
      "char_count": 2909,
      "has_content": true
    },
    {
      "page": 97,
      "char_count": 3030,
      "has_content": true
    },
    {
      "page": 98,
      "char_count": 3346,
      "has_content": true
    },
    {
      "page": 99,
      "char_count": 3152,
      "has_content": true
    },
    {
      "page": 100,
      "char_count": 3629,
      "has_content": true
    },
    {
      "page": 101,
      "char_count": 3309,
      "has_content": true
    },
    {
      "page": 102,
      "char_count": 3499,
      "has_content": true
    },
    {
      "page": 103,
      "char_count": 3438,
      "has_content": true
    },
    {
      "page": 104,
      "char_count": 3765,
      "has_content": true
    },
    {
      "page": 105,
      "char_count": 3561,
      "has_content": true
    },
    {
      "page": 106,
      "char_count": 3644,
      "has_content": true
    },
    {
      "page": 107,
      "char_count": 3257,
      "has_content": true
    },
    {
      "page": 108,
      "char_count": 3373,
      "has_content": true
    },
    {
      "page": 109,
      "char_count": 2588,
      "has_content": true
    },
    {
      "page": 110,
      "char_count": 2805,
      "has_content": true
    },
    {
      "page": 111,
      "char_count": 2914,
      "has_content": true
    },
    {
      "page": 112,
      "char_count": 2987,
      "has_content": true
    },
    {
      "page": 113,
      "char_count": 3446,
      "has_content": true
    },
    {
      "page": 114,
      "char_count": 3086,
      "has_content": true
    },
    {
      "page": 115,
      "char_count": 3578,
      "has_content": true
    },
    {
      "page": 116,
      "char_count": 3244,
      "has_content": true
    },
    {
      "page": 117,
      "char_count": 3172,
      "has_content": true
    },
    {
      "page": 118,
      "char_count": 3353,
      "has_content": true
    },
    {
      "page": 119,
      "char_count": 3514,
      "has_content": true
    },
    {
      "page": 120,
      "char_count": 2908,
      "has_content": true
    },
    {
      "page": 121,
      "char_count": 3020,
      "has_content": true
    },
    {
      "page": 122,
      "char_count": 2932,
      "has_content": true
    },
    {
      "page": 123,
      "char_count": 3035,
      "has_content": true
    },
    {
      "page": 124,
      "char_count": 2504,
      "has_content": true
    },
    {
      "page": 125,
      "char_count": 2616,
      "has_content": true
    },
    {
      "page": 126,
      "char_count": 2783,
      "has_content": true
    },
    {
      "page": 127,
      "char_count": 2910,
      "has_content": true
    },
    {
      "page": 128,
      "char_count": 3084,
      "has_content": true
    },
    {
      "page": 129,
      "char_count": 3309,
      "has_content": true
    },
    {
      "page": 130,
      "char_count": 3235,
      "has_content": true
    },
    {
      "page": 131,
      "char_count": 3127,
      "has_content": true
    },
    {
      "page": 132,
      "char_count": 3156,
      "has_content": true
    },
    {
      "page": 133,
      "char_count": 2764,
      "has_content": true
    },
    {
      "page": 134,
      "char_count": 3053,
      "has_content": true
    },
    {
      "page": 135,
      "char_count": 3152,
      "has_content": true
    },
    {
      "page": 136,
      "char_count": 2520,
      "has_content": true
    },
    {
      "page": 137,
      "char_count": 2675,
      "has_content": true
    },
    {
      "page": 138,
      "char_count": 2919,
      "has_content": true
    },
    {
      "page": 139,
      "char_count": 2606,
      "has_content": true
    },
    {
      "page": 140,
      "char_count": 3235,
      "has_content": true
    },
    {
      "page": 141,
      "char_count": 3348,
      "has_content": true
    },
    {
      "page": 142,
      "char_count": 3636,
      "has_content": true
    },
    {
      "page": 143,
      "char_count": 3092,
      "has_content": true
    },
    {
      "page": 144,
      "char_count": 3496,
      "has_content": true
    },
    {
      "page": 145,
      "char_count": 13,
      "has_content": true
    }
  ]
}