{
  "total_pages": 55,
  "title": "CF RENDER 06-25",
  "author": "",
  "creation_date": "D:20250527195545Z00'00'",
  "page_texts": [
    {
      "page": 1,
      "char_count": 2676,
      "has_content": true
    },
    {
      "page": 2,
      "char_count": 2834,
      "has_content": true
    },
    {
      "page": 3,
      "char_count": 2985,
      "has_content": true
    },
    {
      "page": 4,
      "char_count": 2120,
      "has_content": true
    },
    {
      "page": 5,
      "char_count": 2090,
      "has_content": true
    },
    {
      "page": 6,
      "char_count": 1874,
      "has_content": true
    },
    {
      "page": 7,
      "char_count": 1753,
      "has_content": true
    },
    {
      "page": 8,
      "char_count": 1934,
      "has_content": true
    },
    {
      "page": 9,
      "char_count": 1964,
      "has_content": true
    },
    {
      "page": 10,
      "char_count": 1932,
      "has_content": true
    },
    {
      "page": 11,
      "char_count": 1828,
      "has_content": true
    },
    {
      "page": 12,
      "char_count": 2018,
      "has_content": true
    },
    {
      "page": 13,
      "char_count": 2355,
      "has_content": true
    },
    {
      "page": 14,
      "char_count": 2835,
      "has_content": true
    },
    {
      "page": 15,
      "char_count": 2205,
      "has_content": true
    },
    {
      "page": 16,
      "char_count": 2396,
      "has_content": true
    },
    {
      "page": 17,
      "char_count": 2254,
      "has_content": true
    },
    {
      "page": 18,
      "char_count": 2828,
      "has_content": true
    },
    {
      "page": 19,
      "char_count": 2203,
      "has_content": true
    },
    {
      "page": 20,
      "char_count": 2033,
      "has_content": true
    },
    {
      "page": 21,
      "char_count": 1744,
      "has_content": true
    },
    {
      "page": 22,
      "char_count": 1447,
      "has_content": true
    },
    {
      "page": 23,
      "char_count": 1595,
      "has_content": true
    },
    {
      "page": 24,
      "char_count": 2163,
      "has_content": true
    },
    {
      "page": 25,
      "char_count": 1744,
      "has_content": true
    },
    {
      "page": 26,
      "char_count": 2138,
      "has_content": true
    },
    {
      "page": 27,
      "char_count": 1906,
      "has_content": true
    },
    {
      "page": 28,
      "char_count": 2385,
      "has_content": true
    },
    {
      "page": 29,
      "char_count": 2117,
      "has_content": true
    },
    {
      "page": 30,
      "char_count": 2294,
      "has_content": true
    },
    {
      "page": 31,
      "char_count": 1475,
      "has_content": true
    },
    {
      "page": 32,
      "char_count": 952,
      "has_content": true
    },
    {
      "page": 33,
      "char_count": 1749,
      "has_content": true
    },
    {
      "page": 34,
      "char_count": 1594,
      "has_content": true
    },
    {
      "page": 35,
      "char_count": 2222,
      "has_content": true
    },
    {
      "page": 36,
      "char_count": 2234,
      "has_content": true
    },
    {
      "page": 37,
      "char_count": 1971,
      "has_content": true
    },
    {
      "page": 38,
      "char_count": 1982,
      "has_content": true
    },
    {
      "page": 39,
      "char_count": 2199,
      "has_content": true
    },
    {
      "page": 40,
      "char_count": 1201,
      "has_content": true
    },
    {
      "page": 41,
      "char_count": 1027,
      "has_content": true
    },
    {
      "page": 42,
      "char_count": 1269,
      "has_content": true
    },
    {
      "page": 43,
      "char_count": 1695,
      "has_content": true
    },
    {
      "page": 44,
      "char_count": 1968,
      "has_content": true
    },
    {
      "page": 45,
      "char_count": 2045,
      "has_content": true
    },
    {
      "page": 46,
      "char_count": 1629,
      "has_content": true
    },
    {
      "page": 47,
      "char_count": 1461,
      "has_content": true
    },
    {
      "page": 48,
      "char_count": 2334,
      "has_content": true
    },
    {
      "page": 49,
      "char_count": 1481,
      "has_content": true
    },
    {
      "page": 50,
      "char_count": 1545,
      "has_content": true
    },
    {
      "page": 51,
      "char_count": 1558,
      "has_content": true
    },
    {
      "page": 52,
      "char_count": 1588,
      "has_content": true
    },
    {
      "page": 53,
      "char_count": 1383,
      "has_content": true
    },
    {
      "page": 54,
      "char_count": 1493,
      "has_content": true
    },
    {
      "page": 55,
      "char_count": 724,
      "has_content": true
    }
  ]
}