{
  "total_pages": 14,
  "title": "Rarible ($RARI) CFA",
  "author": "",
  "creation_date": "",
  "page_texts": [
    {
      "page": 1,
      "char_count": 2,
      "has_content": true
    },
    {
      "page": 2,
      "char_count": 362,
      "has_content": true
    },
    {
      "page": 3,
      "char_count": 1759,
      "has_content": true
    },
    {
      "page": 4,
      "char_count": 1429,
      "has_content": true
    },
    {
      "page": 5,
      "char_count": 1086,
      "has_content": true
    },
    {
      "page": 6,
      "char_count": 667,
      "has_content": true
    },
    {
      "page": 7,
      "char_count": 514,
      "has_content": true
    },
    {
      "page": 8,
      "char_count": 476,
      "has_content": true
    },
    {
      "page": 9,
      "char_count": 421,
      "has_content": true
    },
    {
      "page": 10,
      "char_count": 350,
      "has_content": true
    },
    {
      "page": 11,
      "char_count": 320,
      "has_content": true
    },
    {
      "page": 12,
      "char_count": 852,
      "has_content": true
    },
    {
      "page": 13,
      "char_count": 1376,
      "has_content": true
    },
    {
      "page": 14,
      "char_count": 182,
      "has_content": true
    }
  ]
}