{
  "total_pages": 48,
  "title": "CF SCROLL ",
  "author": "",
  "creation_date": "D:20250529193506Z00'00'",
  "page_texts": [
    {
      "page": 1,
      "char_count": 2778,
      "has_content": true
    },
    {
      "page": 2,
      "char_count": 3536,
      "has_content": true
    },
    {
      "page": 3,
      "char_count": 3655,
      "has_content": true
    },
    {
      "page": 4,
      "char_count": 3418,
      "has_content": true
    },
    {
      "page": 5,
      "char_count": 2950,
      "has_content": true
    },
    {
      "page": 6,
      "char_count": 3571,
      "has_content": true
    },
    {
      "page": 7,
      "char_count": 3488,
      "has_content": true
    },
    {
      "page": 8,
      "char_count": 3136,
      "has_content": true
    },
    {
      "page": 9,
      "char_count": 2976,
      "has_content": true
    },
    {
      "page": 10,
      "char_count": 3618,
      "has_content": true
    },
    {
      "page": 11,
      "char_count": 2935,
      "has_content": true
    },
    {
      "page": 12,
      "char_count": 3464,
      "has_content": true
    },
    {
      "page": 13,
      "char_count": 3104,
      "has_content": true
    },
    {
      "page": 14,
      "char_count": 3494,
      "has_content": true
    },
    {
      "page": 15,
      "char_count": 3054,
      "has_content": true
    },
    {
      "page": 16,
      "char_count": 3059,
      "has_content": true
    },
    {
      "page": 17,
      "char_count": 3182,
      "has_content": true
    },
    {
      "page": 18,
      "char_count": 2772,
      "has_content": true
    },
    {
      "page": 19,
      "char_count": 3435,
      "has_content": true
    },
    {
      "page": 20,
      "char_count": 3074,
      "has_content": true
    },
    {
      "page": 21,
      "char_count": 3144,
      "has_content": true
    },
    {
      "page": 22,
      "char_count": 3128,
      "has_content": true
    },
    {
      "page": 23,
      "char_count": 3013,
      "has_content": true
    },
    {
      "page": 24,
      "char_count": 3047,
      "has_content": true
    },
    {
      "page": 25,
      "char_count": 3412,
      "has_content": true
    },
    {
      "page": 26,
      "char_count": 2829,
      "has_content": true
    },
    {
      "page": 27,
      "char_count": 2958,
      "has_content": true
    },
    {
      "page": 28,
      "char_count": 2473,
      "has_content": true
    },
    {
      "page": 29,
      "char_count": 3093,
      "has_content": true
    },
    {
      "page": 30,
      "char_count": 2728,
      "has_content": true
    },
    {
      "page": 31,
      "char_count": 3033,
      "has_content": true
    },
    {
      "page": 32,
      "char_count": 2857,
      "has_content": true
    },
    {
      "page": 33,
      "char_count": 2929,
      "has_content": true
    },
    {
      "page": 34,
      "char_count": 3190,
      "has_content": true
    },
    {
      "page": 35,
      "char_count": 2467,
      "has_content": true
    },
    {
      "page": 36,
      "char_count": 2209,
      "has_content": true
    },
    {
      "page": 37,
      "char_count": 3164,
      "has_content": true
    },
    {
      "page": 38,
      "char_count": 2883,
      "has_content": true
    },
    {
      "page": 39,
      "char_count": 3063,
      "has_content": true
    },
    {
      "page": 40,
      "char_count": 3093,
      "has_content": true
    },
    {
      "page": 41,
      "char_count": 3228,
      "has_content": true
    },
    {
      "page": 42,
      "char_count": 3416,
      "has_content": true
    },
    {
      "page": 43,
      "char_count": 3076,
      "has_content": true
    },
    {
      "page": 44,
      "char_count": 3055,
      "has_content": true
    },
    {
      "page": 45,
      "char_count": 1731,
      "has_content": true
    },
    {
      "page": 46,
      "char_count": 2255,
      "has_content": true
    },
    {
      "page": 47,
      "char_count": 2408,
      "has_content": true
    },
    {
      "page": 48,
      "char_count": 1312,
      "has_content": true
    }
  ]
}