{
  "total_pages": 13,
  "title": "CF SEI 03-03-25",
  "author": "",
  "creation_date": "D:20250303095207Z00'00'",
  "page_texts": [
    {
      "page": 1,
      "char_count": 3196,
      "has_content": true
    },
    {
      "page": 2,
      "char_count": 3191,
      "has_content": true
    },
    {
      "page": 3,
      "char_count": 2928,
      "has_content": true
    },
    {
      "page": 4,
      "char_count": 3329,
      "has_content": true
    },
    {
      "page": 5,
      "char_count": 3400,
      "has_content": true
    },
    {
      "page": 6,
      "char_count": 3051,
      "has_content": true
    },
    {
      "page": 7,
      "char_count": 2627,
      "has_content": true
    },
    {
      "page": 8,
      "char_count": 2987,
      "has_content": true
    },
    {
      "page": 9,
      "char_count": 3333,
      "has_content": true
    },
    {
      "page": 10,
      "char_count": 3334,
      "has_content": true
    },
    {
      "page": 11,
      "char_count": 3616,
      "has_content": true
    },
    {
      "page": 12,
      "char_count": 3160,
      "has_content": true
    },
    {
      "page": 13,
      "char_count": 3317,
      "has_content": true
    }
  ]
}