{
  "total_pages": 40,
  "title": "CF Sahara",
  "author": "",
  "creation_date": "D:20250626114501Z00'00'",
  "page_texts": [
    {
      "page": 1,
      "char_count": 2667,
      "has_content": true
    },
    {
      "page": 2,
      "char_count": 3445,
      "has_content": true
    },
    {
      "page": 3,
      "char_count": 3533,
      "has_content": true
    },
    {
      "page": 4,
      "char_count": 3350,
      "has_content": true
    },
    {
      "page": 5,
      "char_count": 3580,
      "has_content": true
    },
    {
      "page": 6,
      "char_count": 3460,
      "has_content": true
    },
    {
      "page": 7,
      "char_count": 3395,
      "has_content": true
    },
    {
      "page": 8,
      "char_count": 3631,
      "has_content": true
    },
    {
      "page": 9,
      "char_count": 3410,
      "has_content": true
    },
    {
      "page": 10,
      "char_count": 2423,
      "has_content": true
    },
    {
      "page": 11,
      "char_count": 3230,
      "has_content": true
    },
    {
      "page": 12,
      "char_count": 3750,
      "has_content": true
    },
    {
      "page": 13,
      "char_count": 3133,
      "has_content": true
    },
    {
      "page": 14,
      "char_count": 3046,
      "has_content": true
    },
    {
      "page": 15,
      "char_count": 2792,
      "has_content": true
    },
    {
      "page": 16,
      "char_count": 2848,
      "has_content": true
    },
    {
      "page": 17,
      "char_count": 3247,
      "has_content": true
    },
    {
      "page": 18,
      "char_count": 2755,
      "has_content": true
    },
    {
      "page": 19,
      "char_count": 3449,
      "has_content": true
    },
    {
      "page": 20,
      "char_count": 3172,
      "has_content": true
    },
    {
      "page": 21,
      "char_count": 3108,
      "has_content": true
    },
    {
      "page": 22,
      "char_count": 3213,
      "has_content": true
    },
    {
      "page": 23,
      "char_count": 2917,
      "has_content": true
    },
    {
      "page": 24,
      "char_count": 3244,
      "has_content": true
    },
    {
      "page": 25,
      "char_count": 3011,
      "has_content": true
    },
    {
      "page": 26,
      "char_count": 2830,
      "has_content": true
    },
    {
      "page": 27,
      "char_count": 3214,
      "has_content": true
    },
    {
      "page": 28,
      "char_count": 2486,
      "has_content": true
    },
    {
      "page": 29,
      "char_count": 2870,
      "has_content": true
    },
    {
      "page": 30,
      "char_count": 2982,
      "has_content": true
    },
    {
      "page": 31,
      "char_count": 2528,
      "has_content": true
    },
    {
      "page": 32,
      "char_count": 2927,
      "has_content": true
    },
    {
      "page": 33,
      "char_count": 3115,
      "has_content": true
    },
    {
      "page": 34,
      "char_count": 2905,
      "has_content": true
    },
    {
      "page": 35,
      "char_count": 2583,
      "has_content": true
    },
    {
      "page": 36,
      "char_count": 2379,
      "has_content": true
    },
    {
      "page": 37,
      "char_count": 3365,
      "has_content": true
    },
    {
      "page": 38,
      "char_count": 3800,
      "has_content": true
    },
    {
      "page": 39,
      "char_count": 3542,
      "has_content": true
    },
    {
      "page": 40,
      "char_count": 697,
      "has_content": true
    }
  ]
}