{
  "total_pages": 28,
  "title": "CF SONIC (FTM)",
  "author": "",
  "creation_date": "D:20250307123133Z00'00'",
  "page_texts": [
    {
      "page": 1,
      "char_count": 2177,
      "has_content": true
    },
    {
      "page": 2,
      "char_count": 2445,
      "has_content": true
    },
    {
      "page": 3,
      "char_count": 2553,
      "has_content": true
    },
    {
      "page": 4,
      "char_count": 2849,
      "has_content": true
    },
    {
      "page": 5,
      "char_count": 2679,
      "has_content": true
    },
    {
      "page": 6,
      "char_count": 2932,
      "has_content": true
    },
    {
      "page": 7,
      "char_count": 2666,
      "has_content": true
    },
    {
      "page": 8,
      "char_count": 2644,
      "has_content": true
    },
    {
      "page": 9,
      "char_count": 2895,
      "has_content": true
    },
    {
      "page": 10,
      "char_count": 2859,
      "has_content": true
    },
    {
      "page": 11,
      "char_count": 2979,
      "has_content": true
    },
    {
      "page": 12,
      "char_count": 2916,
      "has_content": true
    },
    {
      "page": 13,
      "char_count": 3001,
      "has_content": true
    },
    {
      "page": 14,
      "char_count": 2722,
      "has_content": true
    },
    {
      "page": 15,
      "char_count": 2820,
      "has_content": true
    },
    {
      "page": 16,
      "char_count": 2827,
      "has_content": true
    },
    {
      "page": 17,
      "char_count": 3401,
      "has_content": true
    },
    {
      "page": 18,
      "char_count": 2770,
      "has_content": true
    },
    {
      "page": 19,
      "char_count": 3037,
      "has_content": true
    },
    {
      "page": 20,
      "char_count": 2758,
      "has_content": true
    },
    {
      "page": 21,
      "char_count": 3744,
      "has_content": true
    },
    {
      "page": 22,
      "char_count": 3488,
      "has_content": true
    },
    {
      "page": 23,
      "char_count": 3584,
      "has_content": true
    },
    {
      "page": 24,
      "char_count": 2945,
      "has_content": true
    },
    {
      "page": 25,
      "char_count": 2588,
      "has_content": true
    },
    {
      "page": 26,
      "char_count": 3150,
      "has_content": true
    },
    {
      "page": 27,
      "char_count": 3665,
      "has_content": true
    },
    {
      "page": 28,
      "char_count": 2479,
      "has_content": true
    }
  ]
}