{
  "total_pages": 51,
  "title": "CF Starknet 1",
  "author": "",
  "creation_date": "D:20250529125529Z00'00'",
  "page_texts": [
    {
      "page": 1,
      "char_count": 2706,
      "has_content": true
    },
    {
      "page": 2,
      "char_count": 3499,
      "has_content": true
    },
    {
      "page": 3,
      "char_count": 3410,
      "has_content": true
    },
    {
      "page": 4,
      "char_count": 3255,
      "has_content": true
    },
    {
      "page": 5,
      "char_count": 3775,
      "has_content": true
    },
    {
      "page": 6,
      "char_count": 3613,
      "has_content": true
    },
    {
      "page": 7,
      "char_count": 3833,
      "has_content": true
    },
    {
      "page": 8,
      "char_count": 3504,
      "has_content": true
    },
    {
      "page": 9,
      "char_count": 3597,
      "has_content": true
    },
    {
      "page": 10,
      "char_count": 3783,
      "has_content": true
    },
    {
      "page": 11,
      "char_count": 3651,
      "has_content": true
    },
    {
      "page": 12,
      "char_count": 3556,
      "has_content": true
    },
    {
      "page": 13,
      "char_count": 3398,
      "has_content": true
    },
    {
      "page": 14,
      "char_count": 3275,
      "has_content": true
    },
    {
      "page": 15,
      "char_count": 3252,
      "has_content": true
    },
    {
      "page": 16,
      "char_count": 3190,
      "has_content": true
    },
    {
      "page": 17,
      "char_count": 3494,
      "has_content": true
    },
    {
      "page": 18,
      "char_count": 3588,
      "has_content": true
    },
    {
      "page": 19,
      "char_count": 3359,
      "has_content": true
    },
    {
      "page": 20,
      "char_count": 3902,
      "has_content": true
    },
    {
      "page": 21,
      "char_count": 3421,
      "has_content": true
    },
    {
      "page": 22,
      "char_count": 3288,
      "has_content": true
    },
    {
      "page": 23,
      "char_count": 3026,
      "has_content": true
    },
    {
      "page": 24,
      "char_count": 3306,
      "has_content": true
    },
    {
      "page": 25,
      "char_count": 3767,
      "has_content": true
    },
    {
      "page": 26,
      "char_count": 3085,
      "has_content": true
    },
    {
      "page": 27,
      "char_count": 3068,
      "has_content": true
    },
    {
      "page": 28,
      "char_count": 3511,
      "has_content": true
    },
    {
      "page": 29,
      "char_count": 3092,
      "has_content": true
    },
    {
      "page": 30,
      "char_count": 3447,
      "has_content": true
    },
    {
      "page": 31,
      "char_count": 3464,
      "has_content": true
    },
    {
      "page": 32,
      "char_count": 3247,
      "has_content": true
    },
    {
      "page": 33,
      "char_count": 3294,
      "has_content": true
    },
    {
      "page": 34,
      "char_count": 3545,
      "has_content": true
    },
    {
      "page": 35,
      "char_count": 3252,
      "has_content": true
    },
    {
      "page": 36,
      "char_count": 3133,
      "has_content": true
    },
    {
      "page": 37,
      "char_count": 3594,
      "has_content": true
    },
    {
      "page": 38,
      "char_count": 3057,
      "has_content": true
    },
    {
      "page": 39,
      "char_count": 3458,
      "has_content": true
    },
    {
      "page": 40,
      "char_count": 3233,
      "has_content": true
    },
    {
      "page": 41,
      "char_count": 2720,
      "has_content": true
    },
    {
      "page": 42,
      "char_count": 3377,
      "has_content": true
    },
    {
      "page": 43,
      "char_count": 3283,
      "has_content": true
    },
    {
      "page": 44,
      "char_count": 1966,
      "has_content": true
    },
    {
      "page": 45,
      "char_count": 2239,
      "has_content": true
    },
    {
      "page": 46,
      "char_count": 2202,
      "has_content": true
    },
    {
      "page": 47,
      "char_count": 3434,
      "has_content": true
    },
    {
      "page": 48,
      "char_count": 3358,
      "has_content": true
    },
    {
      "page": 49,
      "char_count": 3425,
      "has_content": true
    },
    {
      "page": 50,
      "char_count": 3147,
      "has_content": true
    },
    {
      "page": 51,
      "char_count": 3146,
      "has_content": true
    }
  ]
}