{
  "total_pages": 23,
  "title": "CF SpaceMesh",
  "author": "",
  "creation_date": "D:20240215124211Z00'00'",
  "page_texts": [
    {
      "page": 1,
      "char_count": 673,
      "has_content": true
    },
    {
      "page": 2,
      "char_count": 1271,
      "has_content": true
    },
    {
      "page": 3,
      "char_count": 930,
      "has_content": true
    },
    {
      "page": 4,
      "char_count": 415,
      "has_content": true
    },
    {
      "page": 5,
      "char_count": 1287,
      "has_content": true
    },
    {
      "page": 6,
      "char_count": 1005,
      "has_content": true
    },
    {
      "page": 7,
      "char_count": 1137,
      "has_content": true
    },
    {
      "page": 8,
      "char_count": 683,
      "has_content": true
    },
    {
      "page": 9,
      "char_count": 2,
      "has_content": false
    },
    {
      "page": 10,
      "char_count": 287,
      "has_content": true
    },
    {
      "page": 11,
      "char_count": 28,
      "has_content": true
    },
    {
      "page": 12,
      "char_count": 177,
      "has_content": true
    },
    {
      "page": 13,
      "char_count": 137,
      "has_content": true
    },
    {
      "page": 14,
      "char_count": 125,
      "has_content": true
    },
    {
      "page": 15,
      "char_count": 1179,
      "has_content": true
    },
    {
      "page": 16,
      "char_count": 610,
      "has_content": true
    },
    {
      "page": 17,
      "char_count": 2,
      "has_content": false
    },
    {
      "page": 18,
      "char_count": 228,
      "has_content": true
    },
    {
      "page": 19,
      "char_count": 633,
      "has_content": true
    },
    {
      "page": 20,
      "char_count": 973,
      "has_content": true
    },
    {
      "page": 21,
      "char_count": 1301,
      "has_content": true
    },
    {
      "page": 22,
      "char_count": 970,
      "has_content": true
    },
    {
      "page": 23,
      "char_count": 373,
      "has_content": true
    }
  ]
}