{
  "total_pages": 28,
  "title": "CF Stargate",
  "author": "",
  "creation_date": "D:20240216033300Z00'00'",
  "page_texts": [
    {
      "page": 1,
      "char_count": 326,
      "has_content": true
    },
    {
      "page": 2,
      "char_count": 224,
      "has_content": true
    },
    {
      "page": 3,
      "char_count": 436,
      "has_content": true
    },
    {
      "page": 4,
      "char_count": 870,
      "has_content": true
    },
    {
      "page": 5,
      "char_count": 352,
      "has_content": true
    },
    {
      "page": 6,
      "char_count": 774,
      "has_content": true
    },
    {
      "page": 7,
      "char_count": 929,
      "has_content": true
    },
    {
      "page": 8,
      "char_count": 727,
      "has_content": true
    },
    {
      "page": 9,
      "char_count": 177,
      "has_content": true
    },
    {
      "page": 10,
      "char_count": 198,
      "has_content": true
    },
    {
      "page": 11,
      "char_count": 97,
      "has_content": true
    },
    {
      "page": 12,
      "char_count": 140,
      "has_content": true
    },
    {
      "page": 13,
      "char_count": 71,
      "has_content": true
    },
    {
      "page": 14,
      "char_count": 170,
      "has_content": true
    },
    {
      "page": 15,
      "char_count": 433,
      "has_content": true
    },
    {
      "page": 16,
      "char_count": 675,
      "has_content": true
    },
    {
      "page": 17,
      "char_count": 371,
      "has_content": true
    },
    {
      "page": 18,
      "char_count": 7,
      "has_content": true
    },
    {
      "page": 19,
      "char_count": 213,
      "has_content": true
    },
    {
      "page": 20,
      "char_count": 886,
      "has_content": true
    },
    {
      "page": 21,
      "char_count": 77,
      "has_content": true
    },
    {
      "page": 22,
      "char_count": 599,
      "has_content": true
    },
    {
      "page": 23,
      "char_count": 204,
      "has_content": true
    },
    {
      "page": 24,
      "char_count": 554,
      "has_content": true
    },
    {
      "page": 25,
      "char_count": 78,
      "has_content": true
    },
    {
      "page": 26,
      "char_count": 1098,
      "has_content": true
    },
    {
      "page": 27,
      "char_count": 1110,
      "has_content": true
    },
    {
      "page": 28,
      "char_count": 117,
      "has_content": true
    }
  ]
}