{
  "total_pages": 34,
  "title": "CF SOLIDUS",
  "author": "",
  "creation_date": "D:20250530171855Z00'00'",
  "page_texts": [
    {
      "page": 1,
      "char_count": 3122,
      "has_content": true
    },
    {
      "page": 2,
      "char_count": 3207,
      "has_content": true
    },
    {
      "page": 3,
      "char_count": 3483,
      "has_content": true
    },
    {
      "page": 4,
      "char_count": 3515,
      "has_content": true
    },
    {
      "page": 5,
      "char_count": 3349,
      "has_content": true
    },
    {
      "page": 6,
      "char_count": 3471,
      "has_content": true
    },
    {
      "page": 7,
      "char_count": 3417,
      "has_content": true
    },
    {
      "page": 8,
      "char_count": 3688,
      "has_content": true
    },
    {
      "page": 9,
      "char_count": 3478,
      "has_content": true
    },
    {
      "page": 10,
      "char_count": 3248,
      "has_content": true
    },
    {
      "page": 11,
      "char_count": 2689,
      "has_content": true
    },
    {
      "page": 12,
      "char_count": 3324,
      "has_content": true
    },
    {
      "page": 13,
      "char_count": 3602,
      "has_content": true
    },
    {
      "page": 14,
      "char_count": 3265,
      "has_content": true
    },
    {
      "page": 15,
      "char_count": 3416,
      "has_content": true
    },
    {
      "page": 16,
      "char_count": 3469,
      "has_content": true
    },
    {
      "page": 17,
      "char_count": 3574,
      "has_content": true
    },
    {
      "page": 18,
      "char_count": 3362,
      "has_content": true
    },
    {
      "page": 19,
      "char_count": 3478,
      "has_content": true
    },
    {
      "page": 20,
      "char_count": 3513,
      "has_content": true
    },
    {
      "page": 21,
      "char_count": 3598,
      "has_content": true
    },
    {
      "page": 22,
      "char_count": 3435,
      "has_content": true
    },
    {
      "page": 23,
      "char_count": 3742,
      "has_content": true
    },
    {
      "page": 24,
      "char_count": 3270,
      "has_content": true
    },
    {
      "page": 25,
      "char_count": 2871,
      "has_content": true
    },
    {
      "page": 26,
      "char_count": 3531,
      "has_content": true
    },
    {
      "page": 27,
      "char_count": 3547,
      "has_content": true
    },
    {
      "page": 28,
      "char_count": 3684,
      "has_content": true
    },
    {
      "page": 29,
      "char_count": 3615,
      "has_content": true
    },
    {
      "page": 30,
      "char_count": 3579,
      "has_content": true
    },
    {
      "page": 31,
      "char_count": 3142,
      "has_content": true
    },
    {
      "page": 32,
      "char_count": 3045,
      "has_content": true
    },
    {
      "page": 33,
      "char_count": 3266,
      "has_content": true
    },
    {
      "page": 34,
      "char_count": 2640,
      "has_content": true
    }
  ]
}