{
  "total_pages": 24,
  "title": "CF Stellar",
  "author": "",
  "creation_date": "D:20240715180532Z00'00'",
  "page_texts": [
    {
      "page": 1,
      "char_count": 781,
      "has_content": true
    },
    {
      "page": 2,
      "char_count": 1401,
      "has_content": true
    },
    {
      "page": 3,
      "char_count": 316,
      "has_content": true
    },
    {
      "page": 4,
      "char_count": 418,
      "has_content": true
    },
    {
      "page": 5,
      "char_count": 537,
      "has_content": true
    },
    {
      "page": 6,
      "char_count": 386,
      "has_content": true
    },
    {
      "page": 7,
      "char_count": 834,
      "has_content": true
    },
    {
      "page": 8,
      "char_count": 279,
      "has_content": true
    },
    {
      "page": 9,
      "char_count": 880,
      "has_content": true
    },
    {
      "page": 10,
      "char_count": 1282,
      "has_content": true
    },
    {
      "page": 11,
      "char_count": 406,
      "has_content": true
    },
    {
      "page": 12,
      "char_count": 367,
      "has_content": true
    },
    {
      "page": 13,
      "char_count": 299,
      "has_content": true
    },
    {
      "page": 14,
      "char_count": 139,
      "has_content": true
    },
    {
      "page": 15,
      "char_count": 598,
      "has_content": true
    },
    {
      "page": 16,
      "char_count": 464,
      "has_content": true
    },
    {
      "page": 17,
      "char_count": 624,
      "has_content": true
    },
    {
      "page": 18,
      "char_count": 557,
      "has_content": true
    },
    {
      "page": 19,
      "char_count": 1299,
      "has_content": true
    },
    {
      "page": 20,
      "char_count": 312,
      "has_content": true
    },
    {
      "page": 21,
      "char_count": 894,
      "has_content": true
    },
    {
      "page": 22,
      "char_count": 6,
      "has_content": false
    },
    {
      "page": 23,
      "char_count": 569,
      "has_content": true
    },
    {
      "page": 24,
      "char_count": 601,
      "has_content": true
    }
  ]
}