{
  "total_pages": 36,
  "title": "CF SCALOOP ",
  "author": "",
  "creation_date": "D:20250602153615Z00'00'",
  "page_texts": [
    {
      "page": 1,
      "char_count": 2741,
      "has_content": true
    },
    {
      "page": 2,
      "char_count": 3326,
      "has_content": true
    },
    {
      "page": 3,
      "char_count": 3195,
      "has_content": true
    },
    {
      "page": 4,
      "char_count": 3657,
      "has_content": true
    },
    {
      "page": 5,
      "char_count": 2933,
      "has_content": true
    },
    {
      "page": 6,
      "char_count": 3048,
      "has_content": true
    },
    {
      "page": 7,
      "char_count": 3218,
      "has_content": true
    },
    {
      "page": 8,
      "char_count": 3584,
      "has_content": true
    },
    {
      "page": 9,
      "char_count": 3652,
      "has_content": true
    },
    {
      "page": 10,
      "char_count": 3466,
      "has_content": true
    },
    {
      "page": 11,
      "char_count": 2598,
      "has_content": true
    },
    {
      "page": 12,
      "char_count": 3072,
      "has_content": true
    },
    {
      "page": 13,
      "char_count": 2657,
      "has_content": true
    },
    {
      "page": 14,
      "char_count": 3223,
      "has_content": true
    },
    {
      "page": 15,
      "char_count": 3025,
      "has_content": true
    },
    {
      "page": 16,
      "char_count": 2947,
      "has_content": true
    },
    {
      "page": 17,
      "char_count": 3008,
      "has_content": true
    },
    {
      "page": 18,
      "char_count": 2566,
      "has_content": true
    },
    {
      "page": 19,
      "char_count": 2750,
      "has_content": true
    },
    {
      "page": 20,
      "char_count": 2847,
      "has_content": true
    },
    {
      "page": 21,
      "char_count": 2930,
      "has_content": true
    },
    {
      "page": 22,
      "char_count": 3169,
      "has_content": true
    },
    {
      "page": 23,
      "char_count": 3244,
      "has_content": true
    },
    {
      "page": 24,
      "char_count": 2945,
      "has_content": true
    },
    {
      "page": 25,
      "char_count": 2864,
      "has_content": true
    },
    {
      "page": 26,
      "char_count": 2900,
      "has_content": true
    },
    {
      "page": 27,
      "char_count": 3222,
      "has_content": true
    },
    {
      "page": 28,
      "char_count": 2997,
      "has_content": true
    },
    {
      "page": 29,
      "char_count": 3150,
      "has_content": true
    },
    {
      "page": 30,
      "char_count": 2623,
      "has_content": true
    },
    {
      "page": 31,
      "char_count": 2238,
      "has_content": true
    },
    {
      "page": 32,
      "char_count": 2543,
      "has_content": true
    },
    {
      "page": 33,
      "char_count": 3241,
      "has_content": true
    },
    {
      "page": 34,
      "char_count": 3435,
      "has_content": true
    },
    {
      "page": 35,
      "char_count": 3195,
      "has_content": true
    },
    {
      "page": 36,
      "char_count": 777,
      "has_content": true
    }
  ]
}