{
  "total_pages": 29,
  "title": "CF SAGA ",
  "author": "",
  "creation_date": "D:20250602160338Z00'00'",
  "page_texts": [
    {
      "page": 1,
      "char_count": 2802,
      "has_content": true
    },
    {
      "page": 2,
      "char_count": 3375,
      "has_content": true
    },
    {
      "page": 3,
      "char_count": 3168,
      "has_content": true
    },
    {
      "page": 4,
      "char_count": 3345,
      "has_content": true
    },
    {
      "page": 5,
      "char_count": 3581,
      "has_content": true
    },
    {
      "page": 6,
      "char_count": 3528,
      "has_content": true
    },
    {
      "page": 7,
      "char_count": 3725,
      "has_content": true
    },
    {
      "page": 8,
      "char_count": 3164,
      "has_content": true
    },
    {
      "page": 9,
      "char_count": 3109,
      "has_content": true
    },
    {
      "page": 10,
      "char_count": 3578,
      "has_content": true
    },
    {
      "page": 11,
      "char_count": 3761,
      "has_content": true
    },
    {
      "page": 12,
      "char_count": 3536,
      "has_content": true
    },
    {
      "page": 13,
      "char_count": 3440,
      "has_content": true
    },
    {
      "page": 14,
      "char_count": 3296,
      "has_content": true
    },
    {
      "page": 15,
      "char_count": 3033,
      "has_content": true
    },
    {
      "page": 16,
      "char_count": 3281,
      "has_content": true
    },
    {
      "page": 17,
      "char_count": 3230,
      "has_content": true
    },
    {
      "page": 18,
      "char_count": 3190,
      "has_content": true
    },
    {
      "page": 19,
      "char_count": 3164,
      "has_content": true
    },
    {
      "page": 20,
      "char_count": 3207,
      "has_content": true
    },
    {
      "page": 21,
      "char_count": 3119,
      "has_content": true
    },
    {
      "page": 22,
      "char_count": 3214,
      "has_content": true
    },
    {
      "page": 23,
      "char_count": 3000,
      "has_content": true
    },
    {
      "page": 24,
      "char_count": 2795,
      "has_content": true
    },
    {
      "page": 25,
      "char_count": 3753,
      "has_content": true
    },
    {
      "page": 26,
      "char_count": 3325,
      "has_content": true
    },
    {
      "page": 27,
      "char_count": 3360,
      "has_content": true
    },
    {
      "page": 28,
      "char_count": 3566,
      "has_content": true
    },
    {
      "page": 29,
      "char_count": 2097,
      "has_content": true
    }
  ]
}