{
  "total_pages": 42,
  "title": "CF SOLAYER ",
  "author": "",
  "creation_date": "D:20250604140219Z00'00'",
  "page_texts": [
    {
      "page": 1,
      "char_count": 2925,
      "has_content": true
    },
    {
      "page": 2,
      "char_count": 3901,
      "has_content": true
    },
    {
      "page": 3,
      "char_count": 3263,
      "has_content": true
    },
    {
      "page": 4,
      "char_count": 3497,
      "has_content": true
    },
    {
      "page": 5,
      "char_count": 3908,
      "has_content": true
    },
    {
      "page": 6,
      "char_count": 3479,
      "has_content": true
    },
    {
      "page": 7,
      "char_count": 3335,
      "has_content": true
    },
    {
      "page": 8,
      "char_count": 3708,
      "has_content": true
    },
    {
      "page": 9,
      "char_count": 2948,
      "has_content": true
    },
    {
      "page": 10,
      "char_count": 2954,
      "has_content": true
    },
    {
      "page": 11,
      "char_count": 3473,
      "has_content": true
    },
    {
      "page": 12,
      "char_count": 3274,
      "has_content": true
    },
    {
      "page": 13,
      "char_count": 3489,
      "has_content": true
    },
    {
      "page": 14,
      "char_count": 3626,
      "has_content": true
    },
    {
      "page": 15,
      "char_count": 3373,
      "has_content": true
    },
    {
      "page": 16,
      "char_count": 3301,
      "has_content": true
    },
    {
      "page": 17,
      "char_count": 3540,
      "has_content": true
    },
    {
      "page": 18,
      "char_count": 2835,
      "has_content": true
    },
    {
      "page": 19,
      "char_count": 3027,
      "has_content": true
    },
    {
      "page": 20,
      "char_count": 2994,
      "has_content": true
    },
    {
      "page": 21,
      "char_count": 3247,
      "has_content": true
    },
    {
      "page": 22,
      "char_count": 3152,
      "has_content": true
    },
    {
      "page": 23,
      "char_count": 3475,
      "has_content": true
    },
    {
      "page": 24,
      "char_count": 3516,
      "has_content": true
    },
    {
      "page": 25,
      "char_count": 3186,
      "has_content": true
    },
    {
      "page": 26,
      "char_count": 3226,
      "has_content": true
    },
    {
      "page": 27,
      "char_count": 3449,
      "has_content": true
    },
    {
      "page": 28,
      "char_count": 2766,
      "has_content": true
    },
    {
      "page": 29,
      "char_count": 2710,
      "has_content": true
    },
    {
      "page": 30,
      "char_count": 2892,
      "has_content": true
    },
    {
      "page": 31,
      "char_count": 3436,
      "has_content": true
    },
    {
      "page": 32,
      "char_count": 2430,
      "has_content": true
    },
    {
      "page": 33,
      "char_count": 3413,
      "has_content": true
    },
    {
      "page": 34,
      "char_count": 2851,
      "has_content": true
    },
    {
      "page": 35,
      "char_count": 2435,
      "has_content": true
    },
    {
      "page": 36,
      "char_count": 2811,
      "has_content": true
    },
    {
      "page": 37,
      "char_count": 2720,
      "has_content": true
    },
    {
      "page": 38,
      "char_count": 3451,
      "has_content": true
    },
    {
      "page": 39,
      "char_count": 3676,
      "has_content": true
    },
    {
      "page": 40,
      "char_count": 3309,
      "has_content": true
    },
    {
      "page": 41,
      "char_count": 3611,
      "has_content": true
    },
    {
      "page": 42,
      "char_count": 1079,
      "has_content": true
    }
  ]
}