{
  "total_pages": 29,
  "title": "CF SOFON NETW",
  "author": "",
  "creation_date": "D:20250602154220Z00'00'",
  "page_texts": [
    {
      "page": 1,
      "char_count": 3003,
      "has_content": true
    },
    {
      "page": 2,
      "char_count": 3771,
      "has_content": true
    },
    {
      "page": 3,
      "char_count": 3955,
      "has_content": true
    },
    {
      "page": 4,
      "char_count": 3908,
      "has_content": true
    },
    {
      "page": 5,
      "char_count": 4192,
      "has_content": true
    },
    {
      "page": 6,
      "char_count": 3750,
      "has_content": true
    },
    {
      "page": 7,
      "char_count": 3571,
      "has_content": true
    },
    {
      "page": 8,
      "char_count": 3783,
      "has_content": true
    },
    {
      "page": 9,
      "char_count": 3636,
      "has_content": true
    },
    {
      "page": 10,
      "char_count": 3747,
      "has_content": true
    },
    {
      "page": 11,
      "char_count": 3571,
      "has_content": true
    },
    {
      "page": 12,
      "char_count": 3525,
      "has_content": true
    },
    {
      "page": 13,
      "char_count": 3635,
      "has_content": true
    },
    {
      "page": 14,
      "char_count": 3842,
      "has_content": true
    },
    {
      "page": 15,
      "char_count": 3729,
      "has_content": true
    },
    {
      "page": 16,
      "char_count": 3603,
      "has_content": true
    },
    {
      "page": 17,
      "char_count": 3307,
      "has_content": true
    },
    {
      "page": 18,
      "char_count": 3668,
      "has_content": true
    },
    {
      "page": 19,
      "char_count": 3646,
      "has_content": true
    },
    {
      "page": 20,
      "char_count": 3783,
      "has_content": true
    },
    {
      "page": 21,
      "char_count": 3526,
      "has_content": true
    },
    {
      "page": 22,
      "char_count": 3709,
      "has_content": true
    },
    {
      "page": 23,
      "char_count": 3388,
      "has_content": true
    },
    {
      "page": 24,
      "char_count": 3445,
      "has_content": true
    },
    {
      "page": 25,
      "char_count": 2967,
      "has_content": true
    },
    {
      "page": 26,
      "char_count": 3311,
      "has_content": true
    },
    {
      "page": 27,
      "char_count": 3370,
      "has_content": true
    },
    {
      "page": 28,
      "char_count": 3551,
      "has_content": true
    },
    {
      "page": 29,
      "char_count": 2431,
      "has_content": true
    }
  ]
}