{
  "total_pages": 51,
  "title": "CF Starknet",
  "author": "",
  "creation_date": "D:20250528191047Z00'00'",
  "page_texts": [
    {
      "page": 1,
      "char_count": 2696,
      "has_content": true
    },
    {
      "page": 2,
      "char_count": 3489,
      "has_content": true
    },
    {
      "page": 3,
      "char_count": 3400,
      "has_content": true
    },
    {
      "page": 4,
      "char_count": 3245,
      "has_content": true
    },
    {
      "page": 5,
      "char_count": 3765,
      "has_content": true
    },
    {
      "page": 6,
      "char_count": 3603,
      "has_content": true
    },
    {
      "page": 7,
      "char_count": 3823,
      "has_content": true
    },
    {
      "page": 8,
      "char_count": 3494,
      "has_content": true
    },
    {
      "page": 9,
      "char_count": 3587,
      "has_content": true
    },
    {
      "page": 10,
      "char_count": 3772,
      "has_content": true
    },
    {
      "page": 11,
      "char_count": 3640,
      "has_content": true
    },
    {
      "page": 12,
      "char_count": 3545,
      "has_content": true
    },
    {
      "page": 13,
      "char_count": 3387,
      "has_content": true
    },
    {
      "page": 14,
      "char_count": 3264,
      "has_content": true
    },
    {
      "page": 15,
      "char_count": 3241,
      "has_content": true
    },
    {
      "page": 16,
      "char_count": 3179,
      "has_content": true
    },
    {
      "page": 17,
      "char_count": 3483,
      "has_content": true
    },
    {
      "page": 18,
      "char_count": 3577,
      "has_content": true
    },
    {
      "page": 19,
      "char_count": 3348,
      "has_content": true
    },
    {
      "page": 20,
      "char_count": 3891,
      "has_content": true
    },
    {
      "page": 21,
      "char_count": 3410,
      "has_content": true
    },
    {
      "page": 22,
      "char_count": 3277,
      "has_content": true
    },
    {
      "page": 23,
      "char_count": 3015,
      "has_content": true
    },
    {
      "page": 24,
      "char_count": 3295,
      "has_content": true
    },
    {
      "page": 25,
      "char_count": 3756,
      "has_content": true
    },
    {
      "page": 26,
      "char_count": 3074,
      "has_content": true
    },
    {
      "page": 27,
      "char_count": 3057,
      "has_content": true
    },
    {
      "page": 28,
      "char_count": 3500,
      "has_content": true
    },
    {
      "page": 29,
      "char_count": 3081,
      "has_content": true
    },
    {
      "page": 30,
      "char_count": 3436,
      "has_content": true
    },
    {
      "page": 31,
      "char_count": 3453,
      "has_content": true
    },
    {
      "page": 32,
      "char_count": 3236,
      "has_content": true
    },
    {
      "page": 33,
      "char_count": 3283,
      "has_content": true
    },
    {
      "page": 34,
      "char_count": 3534,
      "has_content": true
    },
    {
      "page": 35,
      "char_count": 3241,
      "has_content": true
    },
    {
      "page": 36,
      "char_count": 3122,
      "has_content": true
    },
    {
      "page": 37,
      "char_count": 3583,
      "has_content": true
    },
    {
      "page": 38,
      "char_count": 3046,
      "has_content": true
    },
    {
      "page": 39,
      "char_count": 3447,
      "has_content": true
    },
    {
      "page": 40,
      "char_count": 3222,
      "has_content": true
    },
    {
      "page": 41,
      "char_count": 2709,
      "has_content": true
    },
    {
      "page": 42,
      "char_count": 3366,
      "has_content": true
    },
    {
      "page": 43,
      "char_count": 3272,
      "has_content": true
    },
    {
      "page": 44,
      "char_count": 1955,
      "has_content": true
    },
    {
      "page": 45,
      "char_count": 2228,
      "has_content": true
    },
    {
      "page": 46,
      "char_count": 2191,
      "has_content": true
    },
    {
      "page": 47,
      "char_count": 3423,
      "has_content": true
    },
    {
      "page": 48,
      "char_count": 3347,
      "has_content": true
    },
    {
      "page": 49,
      "char_count": 3414,
      "has_content": true
    },
    {
      "page": 50,
      "char_count": 3136,
      "has_content": true
    },
    {
      "page": 51,
      "char_count": 3135,
      "has_content": true
    }
  ]
}