{
  "total_pages": 18,
  "title": "CF TRANCHESS",
  "author": "",
  "creation_date": "D:20231126160938Z00'00'",
  "page_texts": [
    {
      "page": 1,
      "char_count": 641,
      "has_content": true
    },
    {
      "page": 2,
      "char_count": 1129,
      "has_content": true
    },
    {
      "page": 3,
      "char_count": 1249,
      "has_content": true
    },
    {
      "page": 4,
      "char_count": 971,
      "has_content": true
    },
    {
      "page": 5,
      "char_count": 47,
      "has_content": true
    },
    {
      "page": 6,
      "char_count": 214,
      "has_content": true
    },
    {
      "page": 7,
      "char_count": 202,
      "has_content": true
    },
    {
      "page": 8,
      "char_count": 504,
      "has_content": true
    },
    {
      "page": 9,
      "char_count": 1,
      "has_content": false
    },
    {
      "page": 10,
      "char_count": 364,
      "has_content": true
    },
    {
      "page": 11,
      "char_count": 249,
      "has_content": true
    },
    {
      "page": 12,
      "char_count": 344,
      "has_content": true
    },
    {
      "page": 13,
      "char_count": 440,
      "has_content": true
    },
    {
      "page": 14,
      "char_count": 107,
      "has_content": true
    },
    {
      "page": 15,
      "char_count": 132,
      "has_content": true
    },
    {
      "page": 16,
      "char_count": 578,
      "has_content": true
    },
    {
      "page": 17,
      "char_count": 612,
      "has_content": true
    },
    {
      "page": 18,
      "char_count": 591,
      "has_content": true
    }
  ]
}