{
  "total_pages": 23,
  "title": "CF TARS AI",
  "author": "",
  "creation_date": "D:20250530172311Z00'00'",
  "page_texts": [
    {
      "page": 1,
      "char_count": 3690,
      "has_content": true
    },
    {
      "page": 2,
      "char_count": 4234,
      "has_content": true
    },
    {
      "page": 3,
      "char_count": 4306,
      "has_content": true
    },
    {
      "page": 4,
      "char_count": 4557,
      "has_content": true
    },
    {
      "page": 5,
      "char_count": 4352,
      "has_content": true
    },
    {
      "page": 6,
      "char_count": 4595,
      "has_content": true
    },
    {
      "page": 7,
      "char_count": 4352,
      "has_content": true
    },
    {
      "page": 8,
      "char_count": 4251,
      "has_content": true
    },
    {
      "page": 9,
      "char_count": 4197,
      "has_content": true
    },
    {
      "page": 10,
      "char_count": 4398,
      "has_content": true
    },
    {
      "page": 11,
      "char_count": 4200,
      "has_content": true
    },
    {
      "page": 12,
      "char_count": 4394,
      "has_content": true
    },
    {
      "page": 13,
      "char_count": 4149,
      "has_content": true
    },
    {
      "page": 14,
      "char_count": 4458,
      "has_content": true
    },
    {
      "page": 15,
      "char_count": 4457,
      "has_content": true
    },
    {
      "page": 16,
      "char_count": 4193,
      "has_content": true
    },
    {
      "page": 17,
      "char_count": 4270,
      "has_content": true
    },
    {
      "page": 18,
      "char_count": 4227,
      "has_content": true
    },
    {
      "page": 19,
      "char_count": 4262,
      "has_content": true
    },
    {
      "page": 20,
      "char_count": 4494,
      "has_content": true
    },
    {
      "page": 21,
      "char_count": 3860,
      "has_content": true
    },
    {
      "page": 22,
      "char_count": 4514,
      "has_content": true
    },
    {
      "page": 23,
      "char_count": 4512,
      "has_content": true
    }
  ]
}