{
  "total_pages": 32,
  "title": "CF TON",
  "author": "",
  "creation_date": "D:20241027185309Z00'00'",
  "page_texts": [
    {
      "page": 1,
      "char_count": 781,
      "has_content": true
    },
    {
      "page": 2,
      "char_count": 1438,
      "has_content": true
    },
    {
      "page": 3,
      "char_count": 352,
      "has_content": true
    },
    {
      "page": 4,
      "char_count": 410,
      "has_content": true
    },
    {
      "page": 5,
      "char_count": 879,
      "has_content": true
    },
    {
      "page": 6,
      "char_count": 620,
      "has_content": true
    },
    {
      "page": 7,
      "char_count": 1201,
      "has_content": true
    },
    {
      "page": 8,
      "char_count": 357,
      "has_content": true
    },
    {
      "page": 9,
      "char_count": 808,
      "has_content": true
    },
    {
      "page": 10,
      "char_count": 2,
      "has_content": false
    },
    {
      "page": 11,
      "char_count": 181,
      "has_content": true
    },
    {
      "page": 12,
      "char_count": 211,
      "has_content": true
    },
    {
      "page": 13,
      "char_count": 207,
      "has_content": true
    },
    {
      "page": 14,
      "char_count": 179,
      "has_content": true
    },
    {
      "page": 15,
      "char_count": 119,
      "has_content": true
    },
    {
      "page": 16,
      "char_count": 910,
      "has_content": true
    },
    {
      "page": 17,
      "char_count": 872,
      "has_content": true
    },
    {
      "page": 18,
      "char_count": 300,
      "has_content": true
    },
    {
      "page": 19,
      "char_count": 2,
      "has_content": false
    },
    {
      "page": 20,
      "char_count": 611,
      "has_content": true
    },
    {
      "page": 21,
      "char_count": 1264,
      "has_content": true
    },
    {
      "page": 22,
      "char_count": 839,
      "has_content": true
    },
    {
      "page": 23,
      "char_count": 598,
      "has_content": true
    },
    {
      "page": 24,
      "char_count": 688,
      "has_content": true
    },
    {
      "page": 25,
      "char_count": 847,
      "has_content": true
    },
    {
      "page": 26,
      "char_count": 440,
      "has_content": true
    },
    {
      "page": 27,
      "char_count": 389,
      "has_content": true
    },
    {
      "page": 28,
      "char_count": 964,
      "has_content": true
    },
    {
      "page": 29,
      "char_count": 710,
      "has_content": true
    },
    {
      "page": 30,
      "char_count": 538,
      "has_content": true
    },
    {
      "page": 31,
      "char_count": 762,
      "has_content": true
    },
    {
      "page": 32,
      "char_count": 249,
      "has_content": true
    }
  ]
}