{
  "total_pages": 21,
  "title": "CF USUAL ",
  "author": "",
  "creation_date": "D:20250530191659Z00'00'",
  "page_texts": [
    {
      "page": 1,
      "char_count": 3546,
      "has_content": true
    },
    {
      "page": 2,
      "char_count": 3903,
      "has_content": true
    },
    {
      "page": 3,
      "char_count": 4259,
      "has_content": true
    },
    {
      "page": 4,
      "char_count": 4043,
      "has_content": true
    },
    {
      "page": 5,
      "char_count": 3980,
      "has_content": true
    },
    {
      "page": 6,
      "char_count": 3891,
      "has_content": true
    },
    {
      "page": 7,
      "char_count": 3909,
      "has_content": true
    },
    {
      "page": 8,
      "char_count": 4094,
      "has_content": true
    },
    {
      "page": 9,
      "char_count": 4282,
      "has_content": true
    },
    {
      "page": 10,
      "char_count": 4385,
      "has_content": true
    },
    {
      "page": 11,
      "char_count": 4222,
      "has_content": true
    },
    {
      "page": 12,
      "char_count": 4076,
      "has_content": true
    },
    {
      "page": 13,
      "char_count": 4289,
      "has_content": true
    },
    {
      "page": 14,
      "char_count": 4326,
      "has_content": true
    },
    {
      "page": 15,
      "char_count": 4140,
      "has_content": true
    },
    {
      "page": 16,
      "char_count": 4263,
      "has_content": true
    },
    {
      "page": 17,
      "char_count": 3745,
      "has_content": true
    },
    {
      "page": 18,
      "char_count": 4351,
      "has_content": true
    },
    {
      "page": 19,
      "char_count": 4001,
      "has_content": true
    },
    {
      "page": 20,
      "char_count": 4383,
      "has_content": true
    },
    {
      "page": 21,
      "char_count": 1457,
      "has_content": true
    }
  ]
}