{
  "total_pages": 29,
  "title": "CF VECHAIN",
  "author": "",
  "creation_date": "D:20250602150749Z00'00'",
  "page_texts": [
    {
      "page": 1,
      "char_count": 3320,
      "has_content": true
    },
    {
      "page": 2,
      "char_count": 3443,
      "has_content": true
    },
    {
      "page": 3,
      "char_count": 3684,
      "has_content": true
    },
    {
      "page": 4,
      "char_count": 3463,
      "has_content": true
    },
    {
      "page": 5,
      "char_count": 3747,
      "has_content": true
    },
    {
      "page": 6,
      "char_count": 3517,
      "has_content": true
    },
    {
      "page": 7,
      "char_count": 3779,
      "has_content": true
    },
    {
      "page": 8,
      "char_count": 3249,
      "has_content": true
    },
    {
      "page": 9,
      "char_count": 3361,
      "has_content": true
    },
    {
      "page": 10,
      "char_count": 3463,
      "has_content": true
    },
    {
      "page": 11,
      "char_count": 3523,
      "has_content": true
    },
    {
      "page": 12,
      "char_count": 3729,
      "has_content": true
    },
    {
      "page": 13,
      "char_count": 3476,
      "has_content": true
    },
    {
      "page": 14,
      "char_count": 3653,
      "has_content": true
    },
    {
      "page": 15,
      "char_count": 2914,
      "has_content": true
    },
    {
      "page": 16,
      "char_count": 2964,
      "has_content": true
    },
    {
      "page": 17,
      "char_count": 3683,
      "has_content": true
    },
    {
      "page": 18,
      "char_count": 3391,
      "has_content": true
    },
    {
      "page": 19,
      "char_count": 3648,
      "has_content": true
    },
    {
      "page": 20,
      "char_count": 3740,
      "has_content": true
    },
    {
      "page": 21,
      "char_count": 3597,
      "has_content": true
    },
    {
      "page": 22,
      "char_count": 3430,
      "has_content": true
    },
    {
      "page": 23,
      "char_count": 3865,
      "has_content": true
    },
    {
      "page": 24,
      "char_count": 3546,
      "has_content": true
    },
    {
      "page": 25,
      "char_count": 3680,
      "has_content": true
    },
    {
      "page": 26,
      "char_count": 3438,
      "has_content": true
    },
    {
      "page": 27,
      "char_count": 3338,
      "has_content": true
    },
    {
      "page": 28,
      "char_count": 3643,
      "has_content": true
    },
    {
      "page": 29,
      "char_count": 2543,
      "has_content": true
    }
  ]
}