{
  "total_pages": 64,
  "title": "CF VANA ",
  "author": "",
  "creation_date": "D:20250508191825Z00'00'",
  "page_texts": [
    {
      "page": 1,
      "char_count": 3051,
      "has_content": true
    },
    {
      "page": 2,
      "char_count": 3186,
      "has_content": true
    },
    {
      "page": 3,
      "char_count": 3348,
      "has_content": true
    },
    {
      "page": 4,
      "char_count": 3179,
      "has_content": true
    },
    {
      "page": 5,
      "char_count": 3370,
      "has_content": true
    },
    {
      "page": 6,
      "char_count": 3432,
      "has_content": true
    },
    {
      "page": 7,
      "char_count": 3525,
      "has_content": true
    },
    {
      "page": 8,
      "char_count": 3151,
      "has_content": true
    },
    {
      "page": 9,
      "char_count": 3284,
      "has_content": true
    },
    {
      "page": 10,
      "char_count": 3359,
      "has_content": true
    },
    {
      "page": 11,
      "char_count": 3332,
      "has_content": true
    },
    {
      "page": 12,
      "char_count": 3185,
      "has_content": true
    },
    {
      "page": 13,
      "char_count": 3176,
      "has_content": true
    },
    {
      "page": 14,
      "char_count": 3548,
      "has_content": true
    },
    {
      "page": 15,
      "char_count": 3022,
      "has_content": true
    },
    {
      "page": 16,
      "char_count": 3174,
      "has_content": true
    },
    {
      "page": 17,
      "char_count": 3170,
      "has_content": true
    },
    {
      "page": 18,
      "char_count": 3245,
      "has_content": true
    },
    {
      "page": 19,
      "char_count": 3387,
      "has_content": true
    },
    {
      "page": 20,
      "char_count": 3126,
      "has_content": true
    },
    {
      "page": 21,
      "char_count": 3307,
      "has_content": true
    },
    {
      "page": 22,
      "char_count": 3066,
      "has_content": true
    },
    {
      "page": 23,
      "char_count": 2991,
      "has_content": true
    },
    {
      "page": 24,
      "char_count": 3018,
      "has_content": true
    },
    {
      "page": 25,
      "char_count": 2687,
      "has_content": true
    },
    {
      "page": 26,
      "char_count": 2950,
      "has_content": true
    },
    {
      "page": 27,
      "char_count": 2833,
      "has_content": true
    },
    {
      "page": 28,
      "char_count": 2886,
      "has_content": true
    },
    {
      "page": 29,
      "char_count": 3195,
      "has_content": true
    },
    {
      "page": 30,
      "char_count": 3162,
      "has_content": true
    },
    {
      "page": 31,
      "char_count": 3473,
      "has_content": true
    },
    {
      "page": 32,
      "char_count": 3350,
      "has_content": true
    },
    {
      "page": 33,
      "char_count": 3267,
      "has_content": true
    },
    {
      "page": 34,
      "char_count": 3248,
      "has_content": true
    },
    {
      "page": 35,
      "char_count": 3179,
      "has_content": true
    },
    {
      "page": 36,
      "char_count": 3373,
      "has_content": true
    },
    {
      "page": 37,
      "char_count": 3456,
      "has_content": true
    },
    {
      "page": 38,
      "char_count": 3489,
      "has_content": true
    },
    {
      "page": 39,
      "char_count": 3394,
      "has_content": true
    },
    {
      "page": 40,
      "char_count": 3271,
      "has_content": true
    },
    {
      "page": 41,
      "char_count": 3042,
      "has_content": true
    },
    {
      "page": 42,
      "char_count": 3329,
      "has_content": true
    },
    {
      "page": 43,
      "char_count": 3553,
      "has_content": true
    },
    {
      "page": 44,
      "char_count": 3166,
      "has_content": true
    },
    {
      "page": 45,
      "char_count": 3167,
      "has_content": true
    },
    {
      "page": 46,
      "char_count": 3437,
      "has_content": true
    },
    {
      "page": 47,
      "char_count": 3069,
      "has_content": true
    },
    {
      "page": 48,
      "char_count": 3170,
      "has_content": true
    },
    {
      "page": 49,
      "char_count": 3275,
      "has_content": true
    },
    {
      "page": 50,
      "char_count": 3156,
      "has_content": true
    },
    {
      "page": 51,
      "char_count": 3169,
      "has_content": true
    },
    {
      "page": 52,
      "char_count": 3255,
      "has_content": true
    },
    {
      "page": 53,
      "char_count": 3429,
      "has_content": true
    },
    {
      "page": 54,
      "char_count": 3019,
      "has_content": true
    },
    {
      "page": 55,
      "char_count": 3267,
      "has_content": true
    },
    {
      "page": 56,
      "char_count": 2979,
      "has_content": true
    },
    {
      "page": 57,
      "char_count": 2650,
      "has_content": true
    },
    {
      "page": 58,
      "char_count": 2493,
      "has_content": true
    },
    {
      "page": 59,
      "char_count": 3028,
      "has_content": true
    },
    {
      "page": 60,
      "char_count": 2778,
      "has_content": true
    },
    {
      "page": 61,
      "char_count": 3146,
      "has_content": true
    },
    {
      "page": 62,
      "char_count": 3264,
      "has_content": true
    },
    {
      "page": 63,
      "char_count": 3368,
      "has_content": true
    },
    {
      "page": 64,
      "char_count": 1084,
      "has_content": true
    }
  ]
}