{
  "total_pages": 16,
  "title": "CF Velodrome 19-25",
  "author": "",
  "creation_date": "D:20250319060620Z00'00'",
  "page_texts": [
    {
      "page": 1,
      "char_count": 2293,
      "has_content": true
    },
    {
      "page": 2,
      "char_count": 2320,
      "has_content": true
    },
    {
      "page": 3,
      "char_count": 2212,
      "has_content": true
    },
    {
      "page": 4,
      "char_count": 2381,
      "has_content": true
    },
    {
      "page": 5,
      "char_count": 3218,
      "has_content": true
    },
    {
      "page": 6,
      "char_count": 3183,
      "has_content": true
    },
    {
      "page": 7,
      "char_count": 3136,
      "has_content": true
    },
    {
      "page": 8,
      "char_count": 3163,
      "has_content": true
    },
    {
      "page": 9,
      "char_count": 3693,
      "has_content": true
    },
    {
      "page": 10,
      "char_count": 3636,
      "has_content": true
    },
    {
      "page": 11,
      "char_count": 990,
      "has_content": true
    },
    {
      "page": 12,
      "char_count": 2155,
      "has_content": true
    },
    {
      "page": 13,
      "char_count": 2162,
      "has_content": true
    },
    {
      "page": 14,
      "char_count": 2387,
      "has_content": true
    },
    {
      "page": 15,
      "char_count": 2296,
      "has_content": true
    },
    {
      "page": 16,
      "char_count": 1530,
      "has_content": true
    }
  ]
}