{
  "total_pages": 38,
  "title": "CF VIRTUALS ",
  "author": "",
  "creation_date": "D:20250530181825Z00'00'",
  "page_texts": [
    {
      "page": 1,
      "char_count": 2964,
      "has_content": true
    },
    {
      "page": 2,
      "char_count": 3529,
      "has_content": true
    },
    {
      "page": 3,
      "char_count": 3353,
      "has_content": true
    },
    {
      "page": 4,
      "char_count": 3027,
      "has_content": true
    },
    {
      "page": 5,
      "char_count": 3360,
      "has_content": true
    },
    {
      "page": 6,
      "char_count": 3552,
      "has_content": true
    },
    {
      "page": 7,
      "char_count": 3502,
      "has_content": true
    },
    {
      "page": 8,
      "char_count": 3352,
      "has_content": true
    },
    {
      "page": 9,
      "char_count": 3580,
      "has_content": true
    },
    {
      "page": 10,
      "char_count": 3180,
      "has_content": true
    },
    {
      "page": 11,
      "char_count": 3358,
      "has_content": true
    },
    {
      "page": 12,
      "char_count": 3647,
      "has_content": true
    },
    {
      "page": 13,
      "char_count": 3295,
      "has_content": true
    },
    {
      "page": 14,
      "char_count": 3461,
      "has_content": true
    },
    {
      "page": 15,
      "char_count": 3407,
      "has_content": true
    },
    {
      "page": 16,
      "char_count": 3635,
      "has_content": true
    },
    {
      "page": 17,
      "char_count": 3432,
      "has_content": true
    },
    {
      "page": 18,
      "char_count": 3243,
      "has_content": true
    },
    {
      "page": 19,
      "char_count": 3360,
      "has_content": true
    },
    {
      "page": 20,
      "char_count": 3117,
      "has_content": true
    },
    {
      "page": 21,
      "char_count": 3357,
      "has_content": true
    },
    {
      "page": 22,
      "char_count": 3627,
      "has_content": true
    },
    {
      "page": 23,
      "char_count": 2759,
      "has_content": true
    },
    {
      "page": 24,
      "char_count": 3046,
      "has_content": true
    },
    {
      "page": 25,
      "char_count": 3333,
      "has_content": true
    },
    {
      "page": 26,
      "char_count": 3530,
      "has_content": true
    },
    {
      "page": 27,
      "char_count": 3537,
      "has_content": true
    },
    {
      "page": 28,
      "char_count": 3500,
      "has_content": true
    },
    {
      "page": 29,
      "char_count": 3496,
      "has_content": true
    },
    {
      "page": 30,
      "char_count": 3039,
      "has_content": true
    },
    {
      "page": 31,
      "char_count": 2627,
      "has_content": true
    },
    {
      "page": 32,
      "char_count": 1622,
      "has_content": true
    },
    {
      "page": 33,
      "char_count": 3020,
      "has_content": true
    },
    {
      "page": 34,
      "char_count": 3237,
      "has_content": true
    },
    {
      "page": 35,
      "char_count": 3526,
      "has_content": true
    },
    {
      "page": 36,
      "char_count": 3473,
      "has_content": true
    },
    {
      "page": 37,
      "char_count": 3349,
      "has_content": true
    },
    {
      "page": 38,
      "char_count": 770,
      "has_content": true
    }
  ]
}