{
  "total_pages": 56,
  "title": "CF wallrus",
  "author": "",
  "creation_date": "D:20250609130918Z00'00'",
  "page_texts": [
    {
      "page": 1,
      "char_count": 2615,
      "has_content": true
    },
    {
      "page": 2,
      "char_count": 2977,
      "has_content": true
    },
    {
      "page": 3,
      "char_count": 3372,
      "has_content": true
    },
    {
      "page": 4,
      "char_count": 2571,
      "has_content": true
    },
    {
      "page": 5,
      "char_count": 2960,
      "has_content": true
    },
    {
      "page": 6,
      "char_count": 2601,
      "has_content": true
    },
    {
      "page": 7,
      "char_count": 2910,
      "has_content": true
    },
    {
      "page": 8,
      "char_count": 3238,
      "has_content": true
    },
    {
      "page": 9,
      "char_count": 3487,
      "has_content": true
    },
    {
      "page": 10,
      "char_count": 3007,
      "has_content": true
    },
    {
      "page": 11,
      "char_count": 3217,
      "has_content": true
    },
    {
      "page": 12,
      "char_count": 3104,
      "has_content": true
    },
    {
      "page": 13,
      "char_count": 3017,
      "has_content": true
    },
    {
      "page": 14,
      "char_count": 2686,
      "has_content": true
    },
    {
      "page": 15,
      "char_count": 2896,
      "has_content": true
    },
    {
      "page": 16,
      "char_count": 3256,
      "has_content": true
    },
    {
      "page": 17,
      "char_count": 2727,
      "has_content": true
    },
    {
      "page": 18,
      "char_count": 2813,
      "has_content": true
    },
    {
      "page": 19,
      "char_count": 2828,
      "has_content": true
    },
    {
      "page": 20,
      "char_count": 2438,
      "has_content": true
    },
    {
      "page": 21,
      "char_count": 2512,
      "has_content": true
    },
    {
      "page": 22,
      "char_count": 2869,
      "has_content": true
    },
    {
      "page": 23,
      "char_count": 2606,
      "has_content": true
    },
    {
      "page": 24,
      "char_count": 2540,
      "has_content": true
    },
    {
      "page": 25,
      "char_count": 2348,
      "has_content": true
    },
    {
      "page": 26,
      "char_count": 2861,
      "has_content": true
    },
    {
      "page": 27,
      "char_count": 2390,
      "has_content": true
    },
    {
      "page": 28,
      "char_count": 2320,
      "has_content": true
    },
    {
      "page": 29,
      "char_count": 2706,
      "has_content": true
    },
    {
      "page": 30,
      "char_count": 2693,
      "has_content": true
    },
    {
      "page": 31,
      "char_count": 2893,
      "has_content": true
    },
    {
      "page": 32,
      "char_count": 2572,
      "has_content": true
    },
    {
      "page": 33,
      "char_count": 2797,
      "has_content": true
    },
    {
      "page": 34,
      "char_count": 2824,
      "has_content": true
    },
    {
      "page": 35,
      "char_count": 2548,
      "has_content": true
    },
    {
      "page": 36,
      "char_count": 2603,
      "has_content": true
    },
    {
      "page": 37,
      "char_count": 2419,
      "has_content": true
    },
    {
      "page": 38,
      "char_count": 2348,
      "has_content": true
    },
    {
      "page": 39,
      "char_count": 2536,
      "has_content": true
    },
    {
      "page": 40,
      "char_count": 2132,
      "has_content": true
    },
    {
      "page": 41,
      "char_count": 2511,
      "has_content": true
    },
    {
      "page": 42,
      "char_count": 2685,
      "has_content": true
    },
    {
      "page": 43,
      "char_count": 2460,
      "has_content": true
    },
    {
      "page": 44,
      "char_count": 2277,
      "has_content": true
    },
    {
      "page": 45,
      "char_count": 2530,
      "has_content": true
    },
    {
      "page": 46,
      "char_count": 2188,
      "has_content": true
    },
    {
      "page": 47,
      "char_count": 2069,
      "has_content": true
    },
    {
      "page": 48,
      "char_count": 2545,
      "has_content": true
    },
    {
      "page": 49,
      "char_count": 2231,
      "has_content": true
    },
    {
      "page": 50,
      "char_count": 2193,
      "has_content": true
    },
    {
      "page": 51,
      "char_count": 2215,
      "has_content": true
    },
    {
      "page": 52,
      "char_count": 2886,
      "has_content": true
    },
    {
      "page": 53,
      "char_count": 3283,
      "has_content": true
    },
    {
      "page": 54,
      "char_count": 3511,
      "has_content": true
    },
    {
      "page": 55,
      "char_count": 3677,
      "has_content": true
    },
    {
      "page": 56,
      "char_count": 2084,
      "has_content": true
    }
  ]
}