{
  "total_pages": 87,
  "title": "CF WORLD COIN",
  "author": "",
  "creation_date": "D:20250511165506Z00'00'",
  "page_texts": [
    {
      "page": 1,
      "char_count": 3122,
      "has_content": true
    },
    {
      "page": 2,
      "char_count": 3978,
      "has_content": true
    },
    {
      "page": 3,
      "char_count": 3473,
      "has_content": true
    },
    {
      "page": 4,
      "char_count": 3374,
      "has_content": true
    },
    {
      "page": 5,
      "char_count": 3753,
      "has_content": true
    },
    {
      "page": 6,
      "char_count": 3751,
      "has_content": true
    },
    {
      "page": 7,
      "char_count": 3355,
      "has_content": true
    },
    {
      "page": 8,
      "char_count": 3529,
      "has_content": true
    },
    {
      "page": 9,
      "char_count": 3503,
      "has_content": true
    },
    {
      "page": 10,
      "char_count": 3993,
      "has_content": true
    },
    {
      "page": 11,
      "char_count": 3343,
      "has_content": true
    },
    {
      "page": 12,
      "char_count": 3481,
      "has_content": true
    },
    {
      "page": 13,
      "char_count": 3397,
      "has_content": true
    },
    {
      "page": 14,
      "char_count": 3289,
      "has_content": true
    },
    {
      "page": 15,
      "char_count": 3250,
      "has_content": true
    },
    {
      "page": 16,
      "char_count": 3294,
      "has_content": true
    },
    {
      "page": 17,
      "char_count": 3382,
      "has_content": true
    },
    {
      "page": 18,
      "char_count": 3194,
      "has_content": true
    },
    {
      "page": 19,
      "char_count": 2902,
      "has_content": true
    },
    {
      "page": 20,
      "char_count": 2801,
      "has_content": true
    },
    {
      "page": 21,
      "char_count": 2737,
      "has_content": true
    },
    {
      "page": 22,
      "char_count": 3070,
      "has_content": true
    },
    {
      "page": 23,
      "char_count": 3274,
      "has_content": true
    },
    {
      "page": 24,
      "char_count": 3160,
      "has_content": true
    },
    {
      "page": 25,
      "char_count": 2859,
      "has_content": true
    },
    {
      "page": 26,
      "char_count": 3136,
      "has_content": true
    },
    {
      "page": 27,
      "char_count": 2765,
      "has_content": true
    },
    {
      "page": 28,
      "char_count": 3170,
      "has_content": true
    },
    {
      "page": 29,
      "char_count": 2970,
      "has_content": true
    },
    {
      "page": 30,
      "char_count": 2935,
      "has_content": true
    },
    {
      "page": 31,
      "char_count": 3311,
      "has_content": true
    },
    {
      "page": 32,
      "char_count": 2943,
      "has_content": true
    },
    {
      "page": 33,
      "char_count": 2936,
      "has_content": true
    },
    {
      "page": 34,
      "char_count": 2969,
      "has_content": true
    },
    {
      "page": 35,
      "char_count": 2606,
      "has_content": true
    },
    {
      "page": 36,
      "char_count": 2963,
      "has_content": true
    },
    {
      "page": 37,
      "char_count": 2692,
      "has_content": true
    },
    {
      "page": 38,
      "char_count": 2436,
      "has_content": true
    },
    {
      "page": 39,
      "char_count": 2801,
      "has_content": true
    },
    {
      "page": 40,
      "char_count": 2602,
      "has_content": true
    },
    {
      "page": 41,
      "char_count": 2385,
      "has_content": true
    },
    {
      "page": 42,
      "char_count": 2252,
      "has_content": true
    },
    {
      "page": 43,
      "char_count": 3393,
      "has_content": true
    },
    {
      "page": 44,
      "char_count": 3299,
      "has_content": true
    },
    {
      "page": 45,
      "char_count": 3803,
      "has_content": true
    },
    {
      "page": 46,
      "char_count": 3562,
      "has_content": true
    },
    {
      "page": 47,
      "char_count": 3676,
      "has_content": true
    },
    {
      "page": 48,
      "char_count": 3539,
      "has_content": true
    },
    {
      "page": 49,
      "char_count": 3771,
      "has_content": true
    },
    {
      "page": 50,
      "char_count": 3418,
      "has_content": true
    },
    {
      "page": 51,
      "char_count": 3454,
      "has_content": true
    },
    {
      "page": 52,
      "char_count": 3557,
      "has_content": true
    },
    {
      "page": 53,
      "char_count": 3769,
      "has_content": true
    },
    {
      "page": 54,
      "char_count": 3567,
      "has_content": true
    },
    {
      "page": 55,
      "char_count": 3364,
      "has_content": true
    },
    {
      "page": 56,
      "char_count": 3635,
      "has_content": true
    },
    {
      "page": 57,
      "char_count": 3338,
      "has_content": true
    },
    {
      "page": 58,
      "char_count": 3087,
      "has_content": true
    },
    {
      "page": 59,
      "char_count": 3464,
      "has_content": true
    },
    {
      "page": 60,
      "char_count": 3418,
      "has_content": true
    },
    {
      "page": 61,
      "char_count": 3467,
      "has_content": true
    },
    {
      "page": 62,
      "char_count": 2864,
      "has_content": true
    },
    {
      "page": 63,
      "char_count": 2852,
      "has_content": true
    },
    {
      "page": 64,
      "char_count": 2915,
      "has_content": true
    },
    {
      "page": 65,
      "char_count": 2819,
      "has_content": true
    },
    {
      "page": 66,
      "char_count": 3332,
      "has_content": true
    },
    {
      "page": 67,
      "char_count": 3357,
      "has_content": true
    },
    {
      "page": 68,
      "char_count": 2913,
      "has_content": true
    },
    {
      "page": 69,
      "char_count": 3192,
      "has_content": true
    },
    {
      "page": 70,
      "char_count": 2809,
      "has_content": true
    },
    {
      "page": 71,
      "char_count": 3043,
      "has_content": true
    },
    {
      "page": 72,
      "char_count": 3078,
      "has_content": true
    },
    {
      "page": 73,
      "char_count": 3041,
      "has_content": true
    },
    {
      "page": 74,
      "char_count": 3206,
      "has_content": true
    },
    {
      "page": 75,
      "char_count": 2928,
      "has_content": true
    },
    {
      "page": 76,
      "char_count": 2895,
      "has_content": true
    },
    {
      "page": 77,
      "char_count": 2970,
      "has_content": true
    },
    {
      "page": 78,
      "char_count": 2618,
      "has_content": true
    },
    {
      "page": 79,
      "char_count": 2959,
      "has_content": true
    },
    {
      "page": 80,
      "char_count": 2684,
      "has_content": true
    },
    {
      "page": 81,
      "char_count": 2566,
      "has_content": true
    },
    {
      "page": 82,
      "char_count": 2825,
      "has_content": true
    },
    {
      "page": 83,
      "char_count": 2443,
      "has_content": true
    },
    {
      "page": 84,
      "char_count": 2386,
      "has_content": true
    },
    {
      "page": 85,
      "char_count": 2405,
      "has_content": true
    },
    {
      "page": 86,
      "char_count": 3086,
      "has_content": true
    },
    {
      "page": 87,
      "char_count": 2171,
      "has_content": true
    }
  ]
}