{
  "total_pages": 28,
  "title": "CF Wormhole 2",
  "author": "",
  "creation_date": "D:20250305121908Z00'00'",
  "page_texts": [
    {
      "page": 1,
      "char_count": 2591,
      "has_content": true
    },
    {
      "page": 2,
      "char_count": 2744,
      "has_content": true
    },
    {
      "page": 3,
      "char_count": 2325,
      "has_content": true
    },
    {
      "page": 4,
      "char_count": 3209,
      "has_content": true
    },
    {
      "page": 5,
      "char_count": 2747,
      "has_content": true
    },
    {
      "page": 6,
      "char_count": 2975,
      "has_content": true
    },
    {
      "page": 7,
      "char_count": 3096,
      "has_content": true
    },
    {
      "page": 8,
      "char_count": 3078,
      "has_content": true
    },
    {
      "page": 9,
      "char_count": 2952,
      "has_content": true
    },
    {
      "page": 10,
      "char_count": 2893,
      "has_content": true
    },
    {
      "page": 11,
      "char_count": 3024,
      "has_content": true
    },
    {
      "page": 12,
      "char_count": 2262,
      "has_content": true
    },
    {
      "page": 13,
      "char_count": 2283,
      "has_content": true
    },
    {
      "page": 14,
      "char_count": 3113,
      "has_content": true
    },
    {
      "page": 15,
      "char_count": 2740,
      "has_content": true
    },
    {
      "page": 16,
      "char_count": 2903,
      "has_content": true
    },
    {
      "page": 17,
      "char_count": 3214,
      "has_content": true
    },
    {
      "page": 18,
      "char_count": 3617,
      "has_content": true
    },
    {
      "page": 19,
      "char_count": 3318,
      "has_content": true
    },
    {
      "page": 20,
      "char_count": 2536,
      "has_content": true
    },
    {
      "page": 21,
      "char_count": 2824,
      "has_content": true
    },
    {
      "page": 22,
      "char_count": 3203,
      "has_content": true
    },
    {
      "page": 23,
      "char_count": 3146,
      "has_content": true
    },
    {
      "page": 24,
      "char_count": 3749,
      "has_content": true
    },
    {
      "page": 25,
      "char_count": 3835,
      "has_content": true
    },
    {
      "page": 26,
      "char_count": 3772,
      "has_content": true
    },
    {
      "page": 27,
      "char_count": 3404,
      "has_content": true
    },
    {
      "page": 28,
      "char_count": 1399,
      "has_content": true
    }
  ]
}