{
  "total_pages": 30,
  "title": "CF Wormhole",
  "author": "",
  "creation_date": "D:20240418105249Z00'00'",
  "page_texts": [
    {
      "page": 1,
      "char_count": 767,
      "has_content": true
    },
    {
      "page": 2,
      "char_count": 996,
      "has_content": true
    },
    {
      "page": 3,
      "char_count": 620,
      "has_content": true
    },
    {
      "page": 4,
      "char_count": 231,
      "has_content": true
    },
    {
      "page": 5,
      "char_count": 109,
      "has_content": true
    },
    {
      "page": 6,
      "char_count": 843,
      "has_content": true
    },
    {
      "page": 7,
      "char_count": 2,
      "has_content": false
    },
    {
      "page": 8,
      "char_count": 1235,
      "has_content": true
    },
    {
      "page": 9,
      "char_count": 770,
      "has_content": true
    },
    {
      "page": 10,
      "char_count": 1200,
      "has_content": true
    },
    {
      "page": 11,
      "char_count": 1183,
      "has_content": true
    },
    {
      "page": 12,
      "char_count": 1503,
      "has_content": true
    },
    {
      "page": 13,
      "char_count": 1289,
      "has_content": true
    },
    {
      "page": 14,
      "char_count": 47,
      "has_content": true
    },
    {
      "page": 15,
      "char_count": 214,
      "has_content": true
    },
    {
      "page": 16,
      "char_count": 179,
      "has_content": true
    },
    {
      "page": 17,
      "char_count": 319,
      "has_content": true
    },
    {
      "page": 18,
      "char_count": 57,
      "has_content": true
    },
    {
      "page": 19,
      "char_count": 4,
      "has_content": false
    },
    {
      "page": 20,
      "char_count": 208,
      "has_content": true
    },
    {
      "page": 21,
      "char_count": 169,
      "has_content": true
    },
    {
      "page": 22,
      "char_count": 268,
      "has_content": true
    },
    {
      "page": 23,
      "char_count": 20,
      "has_content": true
    },
    {
      "page": 24,
      "char_count": 210,
      "has_content": true
    },
    {
      "page": 25,
      "char_count": 357,
      "has_content": true
    },
    {
      "page": 26,
      "char_count": 246,
      "has_content": true
    },
    {
      "page": 27,
      "char_count": 642,
      "has_content": true
    },
    {
      "page": 28,
      "char_count": 521,
      "has_content": true
    },
    {
      "page": 29,
      "char_count": 859,
      "has_content": true
    },
    {
      "page": 30,
      "char_count": 253,
      "has_content": true
    }
  ]
}