{
  "total_pages": 36,
  "title": "CF XX",
  "author": "",
  "creation_date": "D:20240731073220Z00'00'",
  "page_texts": [
    {
      "page": 1,
      "char_count": 917,
      "has_content": true
    },
    {
      "page": 2,
      "char_count": 410,
      "has_content": true
    },
    {
      "page": 3,
      "char_count": 409,
      "has_content": true
    },
    {
      "page": 4,
      "char_count": 750,
      "has_content": true
    },
    {
      "page": 5,
      "char_count": 503,
      "has_content": true
    },
    {
      "page": 6,
      "char_count": 240,
      "has_content": true
    },
    {
      "page": 7,
      "char_count": 214,
      "has_content": true
    },
    {
      "page": 8,
      "char_count": 441,
      "has_content": true
    },
    {
      "page": 9,
      "char_count": 389,
      "has_content": true
    },
    {
      "page": 10,
      "char_count": 1007,
      "has_content": true
    },
    {
      "page": 11,
      "char_count": 771,
      "has_content": true
    },
    {
      "page": 12,
      "char_count": 393,
      "has_content": true
    },
    {
      "page": 13,
      "char_count": 1133,
      "has_content": true
    },
    {
      "page": 14,
      "char_count": 1295,
      "has_content": true
    },
    {
      "page": 15,
      "char_count": 1108,
      "has_content": true
    },
    {
      "page": 16,
      "char_count": 596,
      "has_content": true
    },
    {
      "page": 17,
      "char_count": 1094,
      "has_content": true
    },
    {
      "page": 18,
      "char_count": 248,
      "has_content": true
    },
    {
      "page": 19,
      "char_count": 514,
      "has_content": true
    },
    {
      "page": 20,
      "char_count": 249,
      "has_content": true
    },
    {
      "page": 21,
      "char_count": 52,
      "has_content": true
    },
    {
      "page": 22,
      "char_count": 1003,
      "has_content": true
    },
    {
      "page": 23,
      "char_count": 389,
      "has_content": true
    },
    {
      "page": 24,
      "char_count": 457,
      "has_content": true
    },
    {
      "page": 25,
      "char_count": 341,
      "has_content": true
    },
    {
      "page": 26,
      "char_count": 254,
      "has_content": true
    },
    {
      "page": 27,
      "char_count": 384,
      "has_content": true
    },
    {
      "page": 28,
      "char_count": 20,
      "has_content": true
    },
    {
      "page": 29,
      "char_count": 145,
      "has_content": true
    },
    {
      "page": 30,
      "char_count": 21,
      "has_content": true
    },
    {
      "page": 31,
      "char_count": 318,
      "has_content": true
    },
    {
      "page": 32,
      "char_count": 34,
      "has_content": true
    },
    {
      "page": 33,
      "char_count": 440,
      "has_content": true
    },
    {
      "page": 34,
      "char_count": 637,
      "has_content": true
    },
    {
      "page": 35,
      "char_count": 906,
      "has_content": true
    },
    {
      "page": 36,
      "char_count": 0,
      "has_content": false
    }
  ]
}