{
  "total_pages": 32,
  "title": "Cf XION 03-25",
  "author": "",
  "creation_date": "D:20250320092021Z00'00'",
  "page_texts": [
    {
      "page": 1,
      "char_count": 2135,
      "has_content": true
    },
    {
      "page": 2,
      "char_count": 2523,
      "has_content": true
    },
    {
      "page": 3,
      "char_count": 2883,
      "has_content": true
    },
    {
      "page": 4,
      "char_count": 3111,
      "has_content": true
    },
    {
      "page": 5,
      "char_count": 2728,
      "has_content": true
    },
    {
      "page": 6,
      "char_count": 2974,
      "has_content": true
    },
    {
      "page": 7,
      "char_count": 2736,
      "has_content": true
    },
    {
      "page": 8,
      "char_count": 2552,
      "has_content": true
    },
    {
      "page": 9,
      "char_count": 2549,
      "has_content": true
    },
    {
      "page": 10,
      "char_count": 2692,
      "has_content": true
    },
    {
      "page": 11,
      "char_count": 2522,
      "has_content": true
    },
    {
      "page": 12,
      "char_count": 2088,
      "has_content": true
    },
    {
      "page": 13,
      "char_count": 3068,
      "has_content": true
    },
    {
      "page": 14,
      "char_count": 3006,
      "has_content": true
    },
    {
      "page": 15,
      "char_count": 2829,
      "has_content": true
    },
    {
      "page": 16,
      "char_count": 2425,
      "has_content": true
    },
    {
      "page": 17,
      "char_count": 3281,
      "has_content": true
    },
    {
      "page": 18,
      "char_count": 2690,
      "has_content": true
    },
    {
      "page": 19,
      "char_count": 3091,
      "has_content": true
    },
    {
      "page": 20,
      "char_count": 3262,
      "has_content": true
    },
    {
      "page": 21,
      "char_count": 3104,
      "has_content": true
    },
    {
      "page": 22,
      "char_count": 3177,
      "has_content": true
    },
    {
      "page": 23,
      "char_count": 3555,
      "has_content": true
    },
    {
      "page": 24,
      "char_count": 2827,
      "has_content": true
    },
    {
      "page": 25,
      "char_count": 3360,
      "has_content": true
    },
    {
      "page": 26,
      "char_count": 2907,
      "has_content": true
    },
    {
      "page": 27,
      "char_count": 3426,
      "has_content": true
    },
    {
      "page": 28,
      "char_count": 3156,
      "has_content": true
    },
    {
      "page": 29,
      "char_count": 2366,
      "has_content": true
    },
    {
      "page": 30,
      "char_count": 3163,
      "has_content": true
    },
    {
      "page": 31,
      "char_count": 3503,
      "has_content": true
    },
    {
      "page": 32,
      "char_count": 1567,
      "has_content": true
    }
  ]
}