{
  "total_pages": 57,
  "title": "CF YGG 04-25",
  "author": "",
  "creation_date": "D:20250419072914Z00'00'",
  "page_texts": [
    {
      "page": 1,
      "char_count": 2684,
      "has_content": true
    },
    {
      "page": 2,
      "char_count": 3097,
      "has_content": true
    },
    {
      "page": 3,
      "char_count": 3084,
      "has_content": true
    },
    {
      "page": 4,
      "char_count": 3507,
      "has_content": true
    },
    {
      "page": 5,
      "char_count": 2901,
      "has_content": true
    },
    {
      "page": 6,
      "char_count": 3364,
      "has_content": true
    },
    {
      "page": 7,
      "char_count": 3139,
      "has_content": true
    },
    {
      "page": 8,
      "char_count": 3275,
      "has_content": true
    },
    {
      "page": 9,
      "char_count": 3073,
      "has_content": true
    },
    {
      "page": 10,
      "char_count": 2733,
      "has_content": true
    },
    {
      "page": 11,
      "char_count": 2895,
      "has_content": true
    },
    {
      "page": 12,
      "char_count": 3050,
      "has_content": true
    },
    {
      "page": 13,
      "char_count": 2957,
      "has_content": true
    },
    {
      "page": 14,
      "char_count": 2926,
      "has_content": true
    },
    {
      "page": 15,
      "char_count": 3194,
      "has_content": true
    },
    {
      "page": 16,
      "char_count": 2948,
      "has_content": true
    },
    {
      "page": 17,
      "char_count": 2637,
      "has_content": true
    },
    {
      "page": 18,
      "char_count": 2952,
      "has_content": true
    },
    {
      "page": 19,
      "char_count": 3258,
      "has_content": true
    },
    {
      "page": 20,
      "char_count": 2861,
      "has_content": true
    },
    {
      "page": 21,
      "char_count": 2840,
      "has_content": true
    },
    {
      "page": 22,
      "char_count": 3186,
      "has_content": true
    },
    {
      "page": 23,
      "char_count": 2750,
      "has_content": true
    },
    {
      "page": 24,
      "char_count": 2716,
      "has_content": true
    },
    {
      "page": 25,
      "char_count": 3196,
      "has_content": true
    },
    {
      "page": 26,
      "char_count": 3009,
      "has_content": true
    },
    {
      "page": 27,
      "char_count": 3297,
      "has_content": true
    },
    {
      "page": 28,
      "char_count": 3255,
      "has_content": true
    },
    {
      "page": 29,
      "char_count": 2869,
      "has_content": true
    },
    {
      "page": 30,
      "char_count": 3097,
      "has_content": true
    },
    {
      "page": 31,
      "char_count": 3084,
      "has_content": true
    },
    {
      "page": 32,
      "char_count": 3507,
      "has_content": true
    },
    {
      "page": 33,
      "char_count": 2901,
      "has_content": true
    },
    {
      "page": 34,
      "char_count": 3364,
      "has_content": true
    },
    {
      "page": 35,
      "char_count": 3139,
      "has_content": true
    },
    {
      "page": 36,
      "char_count": 3275,
      "has_content": true
    },
    {
      "page": 37,
      "char_count": 3073,
      "has_content": true
    },
    {
      "page": 38,
      "char_count": 2733,
      "has_content": true
    },
    {
      "page": 39,
      "char_count": 2895,
      "has_content": true
    },
    {
      "page": 40,
      "char_count": 3050,
      "has_content": true
    },
    {
      "page": 41,
      "char_count": 2957,
      "has_content": true
    },
    {
      "page": 42,
      "char_count": 2926,
      "has_content": true
    },
    {
      "page": 43,
      "char_count": 3194,
      "has_content": true
    },
    {
      "page": 44,
      "char_count": 2948,
      "has_content": true
    },
    {
      "page": 45,
      "char_count": 2637,
      "has_content": true
    },
    {
      "page": 46,
      "char_count": 2952,
      "has_content": true
    },
    {
      "page": 47,
      "char_count": 3258,
      "has_content": true
    },
    {
      "page": 48,
      "char_count": 2861,
      "has_content": true
    },
    {
      "page": 49,
      "char_count": 2840,
      "has_content": true
    },
    {
      "page": 50,
      "char_count": 3186,
      "has_content": true
    },
    {
      "page": 51,
      "char_count": 2750,
      "has_content": true
    },
    {
      "page": 52,
      "char_count": 2716,
      "has_content": true
    },
    {
      "page": 53,
      "char_count": 3196,
      "has_content": true
    },
    {
      "page": 54,
      "char_count": 3009,
      "has_content": true
    },
    {
      "page": 55,
      "char_count": 3297,
      "has_content": true
    },
    {
      "page": 56,
      "char_count": 3255,
      "has_content": true
    },
    {
      "page": 57,
      "char_count": 186,
      "has_content": true
    }
  ]
}