{
  "total_pages": 24,
  "title": "YGG",
  "author": "",
  "creation_date": "D:20221215064405Z00'00'",
  "page_texts": [
    {
      "page": 1,
      "char_count": 865,
      "has_content": true
    },
    {
      "page": 2,
      "char_count": 1485,
      "has_content": true
    },
    {
      "page": 3,
      "char_count": 704,
      "has_content": true
    },
    {
      "page": 4,
      "char_count": 432,
      "has_content": true
    },
    {
      "page": 5,
      "char_count": 489,
      "has_content": true
    },
    {
      "page": 6,
      "char_count": 1331,
      "has_content": true
    },
    {
      "page": 7,
      "char_count": 142,
      "has_content": true
    },
    {
      "page": 8,
      "char_count": 3,
      "has_content": false
    },
    {
      "page": 9,
      "char_count": 351,
      "has_content": true
    },
    {
      "page": 10,
      "char_count": 715,
      "has_content": true
    },
    {
      "page": 11,
      "char_count": 707,
      "has_content": true
    },
    {
      "page": 12,
      "char_count": 830,
      "has_content": true
    },
    {
      "page": 13,
      "char_count": 1205,
      "has_content": true
    },
    {
      "page": 14,
      "char_count": 710,
      "has_content": true
    },
    {
      "page": 15,
      "char_count": 198,
      "has_content": true
    },
    {
      "page": 16,
      "char_count": 18,
      "has_content": true
    },
    {
      "page": 17,
      "char_count": 3,
      "has_content": false
    },
    {
      "page": 18,
      "char_count": 163,
      "has_content": true
    },
    {
      "page": 19,
      "char_count": 18,
      "has_content": true
    },
    {
      "page": 20,
      "char_count": 118,
      "has_content": true
    },
    {
      "page": 21,
      "char_count": 177,
      "has_content": true
    },
    {
      "page": 22,
      "char_count": 867,
      "has_content": true
    },
    {
      "page": 23,
      "char_count": 1384,
      "has_content": true
    },
    {
      "page": 24,
      "char_count": 178,
      "has_content": true
    }
  ]
}