{
  "total_pages": 40,
  "title": "CF ZKJ 25 renew",
  "author": "",
  "creation_date": "D:20250617084919Z00'00'",
  "page_texts": [
    {
      "page": 1,
      "char_count": 3089,
      "has_content": true
    },
    {
      "page": 2,
      "char_count": 3473,
      "has_content": true
    },
    {
      "page": 3,
      "char_count": 3650,
      "has_content": true
    },
    {
      "page": 4,
      "char_count": 3340,
      "has_content": true
    },
    {
      "page": 5,
      "char_count": 3760,
      "has_content": true
    },
    {
      "page": 6,
      "char_count": 3468,
      "has_content": true
    },
    {
      "page": 7,
      "char_count": 3357,
      "has_content": true
    },
    {
      "page": 8,
      "char_count": 3780,
      "has_content": true
    },
    {
      "page": 9,
      "char_count": 3203,
      "has_content": true
    },
    {
      "page": 10,
      "char_count": 3338,
      "has_content": true
    },
    {
      "page": 11,
      "char_count": 3340,
      "has_content": true
    },
    {
      "page": 12,
      "char_count": 3792,
      "has_content": true
    },
    {
      "page": 13,
      "char_count": 3559,
      "has_content": true
    },
    {
      "page": 14,
      "char_count": 3648,
      "has_content": true
    },
    {
      "page": 15,
      "char_count": 3251,
      "has_content": true
    },
    {
      "page": 16,
      "char_count": 3633,
      "has_content": true
    },
    {
      "page": 17,
      "char_count": 3646,
      "has_content": true
    },
    {
      "page": 18,
      "char_count": 3740,
      "has_content": true
    },
    {
      "page": 19,
      "char_count": 2986,
      "has_content": true
    },
    {
      "page": 20,
      "char_count": 3265,
      "has_content": true
    },
    {
      "page": 21,
      "char_count": 3572,
      "has_content": true
    },
    {
      "page": 22,
      "char_count": 3155,
      "has_content": true
    },
    {
      "page": 23,
      "char_count": 3326,
      "has_content": true
    },
    {
      "page": 24,
      "char_count": 3386,
      "has_content": true
    },
    {
      "page": 25,
      "char_count": 3790,
      "has_content": true
    },
    {
      "page": 26,
      "char_count": 3320,
      "has_content": true
    },
    {
      "page": 27,
      "char_count": 3542,
      "has_content": true
    },
    {
      "page": 28,
      "char_count": 3438,
      "has_content": true
    },
    {
      "page": 29,
      "char_count": 3137,
      "has_content": true
    },
    {
      "page": 30,
      "char_count": 3656,
      "has_content": true
    },
    {
      "page": 31,
      "char_count": 3225,
      "has_content": true
    },
    {
      "page": 32,
      "char_count": 2564,
      "has_content": true
    },
    {
      "page": 33,
      "char_count": 2025,
      "has_content": true
    },
    {
      "page": 34,
      "char_count": 1944,
      "has_content": true
    },
    {
      "page": 35,
      "char_count": 3228,
      "has_content": true
    },
    {
      "page": 36,
      "char_count": 3578,
      "has_content": true
    },
    {
      "page": 37,
      "char_count": 3584,
      "has_content": true
    },
    {
      "page": 38,
      "char_count": 3581,
      "has_content": true
    },
    {
      "page": 39,
      "char_count": 3666,
      "has_content": true
    },
    {
      "page": 40,
      "char_count": 210,
      "has_content": true
    }
  ]
}