{
  "total_pages": 35,
  "title": "CF ZRO 02-03",
  "author": "",
  "creation_date": "D:20250301163705Z00'00'",
  "page_texts": [
    {
      "page": 1,
      "char_count": 2573,
      "has_content": true
    },
    {
      "page": 2,
      "char_count": 2723,
      "has_content": true
    },
    {
      "page": 3,
      "char_count": 2625,
      "has_content": true
    },
    {
      "page": 4,
      "char_count": 3077,
      "has_content": true
    },
    {
      "page": 5,
      "char_count": 2644,
      "has_content": true
    },
    {
      "page": 6,
      "char_count": 3151,
      "has_content": true
    },
    {
      "page": 7,
      "char_count": 2864,
      "has_content": true
    },
    {
      "page": 8,
      "char_count": 3068,
      "has_content": true
    },
    {
      "page": 9,
      "char_count": 2952,
      "has_content": true
    },
    {
      "page": 10,
      "char_count": 3074,
      "has_content": true
    },
    {
      "page": 11,
      "char_count": 2412,
      "has_content": true
    },
    {
      "page": 12,
      "char_count": 2708,
      "has_content": true
    },
    {
      "page": 13,
      "char_count": 2963,
      "has_content": true
    },
    {
      "page": 14,
      "char_count": 2769,
      "has_content": true
    },
    {
      "page": 15,
      "char_count": 2664,
      "has_content": true
    },
    {
      "page": 16,
      "char_count": 2621,
      "has_content": true
    },
    {
      "page": 17,
      "char_count": 3239,
      "has_content": true
    },
    {
      "page": 18,
      "char_count": 2647,
      "has_content": true
    },
    {
      "page": 19,
      "char_count": 2784,
      "has_content": true
    },
    {
      "page": 20,
      "char_count": 2496,
      "has_content": true
    },
    {
      "page": 21,
      "char_count": 3178,
      "has_content": true
    },
    {
      "page": 22,
      "char_count": 2908,
      "has_content": true
    },
    {
      "page": 23,
      "char_count": 3075,
      "has_content": true
    },
    {
      "page": 24,
      "char_count": 2990,
      "has_content": true
    },
    {
      "page": 25,
      "char_count": 3494,
      "has_content": true
    },
    {
      "page": 26,
      "char_count": 3485,
      "has_content": true
    },
    {
      "page": 27,
      "char_count": 3224,
      "has_content": true
    },
    {
      "page": 28,
      "char_count": 2769,
      "has_content": true
    },
    {
      "page": 29,
      "char_count": 3667,
      "has_content": true
    },
    {
      "page": 30,
      "char_count": 3618,
      "has_content": true
    },
    {
      "page": 31,
      "char_count": 3345,
      "has_content": true
    },
    {
      "page": 32,
      "char_count": 3590,
      "has_content": true
    },
    {
      "page": 33,
      "char_count": 3728,
      "has_content": true
    },
    {
      "page": 34,
      "char_count": 3606,
      "has_content": true
    },
    {
      "page": 35,
      "char_count": 3107,
      "has_content": true
    }
  ]
}