{
  "total_pages": 34,
  "title": "CF ZEUS",
  "author": "",
  "creation_date": "D:20250602152001Z00'00'",
  "page_texts": [
    {
      "page": 1,
      "char_count": 2777,
      "has_content": true
    },
    {
      "page": 2,
      "char_count": 3270,
      "has_content": true
    },
    {
      "page": 3,
      "char_count": 3321,
      "has_content": true
    },
    {
      "page": 4,
      "char_count": 3624,
      "has_content": true
    },
    {
      "page": 5,
      "char_count": 2857,
      "has_content": true
    },
    {
      "page": 6,
      "char_count": 3311,
      "has_content": true
    },
    {
      "page": 7,
      "char_count": 3263,
      "has_content": true
    },
    {
      "page": 8,
      "char_count": 3620,
      "has_content": true
    },
    {
      "page": 9,
      "char_count": 3491,
      "has_content": true
    },
    {
      "page": 10,
      "char_count": 3633,
      "has_content": true
    },
    {
      "page": 11,
      "char_count": 3013,
      "has_content": true
    },
    {
      "page": 12,
      "char_count": 2855,
      "has_content": true
    },
    {
      "page": 13,
      "char_count": 3243,
      "has_content": true
    },
    {
      "page": 14,
      "char_count": 3133,
      "has_content": true
    },
    {
      "page": 15,
      "char_count": 3295,
      "has_content": true
    },
    {
      "page": 16,
      "char_count": 3489,
      "has_content": true
    },
    {
      "page": 17,
      "char_count": 3157,
      "has_content": true
    },
    {
      "page": 18,
      "char_count": 2953,
      "has_content": true
    },
    {
      "page": 19,
      "char_count": 3466,
      "has_content": true
    },
    {
      "page": 20,
      "char_count": 3268,
      "has_content": true
    },
    {
      "page": 21,
      "char_count": 3257,
      "has_content": true
    },
    {
      "page": 22,
      "char_count": 3034,
      "has_content": true
    },
    {
      "page": 23,
      "char_count": 3053,
      "has_content": true
    },
    {
      "page": 24,
      "char_count": 3027,
      "has_content": true
    },
    {
      "page": 25,
      "char_count": 2922,
      "has_content": true
    },
    {
      "page": 26,
      "char_count": 3213,
      "has_content": true
    },
    {
      "page": 27,
      "char_count": 3527,
      "has_content": true
    },
    {
      "page": 28,
      "char_count": 2652,
      "has_content": true
    },
    {
      "page": 29,
      "char_count": 3327,
      "has_content": true
    },
    {
      "page": 30,
      "char_count": 2457,
      "has_content": true
    },
    {
      "page": 31,
      "char_count": 3288,
      "has_content": true
    },
    {
      "page": 32,
      "char_count": 3064,
      "has_content": true
    },
    {
      "page": 33,
      "char_count": 3561,
      "has_content": true
    },
    {
      "page": 34,
      "char_count": 429,
      "has_content": true
    }
  ]
}