{
  "total_pages": 29,
  "title": "CF ZKSync",
  "author": "",
  "creation_date": "D:20250322085429Z00'00'",
  "page_texts": [
    {
      "page": 1,
      "char_count": 3279,
      "has_content": true
    },
    {
      "page": 2,
      "char_count": 3913,
      "has_content": true
    },
    {
      "page": 3,
      "char_count": 3935,
      "has_content": true
    },
    {
      "page": 4,
      "char_count": 4207,
      "has_content": true
    },
    {
      "page": 5,
      "char_count": 3804,
      "has_content": true
    },
    {
      "page": 6,
      "char_count": 3516,
      "has_content": true
    },
    {
      "page": 7,
      "char_count": 3777,
      "has_content": true
    },
    {
      "page": 8,
      "char_count": 3570,
      "has_content": true
    },
    {
      "page": 9,
      "char_count": 3774,
      "has_content": true
    },
    {
      "page": 10,
      "char_count": 3747,
      "has_content": true
    },
    {
      "page": 11,
      "char_count": 4055,
      "has_content": true
    },
    {
      "page": 12,
      "char_count": 3482,
      "has_content": true
    },
    {
      "page": 13,
      "char_count": 3541,
      "has_content": true
    },
    {
      "page": 14,
      "char_count": 4106,
      "has_content": true
    },
    {
      "page": 15,
      "char_count": 3449,
      "has_content": true
    },
    {
      "page": 16,
      "char_count": 3408,
      "has_content": true
    },
    {
      "page": 17,
      "char_count": 4057,
      "has_content": true
    },
    {
      "page": 18,
      "char_count": 3963,
      "has_content": true
    },
    {
      "page": 19,
      "char_count": 3565,
      "has_content": true
    },
    {
      "page": 20,
      "char_count": 3765,
      "has_content": true
    },
    {
      "page": 21,
      "char_count": 3832,
      "has_content": true
    },
    {
      "page": 22,
      "char_count": 3692,
      "has_content": true
    },
    {
      "page": 23,
      "char_count": 3788,
      "has_content": true
    },
    {
      "page": 24,
      "char_count": 3385,
      "has_content": true
    },
    {
      "page": 25,
      "char_count": 3615,
      "has_content": true
    },
    {
      "page": 26,
      "char_count": 3168,
      "has_content": true
    },
    {
      "page": 27,
      "char_count": 3374,
      "has_content": true
    },
    {
      "page": 28,
      "char_count": 3502,
      "has_content": true
    },
    {
      "page": 29,
      "char_count": 2227,
      "has_content": true
    }
  ]
}