{
  "total_pages": 39,
  "title": "CF ZENTRY",
  "author": "",
  "creation_date": "D:20250628101538Z00'00'",
  "page_texts": [
    {
      "page": 1,
      "char_count": 2939,
      "has_content": true
    },
    {
      "page": 2,
      "char_count": 3565,
      "has_content": true
    },
    {
      "page": 3,
      "char_count": 3680,
      "has_content": true
    },
    {
      "page": 4,
      "char_count": 3300,
      "has_content": true
    },
    {
      "page": 5,
      "char_count": 3200,
      "has_content": true
    },
    {
      "page": 6,
      "char_count": 3122,
      "has_content": true
    },
    {
      "page": 7,
      "char_count": 3559,
      "has_content": true
    },
    {
      "page": 8,
      "char_count": 3441,
      "has_content": true
    },
    {
      "page": 9,
      "char_count": 3615,
      "has_content": true
    },
    {
      "page": 10,
      "char_count": 3242,
      "has_content": true
    },
    {
      "page": 11,
      "char_count": 3630,
      "has_content": true
    },
    {
      "page": 12,
      "char_count": 3166,
      "has_content": true
    },
    {
      "page": 13,
      "char_count": 2517,
      "has_content": true
    },
    {
      "page": 14,
      "char_count": 3364,
      "has_content": true
    },
    {
      "page": 15,
      "char_count": 3290,
      "has_content": true
    },
    {
      "page": 16,
      "char_count": 3043,
      "has_content": true
    },
    {
      "page": 17,
      "char_count": 2833,
      "has_content": true
    },
    {
      "page": 18,
      "char_count": 2953,
      "has_content": true
    },
    {
      "page": 19,
      "char_count": 3028,
      "has_content": true
    },
    {
      "page": 20,
      "char_count": 3263,
      "has_content": true
    },
    {
      "page": 21,
      "char_count": 3323,
      "has_content": true
    },
    {
      "page": 22,
      "char_count": 3159,
      "has_content": true
    },
    {
      "page": 23,
      "char_count": 3012,
      "has_content": true
    },
    {
      "page": 24,
      "char_count": 3040,
      "has_content": true
    },
    {
      "page": 25,
      "char_count": 3126,
      "has_content": true
    },
    {
      "page": 26,
      "char_count": 3525,
      "has_content": true
    },
    {
      "page": 27,
      "char_count": 3325,
      "has_content": true
    },
    {
      "page": 28,
      "char_count": 2753,
      "has_content": true
    },
    {
      "page": 29,
      "char_count": 2285,
      "has_content": true
    },
    {
      "page": 30,
      "char_count": 2851,
      "has_content": true
    },
    {
      "page": 31,
      "char_count": 3268,
      "has_content": true
    },
    {
      "page": 32,
      "char_count": 3403,
      "has_content": true
    },
    {
      "page": 33,
      "char_count": 3482,
      "has_content": true
    },
    {
      "page": 34,
      "char_count": 2486,
      "has_content": true
    },
    {
      "page": 35,
      "char_count": 2751,
      "has_content": true
    },
    {
      "page": 36,
      "char_count": 3072,
      "has_content": true
    },
    {
      "page": 37,
      "char_count": 3323,
      "has_content": true
    },
    {
      "page": 38,
      "char_count": 3506,
      "has_content": true
    },
    {
      "page": 39,
      "char_count": 2785,
      "has_content": true
    }
  ]
}