{
  "total_pages": 240,
  "title": "Волновой Анализ Эллиота",
  "author": "",
  "creation_date": "D:20250531151807Z00'00'",
  "page_texts": [
    {
      "page": 1,
      "char_count": 2727,
      "has_content": true
    },
    {
      "page": 2,
      "char_count": 3089,
      "has_content": true
    },
    {
      "page": 3,
      "char_count": 2923,
      "has_content": true
    },
    {
      "page": 4,
      "char_count": 3059,
      "has_content": true
    },
    {
      "page": 5,
      "char_count": 1546,
      "has_content": true
    },
    {
      "page": 6,
      "char_count": 205,
      "has_content": true
    },
    {
      "page": 7,
      "char_count": 2917,
      "has_content": true
    },
    {
      "page": 8,
      "char_count": 2992,
      "has_content": true
    },
    {
      "page": 9,
      "char_count": 2671,
      "has_content": true
    },
    {
      "page": 10,
      "char_count": 512,
      "has_content": true
    },
    {
      "page": 11,
      "char_count": 1236,
      "has_content": true
    },
    {
      "page": 12,
      "char_count": 1103,
      "has_content": true
    },
    {
      "page": 13,
      "char_count": 1235,
      "has_content": true
    },
    {
      "page": 14,
      "char_count": 1183,
      "has_content": true
    },
    {
      "page": 15,
      "char_count": 1554,
      "has_content": true
    },
    {
      "page": 16,
      "char_count": 2857,
      "has_content": true
    },
    {
      "page": 17,
      "char_count": 3010,
      "has_content": true
    },
    {
      "page": 18,
      "char_count": 2906,
      "has_content": true
    },
    {
      "page": 19,
      "char_count": 2071,
      "has_content": true
    },
    {
      "page": 20,
      "char_count": 2,
      "has_content": false
    },
    {
      "page": 21,
      "char_count": 829,
      "has_content": true
    },
    {
      "page": 22,
      "char_count": 4,
      "has_content": false
    },
    {
      "page": 23,
      "char_count": 955,
      "has_content": true
    },
    {
      "page": 24,
      "char_count": 2,
      "has_content": false
    },
    {
      "page": 25,
      "char_count": 711,
      "has_content": true
    },
    {
      "page": 26,
      "char_count": 437,
      "has_content": true
    },
    {
      "page": 27,
      "char_count": 703,
      "has_content": true
    },
    {
      "page": 28,
      "char_count": 1154,
      "has_content": true
    },
    {
      "page": 29,
      "char_count": 1000,
      "has_content": true
    },
    {
      "page": 30,
      "char_count": 2,
      "has_content": false
    },
    {
      "page": 31,
      "char_count": 2,
      "has_content": false
    },
    {
      "page": 32,
      "char_count": 1162,
      "has_content": true
    },
    {
      "page": 33,
      "char_count": 1313,
      "has_content": true
    },
    {
      "page": 34,
      "char_count": 2,
      "has_content": false
    },
    {
      "page": 35,
      "char_count": 1214,
      "has_content": true
    },
    {
      "page": 36,
      "char_count": 1931,
      "has_content": true
    },
    {
      "page": 37,
      "char_count": 221,
      "has_content": true
    },
    {
      "page": 38,
      "char_count": 2,
      "has_content": false
    },
    {
      "page": 39,
      "char_count": 4,
      "has_content": false
    },
    {
      "page": 40,
      "char_count": 671,
      "has_content": true
    },
    {
      "page": 41,
      "char_count": 1790,
      "has_content": true
    },
    {
      "page": 42,
      "char_count": 116,
      "has_content": true
    },
    {
      "page": 43,
      "char_count": 815,
      "has_content": true
    },
    {
      "page": 44,
      "char_count": 1128,
      "has_content": true
    },
    {
      "page": 45,
      "char_count": 4,
      "has_content": false
    },
    {
      "page": 46,
      "char_count": 390,
      "has_content": true
    },
    {
      "page": 47,
      "char_count": 833,
      "has_content": true
    },
    {
      "page": 48,
      "char_count": 4,
      "has_content": false
    },
    {
      "page": 49,
      "char_count": 929,
      "has_content": true
    },
    {
      "page": 50,
      "char_count": 130,
      "has_content": true
    },
    {
      "page": 51,
      "char_count": 1109,
      "has_content": true
    },
    {
      "page": 52,
      "char_count": 1193,
      "has_content": true
    },
    {
      "page": 53,
      "char_count": 2932,
      "has_content": true
    },
    {
      "page": 54,
      "char_count": 263,
      "has_content": true
    },
    {
      "page": 55,
      "char_count": 544,
      "has_content": true
    },
    {
      "page": 56,
      "char_count": 2965,
      "has_content": true
    },
    {
      "page": 57,
      "char_count": 2717,
      "has_content": true
    },
    {
      "page": 58,
      "char_count": 3056,
      "has_content": true
    },
    {
      "page": 59,
      "char_count": 1228,
      "has_content": true
    },
    {
      "page": 60,
      "char_count": 1590,
      "has_content": true
    },
    {
      "page": 61,
      "char_count": 3048,
      "has_content": true
    },
    {
      "page": 62,
      "char_count": 2894,
      "has_content": true
    },
    {
      "page": 63,
      "char_count": 1536,
      "has_content": true
    },
    {
      "page": 64,
      "char_count": 4,
      "has_content": false
    },
    {
      "page": 65,
      "char_count": 377,
      "has_content": true
    },
    {
      "page": 66,
      "char_count": 2752,
      "has_content": true
    },
    {
      "page": 67,
      "char_count": 2035,
      "has_content": true
    },
    {
      "page": 68,
      "char_count": 2,
      "has_content": false
    },
    {
      "page": 69,
      "char_count": 1091,
      "has_content": true
    },
    {
      "page": 70,
      "char_count": 2972,
      "has_content": true
    },
    {
      "page": 71,
      "char_count": 2586,
      "has_content": true
    },
    {
      "page": 72,
      "char_count": 2,
      "has_content": false
    },
    {
      "page": 73,
      "char_count": 2,
      "has_content": false
    },
    {
      "page": 74,
      "char_count": 1115,
      "has_content": true
    },
    {
      "page": 75,
      "char_count": 2665,
      "has_content": true
    },
    {
      "page": 76,
      "char_count": 2,
      "has_content": false
    },
    {
      "page": 77,
      "char_count": 476,
      "has_content": true
    },
    {
      "page": 78,
      "char_count": 2976,
      "has_content": true
    },
    {
      "page": 79,
      "char_count": 1267,
      "has_content": true
    },
    {
      "page": 80,
      "char_count": 1189,
      "has_content": true
    },
    {
      "page": 81,
      "char_count": 1374,
      "has_content": true
    },
    {
      "page": 82,
      "char_count": 652,
      "has_content": true
    },
    {
      "page": 83,
      "char_count": 3158,
      "has_content": true
    },
    {
      "page": 84,
      "char_count": 2155,
      "has_content": true
    },
    {
      "page": 85,
      "char_count": 1179,
      "has_content": true
    },
    {
      "page": 86,
      "char_count": 2813,
      "has_content": true
    },
    {
      "page": 87,
      "char_count": 3015,
      "has_content": true
    },
    {
      "page": 88,
      "char_count": 1508,
      "has_content": true
    },
    {
      "page": 89,
      "char_count": 3176,
      "has_content": true
    },
    {
      "page": 90,
      "char_count": 3028,
      "has_content": true
    },
    {
      "page": 91,
      "char_count": 3062,
      "has_content": true
    },
    {
      "page": 92,
      "char_count": 3021,
      "has_content": true
    },
    {
      "page": 93,
      "char_count": 2961,
      "has_content": true
    },
    {
      "page": 94,
      "char_count": 2,
      "has_content": false
    },
    {
      "page": 95,
      "char_count": 3147,
      "has_content": true
    },
    {
      "page": 96,
      "char_count": 3149,
      "has_content": true
    },
    {
      "page": 97,
      "char_count": 2706,
      "has_content": true
    },
    {
      "page": 98,
      "char_count": 730,
      "has_content": true
    },
    {
      "page": 99,
      "char_count": 816,
      "has_content": true
    },
    {
      "page": 100,
      "char_count": 1883,
      "has_content": true
    },
    {
      "page": 101,
      "char_count": 2236,
      "has_content": true
    },
    {
      "page": 102,
      "char_count": 2346,
      "has_content": true
    },
    {
      "page": 103,
      "char_count": 2451,
      "has_content": true
    },
    {
      "page": 104,
      "char_count": 763,
      "has_content": true
    },
    {
      "page": 105,
      "char_count": 4,
      "has_content": false
    },
    {
      "page": 106,
      "char_count": 2853,
      "has_content": true
    },
    {
      "page": 107,
      "char_count": 2653,
      "has_content": true
    },
    {
      "page": 108,
      "char_count": 4,
      "has_content": false
    },
    {
      "page": 109,
      "char_count": 561,
      "has_content": true
    },
    {
      "page": 110,
      "char_count": 2575,
      "has_content": true
    },
    {
      "page": 111,
      "char_count": 2,
      "has_content": false
    },
    {
      "page": 112,
      "char_count": 2,
      "has_content": false
    },
    {
      "page": 113,
      "char_count": 2,
      "has_content": false
    },
    {
      "page": 114,
      "char_count": 2,
      "has_content": false
    },
    {
      "page": 115,
      "char_count": 4,
      "has_content": false
    },
    {
      "page": 116,
      "char_count": 2,
      "has_content": false
    },
    {
      "page": 117,
      "char_count": 2,
      "has_content": false
    },
    {
      "page": 118,
      "char_count": 3062,
      "has_content": true
    },
    {
      "page": 119,
      "char_count": 2321,
      "has_content": true
    },
    {
      "page": 120,
      "char_count": 582,
      "has_content": true
    },
    {
      "page": 121,
      "char_count": 755,
      "has_content": true
    },
    {
      "page": 122,
      "char_count": 754,
      "has_content": true
    },
    {
      "page": 123,
      "char_count": 185,
      "has_content": true
    },
    {
      "page": 124,
      "char_count": 3036,
      "has_content": true
    },
    {
      "page": 125,
      "char_count": 971,
      "has_content": true
    },
    {
      "page": 126,
      "char_count": 1704,
      "has_content": true
    },
    {
      "page": 127,
      "char_count": 2769,
      "has_content": true
    },
    {
      "page": 128,
      "char_count": 3072,
      "has_content": true
    },
    {
      "page": 129,
      "char_count": 1614,
      "has_content": true
    },
    {
      "page": 130,
      "char_count": 1704,
      "has_content": true
    },
    {
      "page": 131,
      "char_count": 1169,
      "has_content": true
    },
    {
      "page": 132,
      "char_count": 2,
      "has_content": false
    },
    {
      "page": 133,
      "char_count": 2,
      "has_content": false
    },
    {
      "page": 134,
      "char_count": 2,
      "has_content": false
    },
    {
      "page": 135,
      "char_count": 2,
      "has_content": false
    },
    {
      "page": 136,
      "char_count": 798,
      "has_content": true
    },
    {
      "page": 137,
      "char_count": 4,
      "has_content": false
    },
    {
      "page": 138,
      "char_count": 135,
      "has_content": true
    },
    {
      "page": 139,
      "char_count": 1933,
      "has_content": true
    },
    {
      "page": 140,
      "char_count": 2974,
      "has_content": true
    },
    {
      "page": 141,
      "char_count": 1437,
      "has_content": true
    },
    {
      "page": 142,
      "char_count": 2,
      "has_content": false
    },
    {
      "page": 143,
      "char_count": 347,
      "has_content": true
    },
    {
      "page": 144,
      "char_count": 1577,
      "has_content": true
    },
    {
      "page": 145,
      "char_count": 3007,
      "has_content": true
    },
    {
      "page": 146,
      "char_count": 385,
      "has_content": true
    },
    {
      "page": 147,
      "char_count": 1148,
      "has_content": true
    },
    {
      "page": 148,
      "char_count": 1359,
      "has_content": true
    },
    {
      "page": 149,
      "char_count": 808,
      "has_content": true
    },
    {
      "page": 150,
      "char_count": 2361,
      "has_content": true
    },
    {
      "page": 151,
      "char_count": 1388,
      "has_content": true
    },
    {
      "page": 152,
      "char_count": 845,
      "has_content": true
    },
    {
      "page": 153,
      "char_count": 1111,
      "has_content": true
    },
    {
      "page": 154,
      "char_count": 67,
      "has_content": true
    },
    {
      "page": 155,
      "char_count": 2562,
      "has_content": true
    },
    {
      "page": 156,
      "char_count": 3118,
      "has_content": true
    },
    {
      "page": 157,
      "char_count": 2025,
      "has_content": true
    },
    {
      "page": 158,
      "char_count": 2,
      "has_content": false
    },
    {
      "page": 159,
      "char_count": 2,
      "has_content": false
    },
    {
      "page": 160,
      "char_count": 1737,
      "has_content": true
    },
    {
      "page": 161,
      "char_count": 3120,
      "has_content": true
    },
    {
      "page": 162,
      "char_count": 1315,
      "has_content": true
    },
    {
      "page": 163,
      "char_count": 2602,
      "has_content": true
    },
    {
      "page": 164,
      "char_count": 1514,
      "has_content": true
    },
    {
      "page": 165,
      "char_count": 465,
      "has_content": true
    },
    {
      "page": 166,
      "char_count": 2472,
      "has_content": true
    },
    {
      "page": 167,
      "char_count": 767,
      "has_content": true
    },
    {
      "page": 168,
      "char_count": 3109,
      "has_content": true
    },
    {
      "page": 169,
      "char_count": 2349,
      "has_content": true
    },
    {
      "page": 170,
      "char_count": 2,
      "has_content": false
    },
    {
      "page": 171,
      "char_count": 2,
      "has_content": false
    },
    {
      "page": 172,
      "char_count": 2,
      "has_content": false
    },
    {
      "page": 173,
      "char_count": 2,
      "has_content": false
    },
    {
      "page": 174,
      "char_count": 2,
      "has_content": false
    },
    {
      "page": 175,
      "char_count": 712,
      "has_content": true
    },
    {
      "page": 176,
      "char_count": 2,
      "has_content": false
    },
    {
      "page": 177,
      "char_count": 0,
      "has_content": false
    },
    {
      "page": 178,
      "char_count": 2,
      "has_content": false
    },
    {
      "page": 179,
      "char_count": 2162,
      "has_content": true
    },
    {
      "page": 180,
      "char_count": 1617,
      "has_content": true
    },
    {
      "page": 181,
      "char_count": 1170,
      "has_content": true
    },
    {
      "page": 182,
      "char_count": 1401,
      "has_content": true
    },
    {
      "page": 183,
      "char_count": 1197,
      "has_content": true
    },
    {
      "page": 184,
      "char_count": 926,
      "has_content": true
    },
    {
      "page": 185,
      "char_count": 2496,
      "has_content": true
    },
    {
      "page": 186,
      "char_count": 1501,
      "has_content": true
    },
    {
      "page": 187,
      "char_count": 2711,
      "has_content": true
    },
    {
      "page": 188,
      "char_count": 401,
      "has_content": true
    },
    {
      "page": 189,
      "char_count": 3065,
      "has_content": true
    },
    {
      "page": 190,
      "char_count": 1501,
      "has_content": true
    },
    {
      "page": 191,
      "char_count": 3020,
      "has_content": true
    },
    {
      "page": 192,
      "char_count": 2929,
      "has_content": true
    },
    {
      "page": 193,
      "char_count": 3116,
      "has_content": true
    },
    {
      "page": 194,
      "char_count": 2977,
      "has_content": true
    },
    {
      "page": 195,
      "char_count": 2248,
      "has_content": true
    },
    {
      "page": 196,
      "char_count": 273,
      "has_content": true
    },
    {
      "page": 197,
      "char_count": 3013,
      "has_content": true
    },
    {
      "page": 198,
      "char_count": 2367,
      "has_content": true
    },
    {
      "page": 199,
      "char_count": 1368,
      "has_content": true
    },
    {
      "page": 200,
      "char_count": 3038,
      "has_content": true
    },
    {
      "page": 201,
      "char_count": 3066,
      "has_content": true
    },
    {
      "page": 202,
      "char_count": 885,
      "has_content": true
    },
    {
      "page": 203,
      "char_count": 1337,
      "has_content": true
    },
    {
      "page": 204,
      "char_count": 733,
      "has_content": true
    },
    {
      "page": 205,
      "char_count": 1591,
      "has_content": true
    },
    {
      "page": 206,
      "char_count": 3050,
      "has_content": true
    },
    {
      "page": 207,
      "char_count": 2975,
      "has_content": true
    },
    {
      "page": 208,
      "char_count": 3110,
      "has_content": true
    },
    {
      "page": 209,
      "char_count": 3075,
      "has_content": true
    },
    {
      "page": 210,
      "char_count": 2989,
      "has_content": true
    },
    {
      "page": 211,
      "char_count": 2639,
      "has_content": true
    },
    {
      "page": 212,
      "char_count": 1481,
      "has_content": true
    },
    {
      "page": 213,
      "char_count": 2897,
      "has_content": true
    },
    {
      "page": 214,
      "char_count": 2796,
      "has_content": true
    },
    {
      "page": 215,
      "char_count": 1291,
      "has_content": true
    },
    {
      "page": 216,
      "char_count": 1936,
      "has_content": true
    },
    {
      "page": 217,
      "char_count": 421,
      "has_content": true
    },
    {
      "page": 218,
      "char_count": 2232,
      "has_content": true
    },
    {
      "page": 219,
      "char_count": 2673,
      "has_content": true
    },
    {
      "page": 220,
      "char_count": 1129,
      "has_content": true
    },
    {
      "page": 221,
      "char_count": 585,
      "has_content": true
    },
    {
      "page": 222,
      "char_count": 189,
      "has_content": true
    },
    {
      "page": 223,
      "char_count": 338,
      "has_content": true
    },
    {
      "page": 224,
      "char_count": 2458,
      "has_content": true
    },
    {
      "page": 225,
      "char_count": 2567,
      "has_content": true
    },
    {
      "page": 226,
      "char_count": 1100,
      "has_content": true
    },
    {
      "page": 227,
      "char_count": 1476,
      "has_content": true
    },
    {
      "page": 228,
      "char_count": 2290,
      "has_content": true
    },
    {
      "page": 229,
      "char_count": 792,
      "has_content": true
    },
    {
      "page": 230,
      "char_count": 3191,
      "has_content": true
    },
    {
      "page": 231,
      "char_count": 2972,
      "has_content": true
    },
    {
      "page": 232,
      "char_count": 1244,
      "has_content": true
    },
    {
      "page": 233,
      "char_count": 1177,
      "has_content": true
    },
    {
      "page": 234,
      "char_count": 2921,
      "has_content": true
    },
    {
      "page": 235,
      "char_count": 1336,
      "has_content": true
    },
    {
      "page": 236,
      "char_count": 630,
      "has_content": true
    },
    {
      "page": 237,
      "char_count": 2529,
      "has_content": true
    },
    {
      "page": 238,
      "char_count": 3082,
      "has_content": true
    },
    {
      "page": 239,
      "char_count": 3169,
      "has_content": true
    },
    {
      "page": 240,
      "char_count": 1649,
      "has_content": true
    }
  ]
}